0 verbose cli /usr/local/nvm/versions/node/v24.19.0/bin/node /usr/local/nvm/versions/node/v24.19.0/bin/npm
1 info using npm@12.0.2
2 info using node@v24.19.0
3 silly config load:file:/usr/local/nvm/versions/node/v24.19.0/lib/node_modules/npm/npmrc
4 silly config load:file:/home/hikarukurosei/.npmrc
5 silly config load:file:/usr/local/nvm/versions/node/v24.19.0/etc/npmrc
6 verbose title npm install firebase-tools
7 verbose argv "install" "--global" "firebase-tools"
8 verbose logfile logs-max:10 dir:/home/hikarukurosei/.npm/_logs/2026-09-03T02_58_30_213Z-
9 verbose logfile /home/hikarukurosei/.npm/_logs/2026-09-03T02_58_30_213Z-debug-0.log
10 silly packumentCache heap:2348810240 maxSize:587202560 maxEntrySize:293601280
11 silly logfile done cleaning log files
12 silly idealTree buildDeps
13 silly fetch manifest firebase-tools@*
14 silly packumentCache full:https://registry.npmjs.org/firebase-tools cache-miss
15 http fetch GET 200 https://registry.npmjs.org/npm 133ms
16 http fetch GET 200 https://registry.npmjs.org/firebase-tools 178ms (cache miss)
17 silly packumentCache full:https://registry.npmjs.org/firebase-tools set size:undefined disposed:false
18 silly placeDep ROOT firebase-tools@15.29.0 OK for:  want: *
19 silly fetch manifest pg@^8.11.3
20 silly packumentCache full:https://registry.npmjs.org/pg cache-miss
21 http fetch GET 200 https://registry.npmjs.org/pg 45ms (cache miss)
22 silly packumentCache full:https://registry.npmjs.org/pg set size:undefined disposed:false
23 silly fetch manifest ws@^8.21.1
24 silly packumentCache full:https://registry.npmjs.org/ws cache-miss
25 http fetch GET 200 https://registry.npmjs.org/ws 65ms (cache miss)
26 silly packumentCache full:https://registry.npmjs.org/ws set size:undefined disposed:false
27 silly fetch manifest ajv@^8.17.1
28 silly packumentCache full:https://registry.npmjs.org/ajv cache-miss
29 http fetch GET 200 https://registry.npmjs.org/ajv 59ms (cache miss)
30 silly packumentCache full:https://registry.npmjs.org/ajv set size:undefined disposed:false
31 silly fetch manifest ora@^5.4.1
32 silly packumentCache full:https://registry.npmjs.org/ora cache-miss
33 http fetch GET 200 https://registry.npmjs.org/ora 56ms (cache miss)
34 silly packumentCache full:https://registry.npmjs.org/ora set size:undefined disposed:false
35 silly fetch manifest tar@^7.5.11
36 silly packumentCache full:https://registry.npmjs.org/tar cache-miss
37 http fetch GET 200 https://registry.npmjs.org/tar 47ms (cache miss)
38 silly packumentCache full:https://registry.npmjs.org/tar set size:undefined disposed:false
39 silly fetch manifest tmp@^0.2.3
40 silly packumentCache full:https://registry.npmjs.org/tmp cache-miss
41 http fetch GET 200 https://registry.npmjs.org/tmp 40ms (cache miss)
42 silly packumentCache full:https://registry.npmjs.org/tmp set size:undefined disposed:false
43 silly fetch manifest zod@^4.0.0
44 silly packumentCache full:https://registry.npmjs.org/zod cache-miss
45 http fetch GET 200 https://registry.npmjs.org/zod 124ms (cache miss)
46 silly packumentCache full:https://registry.npmjs.org/zod set size:undefined disposed:false
47 silly fetch manifest cors@^2.8.5
48 silly packumentCache full:https://registry.npmjs.org/cors cache-miss
49 http fetch GET 200 https://registry.npmjs.org/cors 44ms (cache miss)
50 silly packumentCache full:https://registry.npmjs.org/cors set size:undefined disposed:false
51 silly fetch manifest glob@^10.5.0
52 silly packumentCache full:https://registry.npmjs.org/glob cache-miss
53 http fetch GET 200 https://registry.npmjs.org/glob 40ms (cache miss)
54 silly packumentCache full:https://registry.npmjs.org/glob set size:undefined disposed:false
55 silly fetch manifest mime@^2.5.2
56 silly packumentCache full:https://registry.npmjs.org/mime cache-miss
57 http fetch GET 200 https://registry.npmjs.org/mime 38ms (cache miss)
58 silly packumentCache full:https://registry.npmjs.org/mime set size:undefined disposed:false
59 silly fetch manifest open@^6.3.0
60 silly packumentCache full:https://registry.npmjs.org/open cache-miss
61 http fetch GET 200 https://registry.npmjs.org/open 25ms (cache miss)
62 silly packumentCache full:https://registry.npmjs.org/open set size:undefined disposed:false
63 silly fetch manifest yaml@^2.8.3
64 silly packumentCache full:https://registry.npmjs.org/yaml cache-miss
65 http fetch GET 200 https://registry.npmjs.org/yaml 46ms (cache miss)
66 silly packumentCache full:https://registry.npmjs.org/yaml set size:undefined disposed:false
67 silly fetch manifest cjson@^0.3.1
68 silly packumentCache full:https://registry.npmjs.org/cjson cache-miss
69 http fetch GET 200 https://registry.npmjs.org/cjson 25ms (cache miss)
70 silly packumentCache full:https://registry.npmjs.org/cjson set size:undefined disposed:false
71 silly fetch manifest fuzzy@^0.1.3
72 silly packumentCache full:https://registry.npmjs.org/fuzzy cache-miss
73 http fetch GET 200 https://registry.npmjs.org/fuzzy 34ms (cache miss)
74 silly packumentCache full:https://registry.npmjs.org/fuzzy set size:undefined disposed:false
75 silly fetch manifest lsofi@^2.0.0
76 silly packumentCache full:https://registry.npmjs.org/lsofi cache-miss
77 http fetch GET 200 https://registry.npmjs.org/lsofi 28ms (cache miss)
78 silly packumentCache full:https://registry.npmjs.org/lsofi set size:undefined disposed:false
79 silly fetch manifest retry@^0.13.1
80 silly packumentCache full:https://registry.npmjs.org/retry cache-miss
81 http fetch GET 200 https://registry.npmjs.org/retry 35ms (cache miss)
82 silly packumentCache full:https://registry.npmjs.org/retry set size:undefined disposed:false
83 silly fetch manifest gaxios@^6.7.0
84 silly packumentCache full:https://registry.npmjs.org/gaxios cache-miss
85 http fetch GET 200 https://registry.npmjs.org/gaxios 36ms (cache miss)
86 silly packumentCache full:https://registry.npmjs.org/gaxios set size:undefined disposed:false
87 silly fetch manifest ignore@^7.0.4
88 silly packumentCache full:https://registry.npmjs.org/ignore cache-miss
89 http fetch GET 200 https://registry.npmjs.org/ignore 40ms (cache miss)
90 silly packumentCache full:https://registry.npmjs.org/ignore set size:undefined disposed:false
91 silly fetch manifest lodash@^4.18.0
92 silly packumentCache full:https://registry.npmjs.org/lodash cache-miss
93 http fetch GET 200 https://registry.npmjs.org/lodash 35ms (cache miss)
94 silly packumentCache full:https://registry.npmjs.org/lodash set size:undefined disposed:false
95 silly fetch manifest marked@^13.0.2
96 silly packumentCache full:https://registry.npmjs.org/marked cache-miss
97 http fetch GET 200 https://registry.npmjs.org/marked 59ms (cache miss)
98 silly packumentCache full:https://registry.npmjs.org/marked set size:undefined disposed:false
99 silly fetch manifest morgan@^1.10.0
100 silly packumentCache full:https://registry.npmjs.org/morgan cache-miss
101 http fetch GET 200 https://registry.npmjs.org/morgan 26ms (cache miss)
102 silly packumentCache full:https://registry.npmjs.org/morgan set size:undefined disposed:false
103 silly fetch manifest semver@^7.5.2
104 silly packumentCache full:https://registry.npmjs.org/semver cache-miss
105 http fetch GET 200 https://registry.npmjs.org/semver 43ms (cache miss)
106 silly packumentCache full:https://registry.npmjs.org/semver set size:undefined disposed:false
107 silly fetch manifest undici@^6.19.0
108 silly packumentCache full:https://registry.npmjs.org/undici cache-miss
109 http fetch GET 200 https://registry.npmjs.org/undici 65ms (cache miss)
110 silly packumentCache full:https://registry.npmjs.org/undici set size:undefined disposed:false
111 silly fetch manifest express@^4.16.4
112 silly packumentCache full:https://registry.npmjs.org/express cache-miss
113 http fetch GET 200 https://registry.npmjs.org/express 70ms (cache miss)
114 silly packumentCache full:https://registry.npmjs.org/express set size:undefined disposed:false
115 silly fetch manifest js-yaml@^4.2.0
116 silly packumentCache full:https://registry.npmjs.org/js-yaml cache-miss
117 http fetch GET 200 https://registry.npmjs.org/js-yaml 28ms (cache miss)
118 silly packumentCache full:https://registry.npmjs.org/js-yaml set size:undefined disposed:false
119 silly fetch manifest winston@^3.0.0
120 silly packumentCache full:https://registry.npmjs.org/winston cache-miss
121 http fetch GET 200 https://registry.npmjs.org/winston 46ms (cache miss)
122 silly packumentCache full:https://registry.npmjs.org/winston set size:undefined disposed:false
123 silly fetch manifest archiver@^7.0.0
124 silly packumentCache full:https://registry.npmjs.org/archiver cache-miss
125 http fetch GET 200 https://registry.npmjs.org/archiver 28ms (cache miss)
126 silly packumentCache full:https://registry.npmjs.org/archiver set size:undefined disposed:false
127 silly fetch manifest chokidar@^3.6.0
128 silly packumentCache full:https://registry.npmjs.org/chokidar cache-miss
129 http fetch GET 200 https://registry.npmjs.org/chokidar 37ms (cache miss)
130 silly packumentCache full:https://registry.npmjs.org/chokidar set size:undefined disposed:false
131 silly fetch manifest exegesis@^4.2.0
132 silly packumentCache full:https://registry.npmjs.org/exegesis cache-miss
133 http fetch GET 200 https://registry.npmjs.org/exegesis 31ms (cache miss)
134 silly packumentCache full:https://registry.npmjs.org/exegesis set size:undefined disposed:false
135 silly fetch manifest fs-extra@^10.1.0
136 silly packumentCache full:https://registry.npmjs.org/fs-extra cache-miss
137 http fetch GET 200 https://registry.npmjs.org/fs-extra 41ms (cache miss)
138 silly packumentCache full:https://registry.npmjs.org/fs-extra set size:undefined disposed:false
139 silly fetch manifest pglite-2@npm:@electric-sql/pglite@0.2.17
140 silly packumentCache full:https://registry.npmjs.org/@electric-sql%2fpglite cache-miss
141 http fetch GET 200 https://registry.npmjs.org/@electric-sql%2fpglite 45ms (cache miss)
142 silly packumentCache full:https://registry.npmjs.org/@electric-sql%2fpglite set size:undefined disposed:false
143 silly fetch manifest progress@^2.0.3
144 silly packumentCache full:https://registry.npmjs.org/progress cache-miss
145 http fetch GET 200 https://registry.npmjs.org/progress 32ms (cache miss)
146 silly packumentCache full:https://registry.npmjs.org/progress set size:undefined disposed:false
147 silly fetch manifest colorette@^2.0.19
148 silly packumentCache full:https://registry.npmjs.org/colorette cache-miss
149 http fetch GET 200 https://registry.npmjs.org/colorette 29ms (cache miss)
150 silly packumentCache full:https://registry.npmjs.org/colorette set size:undefined disposed:false
151 silly fetch manifest commander@^5.1.0
152 silly packumentCache full:https://registry.npmjs.org/commander cache-miss
153 http fetch GET 200 https://registry.npmjs.org/commander 46ms (cache miss)
154 silly packumentCache full:https://registry.npmjs.org/commander set size:undefined disposed:false
155 silly fetch manifest cross-env@^7.0.3
156 silly packumentCache full:https://registry.npmjs.org/cross-env cache-miss
157 http fetch GET 200 https://registry.npmjs.org/cross-env 24ms (cache miss)
158 silly packumentCache full:https://registry.npmjs.org/cross-env set size:undefined disposed:false
159 silly fetch manifest csv-parse@^5.0.4
160 silly packumentCache full:https://registry.npmjs.org/csv-parse cache-miss
161 http fetch GET 200 https://registry.npmjs.org/csv-parse 56ms (cache miss)
162 silly packumentCache full:https://registry.npmjs.org/csv-parse set size:undefined disposed:false
163 silly fetch manifest form-data@^4.0.1
164 silly packumentCache full:https://registry.npmjs.org/form-data cache-miss
165 http fetch GET 200 https://registry.npmjs.org/form-data 28ms (cache miss)
166 silly packumentCache full:https://registry.npmjs.org/form-data set size:undefined disposed:false
167 silly fetch manifest minimatch@^3.0.4
168 silly packumentCache full:https://registry.npmjs.org/minimatch cache-miss
169 http fetch GET 200 https://registry.npmjs.org/minimatch 49ms (cache miss)
170 silly packumentCache full:https://registry.npmjs.org/minimatch set size:undefined disposed:false
171 silly fetch manifest async-lock@1.4.1
172 silly packumentCache full:https://registry.npmjs.org/async-lock cache-miss
173 http fetch GET 200 https://registry.npmjs.org/async-lock 25ms (cache miss)
174 silly packumentCache full:https://registry.npmjs.org/async-lock set size:undefined disposed:false
175 silly fetch manifest cli-table3@0.6.5
176 silly packumentCache full:https://registry.npmjs.org/cli-table3 cache-miss
177 http fetch GET 200 https://registry.npmjs.org/cli-table3 36ms (cache miss)
178 silly packumentCache full:https://registry.npmjs.org/cli-table3 set size:undefined disposed:false
179 silly fetch manifest node-fetch@^2.6.7
180 silly packumentCache full:https://registry.npmjs.org/node-fetch cache-miss
181 http fetch GET 200 https://registry.npmjs.org/node-fetch 49ms (cache miss)
182 silly packumentCache full:https://registry.npmjs.org/node-fetch set size:undefined disposed:false
183 silly fetch manifest pg-gateway@^0.3.0-beta.4
184 silly packumentCache full:https://registry.npmjs.org/pg-gateway cache-miss
185 http fetch GET 200 https://registry.npmjs.org/pg-gateway 33ms (cache miss)
186 silly packumentCache full:https://registry.npmjs.org/pg-gateway set size:undefined disposed:false
187 silly fetch manifest portfinder@^1.0.32
188 silly packumentCache full:https://registry.npmjs.org/portfinder cache-miss
189 http fetch GET 200 https://registry.npmjs.org/portfinder 29ms (cache miss)
190 silly packumentCache full:https://registry.npmjs.org/portfinder set size:undefined disposed:false
191 silly fetch manifest ajv-formats@3.0.1
192 silly packumentCache full:https://registry.npmjs.org/ajv-formats cache-miss
193 http fetch GET 200 https://registry.npmjs.org/ajv-formats 33ms (cache miss)
194 silly packumentCache full:https://registry.npmjs.org/ajv-formats set size:undefined disposed:false
195 silly fetch manifest body-parser@^1.19.0
196 silly packumentCache full:https://registry.npmjs.org/body-parser cache-miss
197 http fetch GET 200 https://registry.npmjs.org/body-parser 25ms (cache miss)
198 silly packumentCache full:https://registry.npmjs.org/body-parser set size:undefined disposed:false
199 silly fetch manifest configstore@^5.0.1
200 silly packumentCache full:https://registry.npmjs.org/configstore cache-miss
201 http fetch GET 200 https://registry.npmjs.org/configstore 37ms (cache miss)
202 silly packumentCache full:https://registry.npmjs.org/configstore set size:undefined disposed:false
203 silly fetch manifest cross-spawn@^7.0.5
204 silly packumentCache full:https://registry.npmjs.org/cross-spawn cache-miss
205 http fetch GET 200 https://registry.npmjs.org/cross-spawn 23ms (cache miss)
206 silly packumentCache full:https://registry.npmjs.org/cross-spawn set size:undefined disposed:false
207 silly fetch manifest proxy-agent@^6.3.0
208 silly packumentCache full:https://registry.npmjs.org/proxy-agent cache-miss
209 http fetch GET 200 https://registry.npmjs.org/proxy-agent 30ms (cache miss)
210 silly packumentCache full:https://registry.npmjs.org/proxy-agent set size:undefined disposed:false
211 silly fetch manifest stream-json@^1.7.3
212 silly packumentCache full:https://registry.npmjs.org/stream-json cache-miss
213 http fetch GET 200 https://registry.npmjs.org/stream-json 35ms (cache miss)
214 silly packumentCache full:https://registry.npmjs.org/stream-json set size:undefined disposed:false
215 silly fetch manifest superstatic@^10.0.0
216 silly packumentCache full:https://registry.npmjs.org/superstatic cache-miss
217 http fetch GET 200 https://registry.npmjs.org/superstatic 47ms (cache miss)
218 silly packumentCache full:https://registry.npmjs.org/superstatic set size:undefined disposed:false
219 silly fetch manifest triple-beam@^1.3.0
220 silly packumentCache full:https://registry.npmjs.org/triple-beam cache-miss
221 http fetch GET 200 https://registry.npmjs.org/triple-beam 23ms (cache miss)
222 silly packumentCache full:https://registry.npmjs.org/triple-beam set size:undefined disposed:false
223 silly fetch manifest jsonwebtoken@^9.0.2
224 silly packumentCache full:https://registry.npmjs.org/jsonwebtoken cache-miss
225 http fetch GET 200 https://registry.npmjs.org/jsonwebtoken 37ms (cache miss)
226 silly packumentCache full:https://registry.npmjs.org/jsonwebtoken set size:undefined disposed:false
227 silly fetch manifest stream-chain@^2.2.4
228 silly packumentCache full:https://registry.npmjs.org/stream-chain cache-miss
229 http fetch GET 200 https://registry.npmjs.org/stream-chain 220ms (cache miss)
230 silly packumentCache full:https://registry.npmjs.org/stream-chain set size:undefined disposed:false
231 silly fetch manifest sql-formatter@^15.3.0
232 silly packumentCache full:https://registry.npmjs.org/sql-formatter cache-miss
233 http fetch GET 200 https://registry.npmjs.org/sql-formatter 239ms (cache miss)
234 silly packumentCache full:https://registry.npmjs.org/sql-formatter set size:undefined disposed:false
235 silly fetch manifest tcp-port-used@^1.0.2
236 silly packumentCache full:https://registry.npmjs.org/tcp-port-used cache-miss
237 http fetch GET 200 https://registry.npmjs.org/tcp-port-used 23ms (cache miss)
238 silly packumentCache full:https://registry.npmjs.org/tcp-port-used set size:undefined disposed:false
239 silly fetch manifest marked-terminal@^7.0.0
240 silly packumentCache full:https://registry.npmjs.org/marked-terminal cache-miss
241 http fetch GET 200 https://registry.npmjs.org/marked-terminal 31ms (cache miss)
242 silly packumentCache full:https://registry.npmjs.org/marked-terminal set size:undefined disposed:false
243 silly fetch manifest abort-controller@^3.0.0
244 silly packumentCache full:https://registry.npmjs.org/abort-controller cache-miss
245 http fetch GET 200 https://registry.npmjs.org/abort-controller 27ms (cache miss)
246 silly packumentCache full:https://registry.npmjs.org/abort-controller set size:undefined disposed:false
247 silly fetch manifest exegesis-express@^4.0.0
248 silly packumentCache full:https://registry.npmjs.org/exegesis-express cache-miss
249 http fetch GET 200 https://registry.npmjs.org/exegesis-express 25ms (cache miss)
250 silly packumentCache full:https://registry.npmjs.org/exegesis-express set size:undefined disposed:false
251 silly fetch manifest @inquirer/prompts@^7.10.1
252 silly packumentCache full:https://registry.npmjs.org/@inquirer%2fprompts cache-miss
253 http fetch GET 200 https://registry.npmjs.org/@inquirer%2fprompts 47ms (cache miss)
254 silly packumentCache full:https://registry.npmjs.org/@inquirer%2fprompts set size:undefined disposed:false
255 silly fetch manifest winston-transport@^4.4.0
256 silly packumentCache full:https://registry.npmjs.org/winston-transport cache-miss
257 http fetch GET 200 https://registry.npmjs.org/winston-transport 31ms (cache miss)
258 silly packumentCache full:https://registry.npmjs.org/winston-transport set size:undefined disposed:false
259 silly fetch manifest @apphosting/common@^0.0.8
260 silly packumentCache full:https://registry.npmjs.org/@apphosting%2fcommon cache-miss
261 http fetch GET 200 https://registry.npmjs.org/@apphosting%2fcommon 44ms (cache miss)
262 silly packumentCache full:https://registry.npmjs.org/@apphosting%2fcommon set size:undefined disposed:false
263 silly fetch manifest libsodium-wrappers@^0.7.10
264 silly packumentCache full:https://registry.npmjs.org/libsodium-wrappers cache-miss
265 http fetch GET 200 https://registry.npmjs.org/libsodium-wrappers 31ms (cache miss)
266 silly packumentCache full:https://registry.npmjs.org/libsodium-wrappers set size:undefined disposed:false
267 silly fetch manifest google-auth-library@^9.11.0
268 silly packumentCache full:https://registry.npmjs.org/google-auth-library cache-miss
269 http fetch GET 200 https://registry.npmjs.org/google-auth-library 44ms (cache miss)
270 silly packumentCache full:https://registry.npmjs.org/google-auth-library set size:undefined disposed:false
271 silly fetch manifest universal-analytics@^0.5.3
272 silly packumentCache full:https://registry.npmjs.org/universal-analytics cache-miss
273 http fetch GET 200 https://registry.npmjs.org/universal-analytics 31ms (cache miss)
274 silly packumentCache full:https://registry.npmjs.org/universal-analytics set size:undefined disposed:false
275 silly fetch manifest update-notifier-cjs@^5.1.6
276 silly packumentCache full:https://registry.npmjs.org/update-notifier-cjs cache-miss
277 http fetch GET 200 https://registry.npmjs.org/update-notifier-cjs 22ms (cache miss)
278 silly packumentCache full:https://registry.npmjs.org/update-notifier-cjs set size:undefined disposed:false
279 silly fetch manifest @electric-sql/pglite@^0.3.3
280 silly packumentCache full:https://registry.npmjs.org/@electric-sql%2fpglite cache-miss
281 http cache https://registry.npmjs.org/@electric-sql%2fpglite 9ms (cache hit)
282 silly packumentCache full:https://registry.npmjs.org/@electric-sql%2fpglite set size:367325 disposed:false
283 silly fetch manifest @google-cloud/pubsub@^5.2.0
284 silly packumentCache full:https://registry.npmjs.org/@google-cloud%2fpubsub cache-miss
285 http fetch GET 200 https://registry.npmjs.org/@google-cloud%2fpubsub 255ms (cache miss)
286 silly packumentCache full:https://registry.npmjs.org/@google-cloud%2fpubsub set size:undefined disposed:false
287 silly fetch manifest @modelcontextprotocol/sdk@^1.24.0
288 silly packumentCache full:https://registry.npmjs.org/@modelcontextprotocol%2fsdk cache-miss
289 http fetch GET 200 https://registry.npmjs.org/@modelcontextprotocol%2fsdk 52ms (cache miss)
290 silly packumentCache full:https://registry.npmjs.org/@modelcontextprotocol%2fsdk set size:undefined disposed:false
291 silly fetch manifest @electric-sql/pglite-tools@^0.2.8
292 silly packumentCache full:https://registry.npmjs.org/@electric-sql%2fpglite-tools cache-miss
293 http fetch GET 200 https://registry.npmjs.org/@electric-sql%2fpglite-tools 46ms (cache miss)
294 silly packumentCache full:https://registry.npmjs.org/@electric-sql%2fpglite-tools set size:undefined disposed:false
295 silly fetch manifest @google-cloud/cloud-sql-connector@^1.3.3
296 silly packumentCache full:https://registry.npmjs.org/@google-cloud%2fcloud-sql-connector cache-miss
297 http fetch GET 200 https://registry.npmjs.org/@google-cloud%2fcloud-sql-connector 413ms (cache miss)
298 silly packumentCache full:https://registry.npmjs.org/@google-cloud%2fcloud-sql-connector set size:undefined disposed:false
299 silly fetch manifest pg-native@>=3.0.1
300 silly packumentCache full:https://registry.npmjs.org/pg-native cache-miss
301 http fetch GET 200 https://registry.npmjs.org/pg-native 42ms (cache miss)
302 silly packumentCache full:https://registry.npmjs.org/pg-native set size:undefined disposed:false
303 silly fetch manifest bufferutil@^4.0.1
304 silly packumentCache full:https://registry.npmjs.org/bufferutil cache-miss
305 http fetch GET 200 https://registry.npmjs.org/bufferutil 21ms (cache miss)
306 silly packumentCache full:https://registry.npmjs.org/bufferutil set size:undefined disposed:false
307 silly fetch manifest utf-8-validate@>=5.0.2
308 silly packumentCache full:https://registry.npmjs.org/utf-8-validate cache-miss
309 http fetch GET 200 https://registry.npmjs.org/utf-8-validate 44ms (cache miss)
310 silly packumentCache full:https://registry.npmjs.org/utf-8-validate set size:undefined disposed:false
311 silly fetch manifest encoding@^0.1.0
312 silly packumentCache full:https://registry.npmjs.org/encoding cache-miss
313 http fetch GET 200 https://registry.npmjs.org/encoding 22ms (cache miss)
314 silly packumentCache full:https://registry.npmjs.org/encoding set size:undefined disposed:false
315 silly fetch manifest @types/node@>=18
316 silly packumentCache full:https://registry.npmjs.org/@types%2fnode cache-miss
317 http fetch GET 200 https://registry.npmjs.org/@types%2fnode 283ms (cache miss)
318 silly packumentCache full:https://registry.npmjs.org/@types%2fnode set size:undefined disposed:false
319 silly fetch manifest @cfworker/json-schema@^4.1.1
320 silly packumentCache full:https://registry.npmjs.org/@cfworker%2fjson-schema cache-miss
321 http fetch GET 200 https://registry.npmjs.org/@cfworker%2fjson-schema 38ms (cache miss)
322 silly packumentCache full:https://registry.npmjs.org/@cfworker%2fjson-schema set size:undefined disposed:false
323 silly placeDep node_modules/firebase-tools @apphosting/common@0.0.8 OK for: firebase-tools@15.29.0 want: ^0.0.8
324 silly placeDep node_modules/firebase-tools @electric-sql/pglite@0.3.16 OK for: firebase-tools@15.29.0 want: ^0.3.3
325 silly placeDep node_modules/firebase-tools @electric-sql/pglite-tools@0.2.21 OK for: firebase-tools@15.29.0 want: ^0.2.8
326 silly placeDep node_modules/firebase-tools @google-cloud/cloud-sql-connector@1.12.0 OK for: firebase-tools@15.29.0 want: ^1.3.3
327 silly placeDep node_modules/firebase-tools @google-cloud/pubsub@5.3.1 OK for: firebase-tools@15.29.0 want: ^5.2.0
328 silly placeDep node_modules/firebase-tools @inquirer/prompts@7.10.1 OK for: firebase-tools@15.29.0 want: ^7.10.1
329 silly placeDep node_modules/firebase-tools @modelcontextprotocol/sdk@1.30.0 OK for: firebase-tools@15.29.0 want: ^1.24.0
330 silly placeDep node_modules/firebase-tools abort-controller@3.0.0 OK for: firebase-tools@15.29.0 want: ^3.0.0
331 silly placeDep node_modules/firebase-tools ajv@8.20.0 OK for: firebase-tools@15.29.0 want: ^8.17.1
332 silly placeDep node_modules/firebase-tools ajv-formats@3.0.1 OK for: firebase-tools@15.29.0 want: 3.0.1
333 silly placeDep node_modules/firebase-tools archiver@7.0.1 OK for: firebase-tools@15.29.0 want: ^7.0.0
334 silly placeDep node_modules/firebase-tools async-lock@1.4.1 OK for: firebase-tools@15.29.0 want: 1.4.1
335 silly placeDep node_modules/firebase-tools body-parser@1.20.6 OK for: firebase-tools@15.29.0 want: ^1.19.0
336 silly placeDep node_modules/firebase-tools chokidar@3.6.0 OK for: firebase-tools@15.29.0 want: ^3.6.0
337 silly placeDep node_modules/firebase-tools cjson@0.3.3 OK for: firebase-tools@15.29.0 want: ^0.3.1
338 silly placeDep node_modules/firebase-tools cli-table3@0.6.5 OK for: firebase-tools@15.29.0 want: 0.6.5
339 silly placeDep node_modules/firebase-tools colorette@2.0.20 OK for: firebase-tools@15.29.0 want: ^2.0.19
340 silly placeDep node_modules/firebase-tools commander@5.1.0 OK for: firebase-tools@15.29.0 want: ^5.1.0
341 silly placeDep node_modules/firebase-tools configstore@5.0.1 OK for: firebase-tools@15.29.0 want: ^5.0.1
342 silly placeDep node_modules/firebase-tools cors@2.8.6 OK for: firebase-tools@15.29.0 want: ^2.8.5
343 silly placeDep node_modules/firebase-tools cross-env@7.0.3 OK for: firebase-tools@15.29.0 want: ^7.0.3
344 silly placeDep node_modules/firebase-tools cross-spawn@7.0.6 OK for: firebase-tools@15.29.0 want: ^7.0.5
345 silly placeDep node_modules/firebase-tools csv-parse@5.6.0 OK for: firebase-tools@15.29.0 want: ^5.0.4
346 silly placeDep node_modules/firebase-tools exegesis@4.3.0 OK for: firebase-tools@15.29.0 want: ^4.2.0
347 silly placeDep node_modules/firebase-tools exegesis-express@4.0.0 OK for: firebase-tools@15.29.0 want: ^4.0.0
348 silly placeDep node_modules/firebase-tools express@4.22.2 OK for: firebase-tools@15.29.0 want: ^4.16.4
349 silly placeDep node_modules/firebase-tools form-data@4.0.6 OK for: firebase-tools@15.29.0 want: ^4.0.1
350 silly placeDep node_modules/firebase-tools fs-extra@10.1.0 OK for: firebase-tools@15.29.0 want: ^10.1.0
351 silly placeDep node_modules/firebase-tools fuzzy@0.1.3 OK for: firebase-tools@15.29.0 want: ^0.1.3
352 silly placeDep node_modules/firebase-tools gaxios@6.7.1 OK for: firebase-tools@15.29.0 want: ^6.7.0
353 silly placeDep node_modules/firebase-tools glob@10.5.0 OK for: firebase-tools@15.29.0 want: ^10.5.0
354 silly placeDep node_modules/firebase-tools google-auth-library@9.15.1 OK for: firebase-tools@15.29.0 want: ^9.11.0
355 silly placeDep node_modules/firebase-tools ignore@7.0.8 OK for: firebase-tools@15.29.0 want: ^7.0.4
356 silly placeDep node_modules/firebase-tools js-yaml@4.3.2 OK for: firebase-tools@15.29.0 want: ^4.2.0
357 silly placeDep node_modules/firebase-tools jsonwebtoken@9.0.3 OK for: firebase-tools@15.29.0 want: ^9.0.2
358 silly placeDep node_modules/firebase-tools libsodium-wrappers@0.7.16 OK for: firebase-tools@15.29.0 want: ^0.7.10
359 silly placeDep node_modules/firebase-tools lodash@4.18.1 OK for: firebase-tools@15.29.0 want: ^4.18.0
360 silly placeDep node_modules/firebase-tools lsofi@2.0.0 OK for: firebase-tools@15.29.0 want: ^2.0.0
361 silly placeDep node_modules/firebase-tools marked@13.0.3 OK for: firebase-tools@15.29.0 want: ^13.0.2
362 silly placeDep node_modules/firebase-tools marked-terminal@7.3.0 OK for: firebase-tools@15.29.0 want: ^7.0.0
363 silly placeDep node_modules/firebase-tools mime@2.6.0 OK for: firebase-tools@15.29.0 want: ^2.5.2
364 silly placeDep node_modules/firebase-tools minimatch@3.1.5 OK for: firebase-tools@15.29.0 want: ^3.0.4
365 silly placeDep node_modules/firebase-tools morgan@1.12.0 OK for: firebase-tools@15.29.0 want: ^1.10.0
366 silly placeDep node_modules/firebase-tools node-fetch@2.7.0 OK for: firebase-tools@15.29.0 want: ^2.6.7
367 silly placeDep node_modules/firebase-tools open@6.4.0 OK for: firebase-tools@15.29.0 want: ^6.3.0
368 silly placeDep node_modules/firebase-tools ora@5.4.1 OK for: firebase-tools@15.29.0 want: ^5.4.1
369 silly placeDep node_modules/firebase-tools pg@8.23.0 OK for: firebase-tools@15.29.0 want: ^8.11.3
370 silly placeDep node_modules/firebase-tools pg-gateway@0.3.0-beta.4 OK for: firebase-tools@15.29.0 want: ^0.3.0-beta.4
371 silly placeDep node_modules/firebase-tools pglite-2@0.2.17 OK for: firebase-tools@15.29.0 want: npm:@electric-sql/pglite@0.2.17
372 silly placeDep node_modules/firebase-tools portfinder@1.0.38 OK for: firebase-tools@15.29.0 want: ^1.0.32
373 silly placeDep node_modules/firebase-tools progress@2.0.3 OK for: firebase-tools@15.29.0 want: ^2.0.3
374 silly placeDep node_modules/firebase-tools proxy-agent@6.5.0 OK for: firebase-tools@15.29.0 want: ^6.3.0
375 silly placeDep node_modules/firebase-tools retry@0.13.1 OK for: firebase-tools@15.29.0 want: ^0.13.1
376 silly placeDep node_modules/firebase-tools semver@7.8.5 OK for: firebase-tools@15.29.0 want: ^7.5.2
377 silly placeDep node_modules/firebase-tools sql-formatter@15.8.2 OK for: firebase-tools@15.29.0 want: ^15.3.0
378 silly placeDep node_modules/firebase-tools stream-chain@2.2.5 OK for: firebase-tools@15.29.0 want: ^2.2.4
379 silly placeDep node_modules/firebase-tools stream-json@1.9.1 OK for: firebase-tools@15.29.0 want: ^1.7.3
380 silly placeDep node_modules/firebase-tools superstatic@10.0.0 OK for: firebase-tools@15.29.0 want: ^10.0.0
381 silly placeDep node_modules/firebase-tools tar@7.5.22 OK for: firebase-tools@15.29.0 want: ^7.5.11
382 silly placeDep node_modules/firebase-tools tcp-port-used@1.0.3 OK for: firebase-tools@15.29.0 want: ^1.0.2
383 silly placeDep node_modules/firebase-tools tmp@0.2.7 OK for: firebase-tools@15.29.0 want: ^0.2.3
384 silly placeDep node_modules/firebase-tools triple-beam@1.4.1 OK for: firebase-tools@15.29.0 want: ^1.3.0
385 silly placeDep node_modules/firebase-tools undici@6.28.0 OK for: firebase-tools@15.29.0 want: ^6.19.0
386 silly placeDep node_modules/firebase-tools universal-analytics@0.5.4 OK for: firebase-tools@15.29.0 want: ^0.5.3
387 silly placeDep node_modules/firebase-tools update-notifier-cjs@5.1.7 OK for: firebase-tools@15.29.0 want: ^5.1.6
388 silly placeDep node_modules/firebase-tools winston@3.19.0 OK for: firebase-tools@15.29.0 want: ^3.0.0
389 silly placeDep node_modules/firebase-tools winston-transport@4.9.0 OK for: firebase-tools@15.29.0 want: ^4.4.0
390 silly placeDep node_modules/firebase-tools ws@8.21.3 OK for: firebase-tools@15.29.0 want: ^8.21.1
391 silly placeDep node_modules/firebase-tools yaml@2.9.0 OK for: firebase-tools@15.29.0 want: ^2.8.3
392 silly placeDep node_modules/firebase-tools zod@4.5.4 OK for: firebase-tools@15.29.0 want: ^4.0.0
393 silly fetch manifest gaxios@^8.0.0
394 silly packumentCache full:https://registry.npmjs.org/gaxios cache-miss
395 http cache https://registry.npmjs.org/gaxios 6ms (cache hit)
396 silly packumentCache full:https://registry.npmjs.org/gaxios set size:367168 disposed:false
397 silly fetch manifest p-throttle@^8.1.0
398 silly packumentCache full:https://registry.npmjs.org/p-throttle cache-miss
399 http fetch GET 200 https://registry.npmjs.org/p-throttle 35ms (cache miss)
400 silly packumentCache full:https://registry.npmjs.org/p-throttle set size:undefined disposed:false
401 silly fetch manifest @grpc/grpc-js@^1.14.4
402 silly packumentCache full:https://registry.npmjs.org/@grpc%2fgrpc-js cache-miss
403 http fetch GET 200 https://registry.npmjs.org/@grpc%2fgrpc-js 64ms (cache miss)
404 silly packumentCache full:https://registry.npmjs.org/@grpc%2fgrpc-js set size:undefined disposed:false
405 silly fetch manifest @google-cloud/sql@^0.25.0
406 silly packumentCache full:https://registry.npmjs.org/@google-cloud%2fsql cache-miss
407 http fetch GET 200 https://registry.npmjs.org/@google-cloud%2fsql 208ms (cache miss)
408 silly packumentCache full:https://registry.npmjs.org/@google-cloud%2fsql set size:undefined disposed:false
409 silly fetch manifest google-auth-library@^11.0.2
410 silly packumentCache full:https://registry.npmjs.org/google-auth-library cache-miss
411 http cache https://registry.npmjs.org/google-auth-library 5ms (cache hit)
412 silly packumentCache full:https://registry.npmjs.org/google-auth-library set size:745018 disposed:false
413 silly fetch manifest @googleapis/sqladmin@^38.0.0
414 silly packumentCache full:https://registry.npmjs.org/@googleapis%2fsqladmin cache-miss
415 http fetch GET 200 https://registry.npmjs.org/@googleapis%2fsqladmin 45ms (cache miss)
416 silly packumentCache full:https://registry.npmjs.org/@googleapis%2fsqladmin set size:undefined disposed:false
417 silly fetch manifest long@^5.3.1
418 silly packumentCache full:https://registry.npmjs.org/long cache-miss
419 http fetch GET 200 https://registry.npmjs.org/long 40ms (cache miss)
420 silly packumentCache full:https://registry.npmjs.org/long set size:undefined disposed:false
421 silly fetch manifest arrify@^2.0.0
422 silly packumentCache full:https://registry.npmjs.org/arrify cache-miss
423 http fetch GET 200 https://registry.npmjs.org/arrify 22ms (cache miss)
424 silly packumentCache full:https://registry.npmjs.org/arrify set size:undefined disposed:false
425 silly fetch manifest extend@^3.0.2
426 silly packumentCache full:https://registry.npmjs.org/extend cache-miss
427 http fetch GET 200 https://registry.npmjs.org/extend 34ms (cache miss)
428 silly packumentCache full:https://registry.npmjs.org/extend set size:undefined disposed:false
429 silly fetch manifest heap-js@^2.6.0
430 silly packumentCache full:https://registry.npmjs.org/heap-js cache-miss
431 http fetch GET 200 https://registry.npmjs.org/heap-js 219ms (cache miss)
432 silly packumentCache full:https://registry.npmjs.org/heap-js set size:undefined disposed:false
433 silly fetch manifest p-defer@^3.0.0
434 silly packumentCache full:https://registry.npmjs.org/p-defer cache-miss
435 http fetch GET 200 https://registry.npmjs.org/p-defer 29ms (cache miss)
436 silly packumentCache full:https://registry.npmjs.org/p-defer set size:undefined disposed:false
437 silly fetch manifest google-gax@^5.0.5
438 silly packumentCache full:https://registry.npmjs.org/google-gax cache-miss
439 http fetch GET 200 https://registry.npmjs.org/google-gax 78ms (cache miss)
440 silly packumentCache full:https://registry.npmjs.org/google-gax set size:undefined disposed:false
441 silly fetch manifest is-stream-ended@^0.1.4
442 silly packumentCache full:https://registry.npmjs.org/is-stream-ended cache-miss
443 http fetch GET 200 https://registry.npmjs.org/is-stream-ended 232ms (cache miss)
444 silly packumentCache full:https://registry.npmjs.org/is-stream-ended set size:undefined disposed:false
445 silly fetch manifest lodash.snakecase@^4.1.1
446 silly packumentCache full:https://registry.npmjs.org/lodash.snakecase cache-miss
447 http fetch GET 200 https://registry.npmjs.org/lodash.snakecase 24ms (cache miss)
448 silly packumentCache full:https://registry.npmjs.org/lodash.snakecase set size:undefined disposed:false
449 silly fetch manifest @opentelemetry/api@~1.9.0
450 silly packumentCache full:https://registry.npmjs.org/@opentelemetry%2fapi cache-miss
451 http fetch GET 200 https://registry.npmjs.org/@opentelemetry%2fapi 54ms (cache miss)
452 silly packumentCache full:https://registry.npmjs.org/@opentelemetry%2fapi set size:undefined disposed:false
453 silly fetch manifest @opentelemetry/core@^1.30.1
454 silly packumentCache full:https://registry.npmjs.org/@opentelemetry%2fcore cache-miss
455 http fetch GET 200 https://registry.npmjs.org/@opentelemetry%2fcore 53ms (cache miss)
456 silly packumentCache full:https://registry.npmjs.org/@opentelemetry%2fcore set size:undefined disposed:false
457 silly fetch manifest google-auth-library@^10.5.0
458 silly packumentCache full:https://registry.npmjs.org/google-auth-library cache-hit
459 silly fetch manifest google-logging-utils@^1.1.3
460 silly packumentCache full:https://registry.npmjs.org/google-logging-utils cache-miss
461 http fetch GET 200 https://registry.npmjs.org/google-logging-utils 29ms (cache miss)
462 silly packumentCache full:https://registry.npmjs.org/google-logging-utils set size:undefined disposed:false
463 silly fetch manifest @google-cloud/paginator@^6.0.0
464 silly packumentCache full:https://registry.npmjs.org/@google-cloud%2fpaginator cache-miss
465 http fetch GET 200 https://registry.npmjs.org/@google-cloud%2fpaginator 39ms (cache miss)
466 silly packumentCache full:https://registry.npmjs.org/@google-cloud%2fpaginator set size:undefined disposed:false
467 silly fetch manifest @google-cloud/promisify@^5.0.0
468 silly packumentCache full:https://registry.npmjs.org/@google-cloud%2fpromisify cache-miss
469 http fetch GET 200 https://registry.npmjs.org/@google-cloud%2fpromisify 49ms (cache miss)
470 silly packumentCache full:https://registry.npmjs.org/@google-cloud%2fpromisify set size:undefined disposed:false
471 silly fetch manifest @google-cloud/projectify@^5.0.0
472 silly packumentCache full:https://registry.npmjs.org/@google-cloud%2fprojectify cache-miss
473 http fetch GET 200 https://registry.npmjs.org/@google-cloud%2fprojectify 36ms (cache miss)
474 silly packumentCache full:https://registry.npmjs.org/@google-cloud%2fprojectify set size:undefined disposed:false
475 silly fetch manifest @google-cloud/precise-date@^5.0.0
476 silly packumentCache full:https://registry.npmjs.org/@google-cloud%2fprecise-date cache-miss
477 http fetch GET 200 https://registry.npmjs.org/@google-cloud%2fprecise-date 248ms (cache miss)
478 silly packumentCache full:https://registry.npmjs.org/@google-cloud%2fprecise-date set size:undefined disposed:false
479 silly fetch manifest @opentelemetry/semantic-conventions@~1.39.0
480 silly packumentCache full:https://registry.npmjs.org/@opentelemetry%2fsemantic-conventions cache-miss
481 http fetch GET 200 https://registry.npmjs.org/@opentelemetry%2fsemantic-conventions 163ms (cache miss)
482 silly packumentCache full:https://registry.npmjs.org/@opentelemetry%2fsemantic-conventions set size:undefined disposed:false
483 silly fetch manifest @inquirer/input@^4.3.1
484 silly packumentCache full:https://registry.npmjs.org/@inquirer%2finput cache-miss
485 http fetch GET 200 https://registry.npmjs.org/@inquirer%2finput 52ms (cache miss)
486 silly packumentCache full:https://registry.npmjs.org/@inquirer%2finput set size:undefined disposed:false
487 silly fetch manifest @inquirer/editor@^4.2.23
488 silly packumentCache full:https://registry.npmjs.org/@inquirer%2feditor cache-miss
489 http fetch GET 200 https://registry.npmjs.org/@inquirer%2feditor 44ms (cache miss)
490 silly packumentCache full:https://registry.npmjs.org/@inquirer%2feditor set size:undefined disposed:false
491 silly fetch manifest @inquirer/expand@^4.0.23
492 silly packumentCache full:https://registry.npmjs.org/@inquirer%2fexpand cache-miss
493 http fetch GET 200 https://registry.npmjs.org/@inquirer%2fexpand 56ms (cache miss)
494 silly packumentCache full:https://registry.npmjs.org/@inquirer%2fexpand set size:undefined disposed:false
495 silly fetch manifest @inquirer/number@^3.0.23
496 silly packumentCache full:https://registry.npmjs.org/@inquirer%2fnumber cache-miss
497 http fetch GET 200 https://registry.npmjs.org/@inquirer%2fnumber 35ms (cache miss)
498 silly packumentCache full:https://registry.npmjs.org/@inquirer%2fnumber set size:undefined disposed:false
499 silly fetch manifest @inquirer/search@^3.2.2
500 silly packumentCache full:https://registry.npmjs.org/@inquirer%2fsearch cache-miss
501 http fetch GET 200 https://registry.npmjs.org/@inquirer%2fsearch 50ms (cache miss)
502 silly packumentCache full:https://registry.npmjs.org/@inquirer%2fsearch set size:undefined disposed:false
503 silly fetch manifest @inquirer/select@^4.4.2
504 silly packumentCache full:https://registry.npmjs.org/@inquirer%2fselect cache-miss
505 http fetch GET 200 https://registry.npmjs.org/@inquirer%2fselect 40ms (cache miss)
506 silly packumentCache full:https://registry.npmjs.org/@inquirer%2fselect set size:undefined disposed:false
507 silly fetch manifest @inquirer/confirm@^5.1.21
508 silly packumentCache full:https://registry.npmjs.org/@inquirer%2fconfirm cache-miss
509 http fetch GET 200 https://registry.npmjs.org/@inquirer%2fconfirm 55ms (cache miss)
510 silly packumentCache full:https://registry.npmjs.org/@inquirer%2fconfirm set size:undefined disposed:false
511 silly fetch manifest @inquirer/rawlist@^4.1.11
512 silly packumentCache full:https://registry.npmjs.org/@inquirer%2frawlist cache-miss
513 http fetch GET 200 https://registry.npmjs.org/@inquirer%2frawlist 44ms (cache miss)
514 silly packumentCache full:https://registry.npmjs.org/@inquirer%2frawlist set size:undefined disposed:false
515 silly fetch manifest @inquirer/checkbox@^4.3.2
516 silly packumentCache full:https://registry.npmjs.org/@inquirer%2fcheckbox cache-miss
517 http fetch GET 200 https://registry.npmjs.org/@inquirer%2fcheckbox 56ms (cache miss)
518 silly packumentCache full:https://registry.npmjs.org/@inquirer%2fcheckbox set size:undefined disposed:false
519 silly fetch manifest @inquirer/password@^4.0.23
520 silly packumentCache full:https://registry.npmjs.org/@inquirer%2fpassword cache-miss
521 http fetch GET 200 https://registry.npmjs.org/@inquirer%2fpassword 43ms (cache miss)
522 silly packumentCache full:https://registry.npmjs.org/@inquirer%2fpassword set size:undefined disposed:false
523 silly fetch manifest zod@^3.25 || ^4.0
524 silly packumentCache full:https://registry.npmjs.org/zod cache-miss
525 http cache https://registry.npmjs.org/zod 15ms (cache hit)
526 silly packumentCache full:https://registry.npmjs.org/zod set size:4147901 disposed:false
527 silly fetch manifest hono@^4.11.4
528 silly packumentCache full:https://registry.npmjs.org/hono cache-miss
529 http fetch GET 200 https://registry.npmjs.org/hono 170ms (cache miss)
530 silly packumentCache full:https://registry.npmjs.org/hono set size:undefined disposed:false
531 silly fetch manifest jose@^6.1.3
532 silly packumentCache full:https://registry.npmjs.org/jose cache-miss
533 http fetch GET 200 https://registry.npmjs.org/jose 56ms (cache miss)
534 silly packumentCache full:https://registry.npmjs.org/jose set size:undefined disposed:false
535 silly fetch manifest express@^5.2.1
536 silly packumentCache full:https://registry.npmjs.org/express cache-miss
537 http cache https://registry.npmjs.org/express 6ms (cache hit)
538 silly packumentCache full:https://registry.npmjs.org/express set size:804975 disposed:false
539 silly fetch manifest raw-body@^3.0.0
540 silly packumentCache full:https://registry.npmjs.org/raw-body cache-miss
541 http fetch GET 200 https://registry.npmjs.org/raw-body 34ms (cache miss)
542 silly packumentCache full:https://registry.npmjs.org/raw-body set size:undefined disposed:false
543 silly fetch manifest ajv-formats@^3.0.1
544 silly packumentCache full:https://registry.npmjs.org/ajv-formats cache-miss
545 http cache https://registry.npmjs.org/ajv-formats 3ms (cache hit)
546 silly packumentCache full:https://registry.npmjs.org/ajv-formats set size:141264 disposed:false
547 silly fetch manifest eventsource@^3.0.2
548 silly packumentCache full:https://registry.npmjs.org/eventsource cache-miss
549 http fetch GET 200 https://registry.npmjs.org/eventsource 27ms (cache miss)
550 silly packumentCache full:https://registry.npmjs.org/eventsource set size:undefined disposed:false
551 silly fetch manifest content-type@^1.0.5
552 silly packumentCache full:https://registry.npmjs.org/content-type cache-miss
553 http fetch GET 200 https://registry.npmjs.org/content-type 31ms (cache miss)
554 silly packumentCache full:https://registry.npmjs.org/content-type set size:undefined disposed:false
555 silly fetch manifest pkce-challenge@^5.0.0
556 silly packumentCache full:https://registry.npmjs.org/pkce-challenge cache-miss
557 http fetch GET 200 https://registry.npmjs.org/pkce-challenge 25ms (cache miss)
558 silly packumentCache full:https://registry.npmjs.org/pkce-challenge set size:undefined disposed:false
559 silly fetch manifest @hono/node-server@^1.19.9 || ^2.0.5
560 silly packumentCache full:https://registry.npmjs.org/@hono%2fnode-server cache-miss
561 http fetch GET 200 https://registry.npmjs.org/@hono%2fnode-server 54ms (cache miss)
562 silly packumentCache full:https://registry.npmjs.org/@hono%2fnode-server set size:undefined disposed:false
563 silly fetch manifest json-schema-typed@^8.0.2
564 silly packumentCache full:https://registry.npmjs.org/json-schema-typed cache-miss
565 http fetch GET 200 https://registry.npmjs.org/json-schema-typed 24ms (cache miss)
566 silly packumentCache full:https://registry.npmjs.org/json-schema-typed set size:undefined disposed:false
567 silly fetch manifest eventsource-parser@^3.0.0
568 silly packumentCache full:https://registry.npmjs.org/eventsource-parser cache-miss
569 http fetch GET 200 https://registry.npmjs.org/eventsource-parser 33ms (cache miss)
570 silly packumentCache full:https://registry.npmjs.org/eventsource-parser set size:undefined disposed:false
571 silly fetch manifest express-rate-limit@^8.2.1
572 silly packumentCache full:https://registry.npmjs.org/express-rate-limit cache-miss
573 http fetch GET 200 https://registry.npmjs.org/express-rate-limit 35ms (cache miss)
574 silly packumentCache full:https://registry.npmjs.org/express-rate-limit set size:undefined disposed:false
575 silly fetch manifest zod-to-json-schema@^3.25.1
576 silly packumentCache full:https://registry.npmjs.org/zod-to-json-schema cache-miss
577 http fetch GET 200 https://registry.npmjs.org/zod-to-json-schema 49ms (cache miss)
578 silly packumentCache full:https://registry.npmjs.org/zod-to-json-schema set size:undefined disposed:false
579 silly fetch manifest event-target-shim@^5.0.0
580 silly packumentCache full:https://registry.npmjs.org/event-target-shim cache-miss
581 http fetch GET 200 https://registry.npmjs.org/event-target-shim 26ms (cache miss)
582 silly packumentCache full:https://registry.npmjs.org/event-target-shim set size:undefined disposed:false
583 silly fetch manifest fast-deep-equal@^3.1.3
584 silly packumentCache full:https://registry.npmjs.org/fast-deep-equal cache-miss
585 http fetch GET 200 https://registry.npmjs.org/fast-deep-equal 29ms (cache miss)
586 silly packumentCache full:https://registry.npmjs.org/fast-deep-equal set size:undefined disposed:false
587 silly fetch manifest fast-uri@^3.0.1
588 silly packumentCache full:https://registry.npmjs.org/fast-uri cache-miss
589 http fetch GET 200 https://registry.npmjs.org/fast-uri 22ms (cache miss)
590 silly packumentCache full:https://registry.npmjs.org/fast-uri set size:undefined disposed:false
591 silly fetch manifest json-schema-traverse@^1.0.0
592 silly packumentCache full:https://registry.npmjs.org/json-schema-traverse cache-miss
593 http fetch GET 200 https://registry.npmjs.org/json-schema-traverse 34ms (cache miss)
594 silly packumentCache full:https://registry.npmjs.org/json-schema-traverse set size:undefined disposed:false
595 silly fetch manifest require-from-string@^2.0.2
596 silly packumentCache full:https://registry.npmjs.org/require-from-string cache-miss
597 http fetch GET 200 https://registry.npmjs.org/require-from-string 22ms (cache miss)
598 silly packumentCache full:https://registry.npmjs.org/require-from-string set size:undefined disposed:false
599 silly fetch manifest async@^3.2.4
600 silly packumentCache full:https://registry.npmjs.org/async cache-miss
601 http fetch GET 200 https://registry.npmjs.org/async 41ms (cache miss)
602 silly packumentCache full:https://registry.npmjs.org/async set size:undefined disposed:false
603 silly fetch manifest tar-stream@^3.0.0
604 silly packumentCache full:https://registry.npmjs.org/tar-stream cache-miss
605 http fetch GET 200 https://registry.npmjs.org/tar-stream 24ms (cache miss)
606 silly packumentCache full:https://registry.npmjs.org/tar-stream set size:undefined disposed:false
607 silly fetch manifest zip-stream@^6.0.1
608 silly packumentCache full:https://registry.npmjs.org/zip-stream cache-miss
609 http fetch GET 200 https://registry.npmjs.org/zip-stream 35ms (cache miss)
610 silly packumentCache full:https://registry.npmjs.org/zip-stream set size:undefined disposed:false
611 silly fetch manifest buffer-crc32@^1.0.0
612 silly packumentCache full:https://registry.npmjs.org/buffer-crc32 cache-miss
613 http fetch GET 200 https://registry.npmjs.org/buffer-crc32 22ms (cache miss)
614 silly packumentCache full:https://registry.npmjs.org/buffer-crc32 set size:undefined disposed:false
615 silly fetch manifest readdir-glob@^1.1.2
616 silly packumentCache full:https://registry.npmjs.org/readdir-glob cache-miss
617 http fetch GET 200 https://registry.npmjs.org/readdir-glob 28ms (cache miss)
618 silly packumentCache full:https://registry.npmjs.org/readdir-glob set size:undefined disposed:false
619 silly fetch manifest archiver-utils@^5.0.2
620 silly packumentCache full:https://registry.npmjs.org/archiver-utils cache-miss
621 http fetch GET 200 https://registry.npmjs.org/archiver-utils 25ms (cache miss)
622 silly packumentCache full:https://registry.npmjs.org/archiver-utils set size:undefined disposed:false
623 silly fetch manifest readable-stream@^4.0.0
624 silly packumentCache full:https://registry.npmjs.org/readable-stream cache-miss
625 http fetch GET 200 https://registry.npmjs.org/readable-stream 40ms (cache miss)
626 silly packumentCache full:https://registry.npmjs.org/readable-stream set size:undefined disposed:false
627 silly fetch manifest qs@~6.15.1
628 silly packumentCache full:https://registry.npmjs.org/qs cache-miss
629 http fetch GET 200 https://registry.npmjs.org/qs 33ms (cache miss)
630 silly packumentCache full:https://registry.npmjs.org/qs set size:undefined disposed:false
631 silly fetch manifest depd@2.0.0
632 silly packumentCache full:https://registry.npmjs.org/depd cache-miss
633 http fetch GET 200 https://registry.npmjs.org/depd 25ms (cache miss)
634 silly packumentCache full:https://registry.npmjs.org/depd set size:undefined disposed:false
635 silly fetch manifest bytes@~3.1.2
636 silly packumentCache full:https://registry.npmjs.org/bytes cache-miss
637 http fetch GET 200 https://registry.npmjs.org/bytes 23ms (cache miss)
638 silly packumentCache full:https://registry.npmjs.org/bytes set size:undefined disposed:false
639 silly fetch manifest debug@2.6.9
640 silly packumentCache full:https://registry.npmjs.org/debug cache-miss
641 http fetch GET 200 https://registry.npmjs.org/debug 36ms (cache miss)
642 silly packumentCache full:https://registry.npmjs.org/debug set size:undefined disposed:false
643 silly fetch manifest unpipe@~1.0.0
644 silly packumentCache full:https://registry.npmjs.org/unpipe cache-miss
645 http fetch GET 200 https://registry.npmjs.org/unpipe 21ms (cache miss)
646 silly packumentCache full:https://registry.npmjs.org/unpipe set size:undefined disposed:false
647 silly fetch manifest destroy@~1.2.0
648 silly packumentCache full:https://registry.npmjs.org/destroy cache-miss
649 http fetch GET 200 https://registry.npmjs.org/destroy 22ms (cache miss)
650 silly packumentCache full:https://registry.npmjs.org/destroy set size:undefined disposed:false
651 silly fetch manifest type-is@~1.6.18
652 silly packumentCache full:https://registry.npmjs.org/type-is cache-miss
653 http fetch GET 200 https://registry.npmjs.org/type-is 21ms (cache miss)
654 silly packumentCache full:https://registry.npmjs.org/type-is set size:undefined disposed:false
655 silly fetch manifest raw-body@~2.5.3
656 silly packumentCache full:https://registry.npmjs.org/raw-body cache-miss
657 http cache https://registry.npmjs.org/raw-body 3ms (cache hit)
658 silly packumentCache full:https://registry.npmjs.org/raw-body set size:120042 disposed:false
659 silly fetch manifest iconv-lite@~0.4.24
660 silly packumentCache full:https://registry.npmjs.org/iconv-lite cache-miss
661 http fetch GET 200 https://registry.npmjs.org/iconv-lite 30ms (cache miss)
662 silly packumentCache full:https://registry.npmjs.org/iconv-lite set size:undefined disposed:false
663 silly fetch manifest http-errors@~2.0.1
664 silly packumentCache full:https://registry.npmjs.org/http-errors cache-miss
665 http fetch GET 200 https://registry.npmjs.org/http-errors 23ms (cache miss)
666 silly packumentCache full:https://registry.npmjs.org/http-errors set size:undefined disposed:false
667 silly fetch manifest on-finished@~2.4.1
668 silly packumentCache full:https://registry.npmjs.org/on-finished cache-miss
669 http fetch GET 200 https://registry.npmjs.org/on-finished 26ms (cache miss)
670 silly packumentCache full:https://registry.npmjs.org/on-finished set size:undefined disposed:false
671 silly fetch manifest content-type@~1.0.5
672 silly packumentCache full:https://registry.npmjs.org/content-type cache-miss
673 http cache https://registry.npmjs.org/content-type 3ms (cache hit)
674 silly packumentCache full:https://registry.npmjs.org/content-type set size:23936 disposed:false
675 silly fetch manifest braces@~3.0.2
676 silly packumentCache full:https://registry.npmjs.org/braces cache-miss
677 http fetch GET 200 https://registry.npmjs.org/braces 25ms (cache miss)
678 silly packumentCache full:https://registry.npmjs.org/braces set size:undefined disposed:false
679 silly fetch manifest is-glob@~4.0.1
680 silly packumentCache full:https://registry.npmjs.org/is-glob cache-miss
681 http fetch GET 200 https://registry.npmjs.org/is-glob 28ms (cache miss)
682 silly packumentCache full:https://registry.npmjs.org/is-glob set size:undefined disposed:false
683 silly fetch manifest anymatch@~3.1.2
684 silly packumentCache full:https://registry.npmjs.org/anymatch cache-miss
685 http fetch GET 200 https://registry.npmjs.org/anymatch 22ms (cache miss)
686 silly packumentCache full:https://registry.npmjs.org/anymatch set size:undefined disposed:false
687 silly fetch manifest readdirp@~3.6.0
688 silly packumentCache full:https://registry.npmjs.org/readdirp cache-miss
689 http fetch GET 200 https://registry.npmjs.org/readdirp 27ms (cache miss)
690 silly packumentCache full:https://registry.npmjs.org/readdirp set size:undefined disposed:false
691 silly fetch manifest glob-parent@~5.1.2
692 silly packumentCache full:https://registry.npmjs.org/glob-parent cache-miss
693 http fetch GET 200 https://registry.npmjs.org/glob-parent 31ms (cache miss)
694 silly packumentCache full:https://registry.npmjs.org/glob-parent set size:undefined disposed:false
695 silly fetch manifest is-binary-path@~2.1.0
696 silly packumentCache full:https://registry.npmjs.org/is-binary-path cache-miss
697 http fetch GET 200 https://registry.npmjs.org/is-binary-path 28ms (cache miss)
698 silly packumentCache full:https://registry.npmjs.org/is-binary-path set size:undefined disposed:false
699 silly fetch manifest normalize-path@~3.0.0
700 silly packumentCache full:https://registry.npmjs.org/normalize-path cache-miss
701 http fetch GET 200 https://registry.npmjs.org/normalize-path 21ms (cache miss)
702 silly packumentCache full:https://registry.npmjs.org/normalize-path set size:undefined disposed:false
703 silly fetch manifest fsevents@~2.3.2
704 silly packumentCache full:https://registry.npmjs.org/fsevents cache-miss
705 http fetch GET 200 https://registry.npmjs.org/fsevents 31ms (cache miss)
706 silly packumentCache full:https://registry.npmjs.org/fsevents set size:undefined disposed:false
707 silly fetch manifest json-parse-helpfulerror@^1.0.3
708 silly packumentCache full:https://registry.npmjs.org/json-parse-helpfulerror cache-miss
709 http fetch GET 200 https://registry.npmjs.org/json-parse-helpfulerror 22ms (cache miss)
710 silly packumentCache full:https://registry.npmjs.org/json-parse-helpfulerror set size:undefined disposed:false
711 silly fetch manifest string-width@^4.2.0
712 silly packumentCache full:https://registry.npmjs.org/string-width cache-miss
713 http fetch GET 200 https://registry.npmjs.org/string-width 31ms (cache miss)
714 silly packumentCache full:https://registry.npmjs.org/string-width set size:undefined disposed:false
715 silly fetch manifest @colors/colors@1.5.0
716 silly packumentCache full:https://registry.npmjs.org/@colors%2fcolors cache-miss
717 http fetch GET 200 https://registry.npmjs.org/@colors%2fcolors 32ms (cache miss)
718 silly packumentCache full:https://registry.npmjs.org/@colors%2fcolors set size:undefined disposed:false
719 silly fetch manifest dot-prop@^5.2.0
720 silly packumentCache full:https://registry.npmjs.org/dot-prop cache-miss
721 http fetch GET 200 https://registry.npmjs.org/dot-prop 33ms (cache miss)
722 silly packumentCache full:https://registry.npmjs.org/dot-prop set size:undefined disposed:false
723 silly fetch manifest make-dir@^3.0.0
724 silly packumentCache full:https://registry.npmjs.org/make-dir cache-miss
725 http fetch GET 200 https://registry.npmjs.org/make-dir 29ms (cache miss)
726 silly packumentCache full:https://registry.npmjs.org/make-dir set size:undefined disposed:false
727 silly fetch manifest graceful-fs@^4.1.2
728 silly packumentCache full:https://registry.npmjs.org/graceful-fs cache-miss
729 http fetch GET 200 https://registry.npmjs.org/graceful-fs 39ms (cache miss)
730 silly packumentCache full:https://registry.npmjs.org/graceful-fs set size:undefined disposed:false
731 silly fetch manifest xdg-basedir@^4.0.0
732 silly packumentCache full:https://registry.npmjs.org/xdg-basedir cache-miss
733 http fetch GET 200 https://registry.npmjs.org/xdg-basedir 21ms (cache miss)
734 silly packumentCache full:https://registry.npmjs.org/xdg-basedir set size:undefined disposed:false
735 silly fetch manifest unique-string@^2.0.0
736 silly packumentCache full:https://registry.npmjs.org/unique-string cache-miss
737 http fetch GET 200 https://registry.npmjs.org/unique-string 24ms (cache miss)
738 silly packumentCache full:https://registry.npmjs.org/unique-string set size:undefined disposed:false
739 silly fetch manifest write-file-atomic@^3.0.0
740 silly packumentCache full:https://registry.npmjs.org/write-file-atomic cache-miss
741 http fetch GET 200 https://registry.npmjs.org/write-file-atomic 25ms (cache miss)
742 silly packumentCache full:https://registry.npmjs.org/write-file-atomic set size:undefined disposed:false
743 silly fetch manifest object-assign@^4
744 silly packumentCache full:https://registry.npmjs.org/object-assign cache-miss
745 http fetch GET 200 https://registry.npmjs.org/object-assign 26ms (cache miss)
746 silly packumentCache full:https://registry.npmjs.org/object-assign set size:undefined disposed:false
747 silly fetch manifest vary@^1
748 silly packumentCache full:https://registry.npmjs.org/vary cache-miss
749 http fetch GET 200 https://registry.npmjs.org/vary 21ms (cache miss)
750 silly packumentCache full:https://registry.npmjs.org/vary set size:undefined disposed:false
751 silly fetch manifest cross-spawn@^7.0.1
752 silly packumentCache full:https://registry.npmjs.org/cross-spawn cache-miss
753 http cache https://registry.npmjs.org/cross-spawn 6ms (cache hit)
754 silly packumentCache full:https://registry.npmjs.org/cross-spawn set size:109066 disposed:false
755 silly fetch manifest which@^2.0.1
756 silly packumentCache full:https://registry.npmjs.org/which cache-miss
757 http fetch GET 200 https://registry.npmjs.org/which 28ms (cache miss)
758 silly packumentCache full:https://registry.npmjs.org/which set size:undefined disposed:false
759 silly fetch manifest path-key@^3.1.0
760 silly packumentCache full:https://registry.npmjs.org/path-key cache-miss
761 http fetch GET 200 https://registry.npmjs.org/path-key 23ms (cache miss)
762 silly packumentCache full:https://registry.npmjs.org/path-key set size:undefined disposed:false
763 silly fetch manifest shebang-command@^2.0.0
764 silly packumentCache full:https://registry.npmjs.org/shebang-command cache-miss
765 http fetch GET 200 https://registry.npmjs.org/shebang-command 25ms (cache miss)
766 silly packumentCache full:https://registry.npmjs.org/shebang-command set size:undefined disposed:false
767 silly fetch manifest @apidevtools/json-schema-ref-parser@^9.0.3
768 silly packumentCache full:https://registry.npmjs.org/@apidevtools%2fjson-schema-ref-parser cache-miss
769 http fetch GET 200 https://registry.npmjs.org/@apidevtools%2fjson-schema-ref-parser 41ms (cache miss)
770 silly packumentCache full:https://registry.npmjs.org/@apidevtools%2fjson-schema-ref-parser set size:undefined disposed:false
771 silly fetch manifest ajv-formats@^2.1.0
772 silly packumentCache full:https://registry.npmjs.org/ajv-formats cache-hit
773 silly fetch manifest content-type@^1.0.4
774 silly packumentCache full:https://registry.npmjs.org/content-type cache-hit
775 silly fetch manifest deep-freeze@0.0.1
776 silly packumentCache full:https://registry.npmjs.org/deep-freeze cache-miss
777 http fetch GET 200 https://registry.npmjs.org/deep-freeze 29ms (cache miss)
778 silly packumentCache full:https://registry.npmjs.org/deep-freeze set size:undefined disposed:false
779 silly fetch manifest events-listener@^1.1.0
780 silly packumentCache full:https://registry.npmjs.org/events-listener cache-miss
781 http fetch GET 200 https://registry.npmjs.org/events-listener 21ms (cache miss)
782 silly packumentCache full:https://registry.npmjs.org/events-listener set size:undefined disposed:false
783 silly fetch manifest glob@^10.3.10
784 silly packumentCache full:https://registry.npmjs.org/glob cache-miss
785 http cache https://registry.npmjs.org/glob 6ms (cache hit)
786 silly packumentCache full:https://registry.npmjs.org/glob set size:469465 disposed:false
787 silly fetch manifest json-ptr@^3.0.1
788 silly packumentCache full:https://registry.npmjs.org/json-ptr cache-miss
789 http fetch GET 200 https://registry.npmjs.org/json-ptr 58ms (cache miss)
790 silly packumentCache full:https://registry.npmjs.org/json-ptr set size:undefined disposed:false
791 silly fetch manifest lodash@^4.17.11
792 silly packumentCache full:https://registry.npmjs.org/lodash cache-miss
793 http cache https://registry.npmjs.org/lodash 9ms (cache hit)
794 silly packumentCache full:https://registry.npmjs.org/lodash set size:247652 disposed:false
795 silly fetch manifest openapi3-ts@^3.1.1
796 silly packumentCache full:https://registry.npmjs.org/openapi3-ts cache-miss
797 http fetch GET 200 https://registry.npmjs.org/openapi3-ts 219ms (cache miss)
798 silly packumentCache full:https://registry.npmjs.org/openapi3-ts set size:undefined disposed:false
799 silly fetch manifest promise-breaker@^6.0.0
800 silly packumentCache full:https://registry.npmjs.org/promise-breaker cache-miss
801 http fetch GET 200 https://registry.npmjs.org/promise-breaker 34ms (cache miss)
802 silly packumentCache full:https://registry.npmjs.org/promise-breaker set size:undefined disposed:false
803 silly fetch manifest qs@^6.6.0
804 silly packumentCache full:https://registry.npmjs.org/qs cache-miss
805 http cache https://registry.npmjs.org/qs 4ms (cache hit)
806 silly packumentCache full:https://registry.npmjs.org/qs set size:365613 disposed:false
807 silly fetch manifest raw-body@^2.3.3
808 silly packumentCache full:https://registry.npmjs.org/raw-body cache-hit
809 silly fetch manifest semver@^7.0.0
810 silly packumentCache full:https://registry.npmjs.org/semver cache-miss
811 http cache https://registry.npmjs.org/semver 11ms (cache hit)
812 silly packumentCache full:https://registry.npmjs.org/semver set size:246069 disposed:false
813 silly fetch manifest etag@~1.8.1
814 silly packumentCache full:https://registry.npmjs.org/etag cache-miss
815 http fetch GET 200 https://registry.npmjs.org/etag 22ms (cache miss)
816 silly packumentCache full:https://registry.npmjs.org/etag set size:undefined disposed:false
817 silly fetch manifest send@~0.19.0
818 silly packumentCache full:https://registry.npmjs.org/send cache-miss
819 http fetch GET 200 https://registry.npmjs.org/send 33ms (cache miss)
820 silly packumentCache full:https://registry.npmjs.org/send set size:undefined disposed:false
821 silly fetch manifest vary@~1.1.2
822 silly packumentCache full:https://registry.npmjs.org/vary cache-miss
823 http cache https://registry.npmjs.org/vary 3ms (cache hit)
824 silly packumentCache full:https://registry.npmjs.org/vary set size:15994 disposed:false
825 silly fetch manifest fresh@~0.5.2
826 silly packumentCache full:https://registry.npmjs.org/fresh cache-miss
827 http fetch GET 200 https://registry.npmjs.org/fresh 22ms (cache miss)
828 silly packumentCache full:https://registry.npmjs.org/fresh set size:undefined disposed:false
829 silly fetch manifest cookie@~0.7.1
830 silly packumentCache full:https://registry.npmjs.org/cookie cache-miss
831 http fetch GET 200 https://registry.npmjs.org/cookie 30ms (cache miss)
832 silly packumentCache full:https://registry.npmjs.org/cookie set size:undefined disposed:false
833 silly fetch manifest accepts@~1.3.8
834 silly packumentCache full:https://registry.npmjs.org/accepts cache-miss
835 http fetch GET 200 https://registry.npmjs.org/accepts 28ms (cache miss)
836 silly packumentCache full:https://registry.npmjs.org/accepts set size:undefined disposed:false
837 silly fetch manifest methods@~1.1.2
838 silly packumentCache full:https://registry.npmjs.org/methods cache-miss
839 http fetch GET 200 https://registry.npmjs.org/methods 27ms (cache miss)
840 silly packumentCache full:https://registry.npmjs.org/methods set size:undefined disposed:false
841 silly fetch manifest parseurl@~1.3.3
842 silly packumentCache full:https://registry.npmjs.org/parseurl cache-miss
843 http fetch GET 200 https://registry.npmjs.org/parseurl 20ms (cache miss)
844 silly packumentCache full:https://registry.npmjs.org/parseurl set size:undefined disposed:false
845 silly fetch manifest statuses@~2.0.1
846 silly packumentCache full:https://registry.npmjs.org/statuses cache-miss
847 http fetch GET 200 https://registry.npmjs.org/statuses 30ms (cache miss)
848 silly packumentCache full:https://registry.npmjs.org/statuses set size:undefined disposed:false
849 silly fetch manifest encodeurl@~2.0.0
850 silly packumentCache full:https://registry.npmjs.org/encodeurl cache-miss
851 http fetch GET 200 https://registry.npmjs.org/encodeurl 22ms (cache miss)
852 silly packumentCache full:https://registry.npmjs.org/encodeurl set size:undefined disposed:false
853 silly fetch manifest proxy-addr@~2.0.7
854 silly packumentCache full:https://registry.npmjs.org/proxy-addr cache-miss
855 http fetch GET 200 https://registry.npmjs.org/proxy-addr 27ms (cache miss)
856 silly packumentCache full:https://registry.npmjs.org/proxy-addr set size:undefined disposed:false
857 silly fetch manifest escape-html@~1.0.3
858 silly packumentCache full:https://registry.npmjs.org/escape-html cache-miss
859 http fetch GET 200 https://registry.npmjs.org/escape-html 24ms (cache miss)
860 silly packumentCache full:https://registry.npmjs.org/escape-html set size:undefined disposed:false
861 silly fetch manifest http-errors@~2.0.0
862 silly packumentCache full:https://registry.npmjs.org/http-errors cache-miss
863 http cache https://registry.npmjs.org/http-errors 3ms (cache hit)
864 silly packumentCache full:https://registry.npmjs.org/http-errors set size:71987 disposed:false
865 silly fetch manifest safe-buffer@5.2.1
866 silly packumentCache full:https://registry.npmjs.org/safe-buffer cache-miss
867 http fetch GET 200 https://registry.npmjs.org/safe-buffer 25ms (cache miss)
868 silly packumentCache full:https://registry.npmjs.org/safe-buffer set size:undefined disposed:false
869 silly fetch manifest utils-merge@1.0.1
870 silly packumentCache full:https://registry.npmjs.org/utils-merge cache-miss
871 http fetch GET 200 https://registry.npmjs.org/utils-merge 22ms (cache miss)
872 silly packumentCache full:https://registry.npmjs.org/utils-merge set size:undefined disposed:false
873 silly fetch manifest content-type@~1.0.4
874 silly packumentCache full:https://registry.npmjs.org/content-type cache-hit
875 silly fetch manifest finalhandler@~1.3.1
876 silly packumentCache full:https://registry.npmjs.org/finalhandler cache-miss
877 http fetch GET 200 https://registry.npmjs.org/finalhandler 26ms (cache miss)
878 silly packumentCache full:https://registry.npmjs.org/finalhandler set size:undefined disposed:false
879 silly fetch manifest range-parser@~1.2.1
880 silly packumentCache full:https://registry.npmjs.org/range-parser cache-miss
881 http fetch GET 200 https://registry.npmjs.org/range-parser 21ms (cache miss)
882 silly packumentCache full:https://registry.npmjs.org/range-parser set size:undefined disposed:false
883 silly fetch manifest serve-static@~1.16.2
884 silly packumentCache full:https://registry.npmjs.org/serve-static cache-miss
885 http fetch GET 200 https://registry.npmjs.org/serve-static 35ms (cache miss)
886 silly packumentCache full:https://registry.npmjs.org/serve-static set size:undefined disposed:false
887 silly fetch manifest array-flatten@1.1.1
888 silly packumentCache full:https://registry.npmjs.org/array-flatten cache-miss
889 http fetch GET 200 https://registry.npmjs.org/array-flatten 22ms (cache miss)
890 silly packumentCache full:https://registry.npmjs.org/array-flatten set size:undefined disposed:false
891 silly fetch manifest path-to-regexp@~0.1.12
892 silly packumentCache full:https://registry.npmjs.org/path-to-regexp cache-miss
893 http fetch GET 200 https://registry.npmjs.org/path-to-regexp 35ms (cache miss)
894 silly packumentCache full:https://registry.npmjs.org/path-to-regexp set size:undefined disposed:false
895 silly fetch manifest setprototypeof@1.2.0
896 silly packumentCache full:https://registry.npmjs.org/setprototypeof cache-miss
897 http fetch GET 200 https://registry.npmjs.org/setprototypeof 23ms (cache miss)
898 silly packumentCache full:https://registry.npmjs.org/setprototypeof set size:undefined disposed:false
899 silly fetch manifest cookie-signature@~1.0.6
900 silly packumentCache full:https://registry.npmjs.org/cookie-signature cache-miss
901 http fetch GET 200 https://registry.npmjs.org/cookie-signature 26ms (cache miss)
902 silly packumentCache full:https://registry.npmjs.org/cookie-signature set size:undefined disposed:false
903 silly fetch manifest merge-descriptors@1.0.3
904 silly packumentCache full:https://registry.npmjs.org/merge-descriptors cache-miss
905 http fetch GET 200 https://registry.npmjs.org/merge-descriptors 23ms (cache miss)
906 silly packumentCache full:https://registry.npmjs.org/merge-descriptors set size:undefined disposed:false
907 silly fetch manifest content-disposition@~0.5.4
908 silly packumentCache full:https://registry.npmjs.org/content-disposition cache-miss
909 http fetch GET 200 https://registry.npmjs.org/content-disposition 30ms (cache miss)
910 silly packumentCache full:https://registry.npmjs.org/content-disposition set size:undefined disposed:false
911 silly fetch manifest hasown@^2.0.4
912 silly packumentCache full:https://registry.npmjs.org/hasown cache-miss
913 http fetch GET 200 https://registry.npmjs.org/hasown 21ms (cache miss)
914 silly packumentCache full:https://registry.npmjs.org/hasown set size:undefined disposed:false
915 silly fetch manifest asynckit@^0.4.0
916 silly packumentCache full:https://registry.npmjs.org/asynckit cache-miss
917 http fetch GET 200 https://registry.npmjs.org/asynckit 25ms (cache miss)
918 silly packumentCache full:https://registry.npmjs.org/asynckit set size:undefined disposed:false
919 silly fetch manifest mime-types@^2.1.35
920 silly packumentCache full:https://registry.npmjs.org/mime-types cache-miss
921 http fetch GET 200 https://registry.npmjs.org/mime-types 22ms (cache miss)
922 silly packumentCache full:https://registry.npmjs.org/mime-types set size:undefined disposed:false
923 silly fetch manifest combined-stream@^1.0.8
924 silly packumentCache full:https://registry.npmjs.org/combined-stream cache-miss
925 http fetch GET 200 https://registry.npmjs.org/combined-stream 28ms (cache miss)
926 silly packumentCache full:https://registry.npmjs.org/combined-stream set size:undefined disposed:false
927 silly fetch manifest es-set-tostringtag@^2.1.0
928 silly packumentCache full:https://registry.npmjs.org/es-set-tostringtag cache-miss
929 http fetch GET 200 https://registry.npmjs.org/es-set-tostringtag 27ms (cache miss)
930 silly packumentCache full:https://registry.npmjs.org/es-set-tostringtag set size:undefined disposed:false
931 silly fetch manifest jsonfile@^6.0.1
932 silly packumentCache full:https://registry.npmjs.org/jsonfile cache-miss
933 http fetch GET 200 https://registry.npmjs.org/jsonfile 31ms (cache miss)
934 silly packumentCache full:https://registry.npmjs.org/jsonfile set size:undefined disposed:false
935 silly fetch manifest graceful-fs@^4.2.0
936 silly packumentCache full:https://registry.npmjs.org/graceful-fs cache-miss
937 http cache https://registry.npmjs.org/graceful-fs 4ms (cache hit)
938 silly packumentCache full:https://registry.npmjs.org/graceful-fs set size:124285 disposed:false
939 silly fetch manifest universalify@^2.0.0
940 silly packumentCache full:https://registry.npmjs.org/universalify cache-miss
941 http fetch GET 200 https://registry.npmjs.org/universalify 19ms (cache miss)
942 silly packumentCache full:https://registry.npmjs.org/universalify set size:undefined disposed:false
943 silly fetch manifest uuid@^9.0.1
944 silly packumentCache full:https://registry.npmjs.org/uuid cache-miss
945 http fetch GET 200 https://registry.npmjs.org/uuid 37ms (cache miss)
946 silly packumentCache full:https://registry.npmjs.org/uuid set size:undefined disposed:false
947 silly fetch manifest is-stream@^2.0.0
948 silly packumentCache full:https://registry.npmjs.org/is-stream cache-miss
949 http fetch GET 200 https://registry.npmjs.org/is-stream 23ms (cache miss)
950 silly packumentCache full:https://registry.npmjs.org/is-stream set size:undefined disposed:false
951 silly fetch manifest node-fetch@^2.6.9
952 silly packumentCache full:https://registry.npmjs.org/node-fetch cache-miss
953 http cache https://registry.npmjs.org/node-fetch 5ms (cache hit)
954 silly packumentCache full:https://registry.npmjs.org/node-fetch set size:896010 disposed:false
955 silly fetch manifest https-proxy-agent@^7.0.1
956 silly packumentCache full:https://registry.npmjs.org/https-proxy-agent cache-miss
957 http fetch GET 200 https://registry.npmjs.org/https-proxy-agent 76ms (cache miss)
958 silly packumentCache full:https://registry.npmjs.org/https-proxy-agent set size:undefined disposed:false
959 silly fetch manifest minipass@^7.1.2
960 silly packumentCache full:https://registry.npmjs.org/minipass cache-miss
961 http fetch GET 200 https://registry.npmjs.org/minipass 41ms (cache miss)
962 silly packumentCache full:https://registry.npmjs.org/minipass set size:undefined disposed:false
963 silly fetch manifest jackspeak@^3.1.2
964 silly packumentCache full:https://registry.npmjs.org/jackspeak cache-miss
965 http fetch GET 200 https://registry.npmjs.org/jackspeak 40ms (cache miss)
966 silly packumentCache full:https://registry.npmjs.org/jackspeak set size:undefined disposed:false
967 silly fetch manifest minimatch@^9.0.4
968 silly packumentCache full:https://registry.npmjs.org/minimatch cache-miss
969 http cache https://registry.npmjs.org/minimatch 5ms (cache hit)
970 silly packumentCache full:https://registry.npmjs.org/minimatch set size:377924 disposed:false
971 silly fetch manifest path-scurry@^1.11.1
972 silly packumentCache full:https://registry.npmjs.org/path-scurry cache-miss
973 http fetch GET 200 https://registry.npmjs.org/path-scurry 35ms (cache miss)
974 silly packumentCache full:https://registry.npmjs.org/path-scurry set size:undefined disposed:false
975 silly fetch manifest foreground-child@^3.1.0
976 silly packumentCache full:https://registry.npmjs.org/foreground-child cache-miss
977 http fetch GET 200 https://registry.npmjs.org/foreground-child 30ms (cache miss)
978 silly packumentCache full:https://registry.npmjs.org/foreground-child set size:undefined disposed:false
979 silly fetch manifest package-json-from-dist@^1.0.0
980 silly packumentCache full:https://registry.npmjs.org/package-json-from-dist cache-miss
981 http fetch GET 200 https://registry.npmjs.org/package-json-from-dist 24ms (cache miss)
982 silly packumentCache full:https://registry.npmjs.org/package-json-from-dist set size:undefined disposed:false
983 silly fetch manifest jws@^4.0.0
984 silly packumentCache full:https://registry.npmjs.org/jws cache-miss
985 http fetch GET 200 https://registry.npmjs.org/jws 27ms (cache miss)
986 silly packumentCache full:https://registry.npmjs.org/jws set size:undefined disposed:false
987 silly fetch manifest gtoken@^7.0.0
988 silly packumentCache full:https://registry.npmjs.org/gtoken cache-miss
989 http fetch GET 200 https://registry.npmjs.org/gtoken 27ms (cache miss)
990 silly packumentCache full:https://registry.npmjs.org/gtoken set size:undefined disposed:false
991 silly fetch manifest base64-js@^1.3.0
992 silly packumentCache full:https://registry.npmjs.org/base64-js cache-miss
993 http fetch GET 200 https://registry.npmjs.org/base64-js 27ms (cache miss)
994 silly packumentCache full:https://registry.npmjs.org/base64-js set size:undefined disposed:false
995 silly fetch manifest gcp-metadata@^6.1.0
996 silly packumentCache full:https://registry.npmjs.org/gcp-metadata cache-miss
997 http fetch GET 200 https://registry.npmjs.org/gcp-metadata 26ms (cache miss)
998 silly packumentCache full:https://registry.npmjs.org/gcp-metadata set size:undefined disposed:false
999 silly fetch manifest ecdsa-sig-formatter@^1.0.11
1000 silly packumentCache full:https://registry.npmjs.org/ecdsa-sig-formatter cache-miss
1001 http fetch GET 200 https://registry.npmjs.org/ecdsa-sig-formatter 30ms (cache miss)
1002 silly packumentCache full:https://registry.npmjs.org/ecdsa-sig-formatter set size:undefined disposed:false
1003 silly fetch manifest argparse@^2.0.1
1004 silly packumentCache full:https://registry.npmjs.org/argparse cache-miss
1005 http fetch GET 200 https://registry.npmjs.org/argparse 22ms (cache miss)
1006 silly packumentCache full:https://registry.npmjs.org/argparse set size:undefined disposed:false
1007 silly fetch manifest ms@^2.1.1
1008 silly packumentCache full:https://registry.npmjs.org/ms cache-miss
1009 http fetch GET 200 https://registry.npmjs.org/ms 30ms (cache miss)
1010 silly packumentCache full:https://registry.npmjs.org/ms set size:undefined disposed:false
1011 silly fetch manifest jws@^4.0.1
1012 silly packumentCache full:https://registry.npmjs.org/jws cache-miss
1013 http cache https://registry.npmjs.org/jws 2ms (cache hit)
1014 silly packumentCache full:https://registry.npmjs.org/jws set size:48740 disposed:false
1015 silly fetch manifest semver@^7.5.4
1016 silly packumentCache full:https://registry.npmjs.org/semver cache-hit
1017 silly fetch manifest lodash.once@^4.0.0
1018 silly packumentCache full:https://registry.npmjs.org/lodash.once cache-miss
1019 http fetch GET 200 https://registry.npmjs.org/lodash.once 23ms (cache miss)
1020 silly packumentCache full:https://registry.npmjs.org/lodash.once set size:undefined disposed:false
1021 silly fetch manifest lodash.includes@^4.3.0
1022 silly packumentCache full:https://registry.npmjs.org/lodash.includes cache-miss
1023 http fetch GET 200 https://registry.npmjs.org/lodash.includes 26ms (cache miss)
1024 silly packumentCache full:https://registry.npmjs.org/lodash.includes set size:undefined disposed:false
1025 silly fetch manifest lodash.isnumber@^3.0.3
1026 silly packumentCache full:https://registry.npmjs.org/lodash.isnumber cache-miss
1027 http fetch GET 200 https://registry.npmjs.org/lodash.isnumber 21ms (cache miss)
1028 silly packumentCache full:https://registry.npmjs.org/lodash.isnumber set size:undefined disposed:false
1029 silly fetch manifest lodash.isstring@^4.0.1
1030 silly packumentCache full:https://registry.npmjs.org/lodash.isstring cache-miss
1031 http fetch GET 200 https://registry.npmjs.org/lodash.isstring 24ms (cache miss)
1032 silly packumentCache full:https://registry.npmjs.org/lodash.isstring set size:undefined disposed:false
1033 silly fetch manifest lodash.isboolean@^3.0.3
1034 silly packumentCache full:https://registry.npmjs.org/lodash.isboolean cache-miss
1035 http fetch GET 200 https://registry.npmjs.org/lodash.isboolean 23ms (cache miss)
1036 silly packumentCache full:https://registry.npmjs.org/lodash.isboolean set size:undefined disposed:false
1037 silly fetch manifest lodash.isinteger@^4.0.4
1038 silly packumentCache full:https://registry.npmjs.org/lodash.isinteger cache-miss
1039 http fetch GET 200 https://registry.npmjs.org/lodash.isinteger 24ms (cache miss)
1040 silly packumentCache full:https://registry.npmjs.org/lodash.isinteger set size:undefined disposed:false
1041 silly fetch manifest lodash.isplainobject@^4.0.6
1042 silly packumentCache full:https://registry.npmjs.org/lodash.isplainobject cache-miss
1043 http fetch GET 200 https://registry.npmjs.org/lodash.isplainobject 22ms (cache miss)
1044 silly packumentCache full:https://registry.npmjs.org/lodash.isplainobject set size:undefined disposed:false
1045 silly fetch manifest libsodium@^0.7.16
1046 silly packumentCache full:https://registry.npmjs.org/libsodium cache-miss
1047 http fetch GET 200 https://registry.npmjs.org/libsodium 36ms (cache miss)
1048 silly packumentCache full:https://registry.npmjs.org/libsodium set size:undefined disposed:false
1049 silly fetch manifest ansi-escapes@^7.0.0
1050 silly packumentCache full:https://registry.npmjs.org/ansi-escapes cache-miss
1051 http fetch GET 200 https://registry.npmjs.org/ansi-escapes 23ms (cache miss)
1052 silly packumentCache full:https://registry.npmjs.org/ansi-escapes set size:undefined disposed:false
1053 silly fetch manifest ansi-regex@^6.1.0
1054 silly packumentCache full:https://registry.npmjs.org/ansi-regex cache-miss
1055 http fetch GET 200 https://registry.npmjs.org/ansi-regex 29ms (cache miss)
1056 silly packumentCache full:https://registry.npmjs.org/ansi-regex set size:undefined disposed:false
1057 silly fetch manifest chalk@^5.4.1
1058 silly packumentCache full:https://registry.npmjs.org/chalk cache-miss
1059 http fetch GET 200 https://registry.npmjs.org/chalk 27ms (cache miss)
1060 silly packumentCache full:https://registry.npmjs.org/chalk set size:undefined disposed:false
1061 silly fetch manifest cli-highlight@^2.1.11
1062 silly packumentCache full:https://registry.npmjs.org/cli-highlight cache-miss
1063 http fetch GET 200 https://registry.npmjs.org/cli-highlight 28ms (cache miss)
1064 silly packumentCache full:https://registry.npmjs.org/cli-highlight set size:undefined disposed:false
1065 silly fetch manifest node-emoji@^2.2.0
1066 silly packumentCache full:https://registry.npmjs.org/node-emoji cache-miss
1067 http fetch GET 200 https://registry.npmjs.org/node-emoji 24ms (cache miss)
1068 silly packumentCache full:https://registry.npmjs.org/node-emoji set size:undefined disposed:false
1069 silly fetch manifest supports-hyperlinks@^3.1.0
1070 silly packumentCache full:https://registry.npmjs.org/supports-hyperlinks cache-miss
1071 http fetch GET 200 https://registry.npmjs.org/supports-hyperlinks 29ms (cache miss)
1072 silly packumentCache full:https://registry.npmjs.org/supports-hyperlinks set size:undefined disposed:false
1073 silly fetch manifest brace-expansion@^1.1.7
1074 silly packumentCache full:https://registry.npmjs.org/brace-expansion cache-miss
1075 http fetch GET 200 https://registry.npmjs.org/brace-expansion 32ms (cache miss)
1076 silly packumentCache full:https://registry.npmjs.org/brace-expansion set size:undefined disposed:false
1077 silly fetch manifest depd@~2.0.0
1078 silly packumentCache full:https://registry.npmjs.org/depd cache-miss
1079 http cache https://registry.npmjs.org/depd 3ms (cache hit)
1080 silly packumentCache full:https://registry.npmjs.org/depd set size:40182 disposed:false
1081 silly fetch manifest basic-auth@~2.0.1
1082 silly packumentCache full:https://registry.npmjs.org/basic-auth cache-miss
1083 http fetch GET 200 https://registry.npmjs.org/basic-auth 26ms (cache miss)
1084 silly packumentCache full:https://registry.npmjs.org/basic-auth set size:undefined disposed:false
1085 silly fetch manifest on-headers@~1.1.0
1086 silly packumentCache full:https://registry.npmjs.org/on-headers cache-miss
1087 http fetch GET 200 https://registry.npmjs.org/on-headers 27ms (cache miss)
1088 silly packumentCache full:https://registry.npmjs.org/on-headers set size:undefined disposed:false
1089 silly fetch manifest whatwg-url@^5.0.0
1090 silly packumentCache full:https://registry.npmjs.org/whatwg-url cache-miss
1091 http fetch GET 200 https://registry.npmjs.org/whatwg-url 34ms (cache miss)
1092 silly packumentCache full:https://registry.npmjs.org/whatwg-url set size:undefined disposed:false
1093 silly fetch manifest is-wsl@^1.1.0
1094 silly packumentCache full:https://registry.npmjs.org/is-wsl cache-miss
1095 http fetch GET 200 https://registry.npmjs.org/is-wsl 20ms (cache miss)
1096 silly packumentCache full:https://registry.npmjs.org/is-wsl set size:undefined disposed:false
1097 silly fetch manifest bl@^4.1.0
1098 silly packumentCache full:https://registry.npmjs.org/bl cache-miss
1099 http fetch GET 200 https://registry.npmjs.org/bl 35ms (cache miss)
1100 silly packumentCache full:https://registry.npmjs.org/bl set size:undefined disposed:false
1101 silly fetch manifest chalk@^4.1.0
1102 silly packumentCache full:https://registry.npmjs.org/chalk cache-miss
1103 http cache https://registry.npmjs.org/chalk 4ms (cache hit)
1104 silly packumentCache full:https://registry.npmjs.org/chalk set size:134775 disposed:false
1105 silly fetch manifest wcwidth@^1.0.1
1106 silly packumentCache full:https://registry.npmjs.org/wcwidth cache-miss
1107 http fetch GET 200 https://registry.npmjs.org/wcwidth 21ms (cache miss)
1108 silly packumentCache full:https://registry.npmjs.org/wcwidth set size:undefined disposed:false
1109 silly fetch manifest cli-cursor@^3.1.0
1110 silly packumentCache full:https://registry.npmjs.org/cli-cursor cache-miss
1111 http fetch GET 200 https://registry.npmjs.org/cli-cursor 26ms (cache miss)
1112 silly packumentCache full:https://registry.npmjs.org/cli-cursor set size:undefined disposed:false
1113 silly fetch manifest strip-ansi@^6.0.0
1114 silly packumentCache full:https://registry.npmjs.org/strip-ansi cache-miss
1115 http fetch GET 200 https://registry.npmjs.org/strip-ansi 20ms (cache miss)
1116 silly packumentCache full:https://registry.npmjs.org/strip-ansi set size:undefined disposed:false
1117 silly fetch manifest log-symbols@^4.1.0
1118 silly packumentCache full:https://registry.npmjs.org/log-symbols cache-miss
1119 http fetch GET 200 https://registry.npmjs.org/log-symbols 34ms (cache miss)
1120 silly packumentCache full:https://registry.npmjs.org/log-symbols set size:undefined disposed:false
1121 silly fetch manifest cli-spinners@^2.5.0
1122 silly packumentCache full:https://registry.npmjs.org/cli-spinners cache-miss
1123 http fetch GET 200 https://registry.npmjs.org/cli-spinners 27ms (cache miss)
1124 silly packumentCache full:https://registry.npmjs.org/cli-spinners set size:undefined disposed:false
1125 silly fetch manifest is-interactive@^1.0.0
1126 silly packumentCache full:https://registry.npmjs.org/is-interactive cache-miss
1127 http fetch GET 200 https://registry.npmjs.org/is-interactive 31ms (cache miss)
1128 silly packumentCache full:https://registry.npmjs.org/is-interactive set size:undefined disposed:false
1129 silly fetch manifest is-unicode-supported@^0.1.0
1130 silly packumentCache full:https://registry.npmjs.org/is-unicode-supported cache-miss
1131 http fetch GET 200 https://registry.npmjs.org/is-unicode-supported 22ms (cache miss)
1132 silly packumentCache full:https://registry.npmjs.org/is-unicode-supported set size:undefined disposed:false
1133 silly fetch manifest pgpass@1.0.5
1134 silly packumentCache full:https://registry.npmjs.org/pgpass cache-miss
1135 http fetch GET 200 https://registry.npmjs.org/pgpass 36ms (cache miss)
1136 silly packumentCache full:https://registry.npmjs.org/pgpass set size:undefined disposed:false
1137 silly fetch manifest pg-pool@^3.14.0
1138 silly packumentCache full:https://registry.npmjs.org/pg-pool cache-miss
1139 http fetch GET 200 https://registry.npmjs.org/pg-pool 28ms (cache miss)
1140 silly packumentCache full:https://registry.npmjs.org/pg-pool set size:undefined disposed:false
1141 silly fetch manifest pg-types@2.2.0
1142 silly packumentCache full:https://registry.npmjs.org/pg-types cache-miss
1143 http fetch GET 200 https://registry.npmjs.org/pg-types 31ms (cache miss)
1144 silly packumentCache full:https://registry.npmjs.org/pg-types set size:undefined disposed:false
1145 silly fetch manifest pg-protocol@^1.16.0
1146 silly packumentCache full:https://registry.npmjs.org/pg-protocol cache-miss
1147 http fetch GET 200 https://registry.npmjs.org/pg-protocol 26ms (cache miss)
1148 silly packumentCache full:https://registry.npmjs.org/pg-protocol set size:undefined disposed:false
1149 silly fetch manifest pg-connection-string@^2.14.0
1150 silly packumentCache full:https://registry.npmjs.org/pg-connection-string cache-miss
1151 http fetch GET 200 https://registry.npmjs.org/pg-connection-string 30ms (cache miss)
1152 silly packumentCache full:https://registry.npmjs.org/pg-connection-string set size:undefined disposed:false
1153 silly fetch manifest pg-cloudflare@^1.4.0
1154 silly packumentCache full:https://registry.npmjs.org/pg-cloudflare cache-miss
1155 http fetch GET 200 https://registry.npmjs.org/pg-cloudflare 29ms (cache miss)
1156 silly packumentCache full:https://registry.npmjs.org/pg-cloudflare set size:undefined disposed:false
1157 silly fetch manifest async@^3.2.6
1158 silly packumentCache full:https://registry.npmjs.org/async cache-miss
1159 http cache https://registry.npmjs.org/async 3ms (cache hit)
1160 silly packumentCache full:https://registry.npmjs.org/async set size:230482 disposed:false
1161 silly fetch manifest debug@^4.3.6
1162 silly packumentCache full:https://registry.npmjs.org/debug cache-miss
1163 http cache https://registry.npmjs.org/debug 4ms (cache hit)
1164 silly packumentCache full:https://registry.npmjs.org/debug set size:195840 disposed:false
1165 silly fetch manifest debug@^4.3.4
1166 silly packumentCache full:https://registry.npmjs.org/debug cache-hit
1167 silly fetch manifest lru-cache@^7.14.1
1168 silly packumentCache full:https://registry.npmjs.org/lru-cache cache-miss
1169 http fetch GET 200 https://registry.npmjs.org/lru-cache 51ms (cache miss)
1170 silly packumentCache full:https://registry.npmjs.org/lru-cache set size:undefined disposed:false
1171 silly fetch manifest agent-base@^7.1.2
1172 silly packumentCache full:https://registry.npmjs.org/agent-base cache-miss
1173 http fetch GET 200 https://registry.npmjs.org/agent-base 23ms (cache miss)
1174 silly packumentCache full:https://registry.npmjs.org/agent-base set size:undefined disposed:false
1175 silly fetch manifest proxy-from-env@^1.1.0
1176 silly packumentCache full:https://registry.npmjs.org/proxy-from-env cache-miss
1177 http fetch GET 200 https://registry.npmjs.org/proxy-from-env 27ms (cache miss)
1178 silly packumentCache full:https://registry.npmjs.org/proxy-from-env set size:undefined disposed:false
1179 silly fetch manifest pac-proxy-agent@^7.1.0
1180 silly packumentCache full:https://registry.npmjs.org/pac-proxy-agent cache-miss
1181 http fetch GET 200 https://registry.npmjs.org/pac-proxy-agent 25ms (cache miss)
1182 silly packumentCache full:https://registry.npmjs.org/pac-proxy-agent set size:undefined disposed:false
1183 silly fetch manifest http-proxy-agent@^7.0.1
1184 silly packumentCache full:https://registry.npmjs.org/http-proxy-agent cache-miss
1185 http fetch GET 200 https://registry.npmjs.org/http-proxy-agent 29ms (cache miss)
1186 silly packumentCache full:https://registry.npmjs.org/http-proxy-agent set size:undefined disposed:false
1187 silly fetch manifest https-proxy-agent@^7.0.6
1188 silly packumentCache full:https://registry.npmjs.org/https-proxy-agent cache-miss
1189 http cache https://registry.npmjs.org/https-proxy-agent 3ms (cache hit)
1190 silly packumentCache full:https://registry.npmjs.org/https-proxy-agent set size:83792 disposed:false
1191 silly fetch manifest socks-proxy-agent@^8.0.5
1192 silly packumentCache full:https://registry.npmjs.org/socks-proxy-agent cache-miss
1193 http fetch GET 200 https://registry.npmjs.org/socks-proxy-agent 34ms (cache miss)
1194 silly packumentCache full:https://registry.npmjs.org/socks-proxy-agent set size:undefined disposed:false
1195 silly fetch manifest nearley@^2.20.1
1196 silly packumentCache full:https://registry.npmjs.org/nearley cache-miss
1197 http fetch GET 200 https://registry.npmjs.org/nearley 42ms (cache miss)
1198 silly packumentCache full:https://registry.npmjs.org/nearley set size:undefined disposed:false
1199 silly fetch manifest is-url@^1.2.2
1200 silly packumentCache full:https://registry.npmjs.org/is-url cache-miss
1201 http fetch GET 200 https://registry.npmjs.org/is-url 23ms (cache miss)
1202 silly packumentCache full:https://registry.npmjs.org/is-url set size:undefined disposed:false
1203 silly fetch manifest router@^2.0.0
1204 silly packumentCache full:https://registry.npmjs.org/router cache-miss
1205 http fetch GET 200 https://registry.npmjs.org/router 37ms (cache miss)
1206 silly packumentCache full:https://registry.npmjs.org/router set size:undefined disposed:false
1207 silly fetch manifest connect@^3.7.0
1208 silly packumentCache full:https://registry.npmjs.org/connect cache-miss
1209 http fetch GET 200 https://registry.npmjs.org/connect 31ms (cache miss)
1210 silly packumentCache full:https://registry.npmjs.org/connect set size:undefined disposed:false
1211 silly fetch manifest destroy@^1.0.4
1212 silly packumentCache full:https://registry.npmjs.org/destroy cache-miss
1213 http cache https://registry.npmjs.org/destroy 3ms (cache hit)
1214 silly packumentCache full:https://registry.npmjs.org/destroy set size:15738 disposed:false
1215 silly fetch manifest commander@^10.0.0
1216 silly packumentCache full:https://registry.npmjs.org/commander cache-miss
1217 http cache https://registry.npmjs.org/commander 3ms (cache hit)
1218 silly packumentCache full:https://registry.npmjs.org/commander set size:353104 disposed:false
1219 silly fetch manifest join-path@^1.1.1
1220 silly packumentCache full:https://registry.npmjs.org/join-path cache-miss
1221 http fetch GET 200 https://registry.npmjs.org/join-path 217ms (cache miss)
1222 silly packumentCache full:https://registry.npmjs.org/join-path set size:undefined disposed:false
1223 silly fetch manifest minimatch@^6.1.6
1224 silly packumentCache full:https://registry.npmjs.org/minimatch cache-hit
1225 silly fetch manifest on-headers@^1.0.0
1226 silly packumentCache full:https://registry.npmjs.org/on-headers cache-miss
1227 http cache https://registry.npmjs.org/on-headers 4ms (cache hit)
1228 silly packumentCache full:https://registry.npmjs.org/on-headers set size:13226 disposed:false
1229 silly fetch manifest compression@^1.7.0
1230 silly packumentCache full:https://registry.npmjs.org/compression cache-miss
1231 http fetch GET 200 https://registry.npmjs.org/compression 29ms (cache miss)
1232 silly packumentCache full:https://registry.npmjs.org/compression set size:undefined disposed:false
1233 silly fetch manifest on-finished@^2.2.0
1234 silly packumentCache full:https://registry.npmjs.org/on-finished cache-miss
1235 http cache https://registry.npmjs.org/on-finished 2ms (cache hit)
1236 silly packumentCache full:https://registry.npmjs.org/on-finished set size:23212 disposed:false
1237 silly fetch manifest glob-slasher@^1.0.1
1238 silly packumentCache full:https://registry.npmjs.org/glob-slasher cache-miss
1239 http fetch GET 200 https://registry.npmjs.org/glob-slasher 33ms (cache miss)
1240 silly packumentCache full:https://registry.npmjs.org/glob-slasher set size:undefined disposed:false
1241 silly fetch manifest path-to-regexp@^1.9.0
1242 silly packumentCache full:https://registry.npmjs.org/path-to-regexp cache-miss
1243 http cache https://registry.npmjs.org/path-to-regexp 3ms (cache hit)
1244 silly packumentCache full:https://registry.npmjs.org/path-to-regexp set size:216334 disposed:false
1245 silly fetch manifest basic-auth-connect@^1.1.0
1246 silly packumentCache full:https://registry.npmjs.org/basic-auth-connect cache-miss
1247 http fetch GET 200 https://registry.npmjs.org/basic-auth-connect 25ms (cache miss)
1248 silly packumentCache full:https://registry.npmjs.org/basic-auth-connect set size:undefined disposed:false
1249 silly fetch manifest re2@^1.17.7
1250 silly packumentCache full:https://registry.npmjs.org/re2 cache-miss
1251 http fetch GET 200 https://registry.npmjs.org/re2 39ms (cache miss)
1252 silly packumentCache full:https://registry.npmjs.org/re2 set size:undefined disposed:false
1253 silly fetch manifest chownr@^3.0.0
1254 silly packumentCache full:https://registry.npmjs.org/chownr cache-miss
1255 http fetch GET 200 https://registry.npmjs.org/chownr 19ms (cache miss)
1256 silly packumentCache full:https://registry.npmjs.org/chownr set size:undefined disposed:false
1257 silly fetch manifest yallist@^5.0.0
1258 silly packumentCache full:https://registry.npmjs.org/yallist cache-miss
1259 http fetch GET 200 https://registry.npmjs.org/yallist 26ms (cache miss)
1260 silly packumentCache full:https://registry.npmjs.org/yallist set size:undefined disposed:false
1261 silly fetch manifest minizlib@^3.1.0
1262 silly packumentCache full:https://registry.npmjs.org/minizlib cache-miss
1263 http fetch GET 200 https://registry.npmjs.org/minizlib 23ms (cache miss)
1264 silly packumentCache full:https://registry.npmjs.org/minizlib set size:undefined disposed:false
1265 silly fetch manifest @isaacs/fs-minipass@^4.0.0
1266 silly packumentCache full:https://registry.npmjs.org/@isaacs%2ffs-minipass cache-miss
1267 http fetch GET 200 https://registry.npmjs.org/@isaacs%2ffs-minipass 50ms (cache miss)
1268 silly packumentCache full:https://registry.npmjs.org/@isaacs%2ffs-minipass set size:undefined disposed:false
1269 silly fetch manifest debug@4.3.1
1270 silly packumentCache full:https://registry.npmjs.org/debug cache-hit
1271 silly fetch manifest is2@2.0.1
1272 silly packumentCache full:https://registry.npmjs.org/is2 cache-miss
1273 http fetch GET 200 https://registry.npmjs.org/is2 23ms (cache miss)
1274 silly packumentCache full:https://registry.npmjs.org/is2 set size:undefined disposed:false
1275 silly fetch manifest debug@^4.3.1
1276 silly packumentCache full:https://registry.npmjs.org/debug cache-hit
1277 silly fetch manifest uuid@^14.0.0
1278 silly packumentCache full:https://registry.npmjs.org/uuid cache-miss
1279 http cache https://registry.npmjs.org/uuid 4ms (cache hit)
1280 silly packumentCache full:https://registry.npmjs.org/uuid set size:260936 disposed:false
1281 silly fetch manifest boxen@^5.0.0
1282 silly packumentCache full:https://registry.npmjs.org/boxen cache-miss
1283 http fetch GET 200 https://registry.npmjs.org/boxen 31ms (cache miss)
1284 silly packumentCache full:https://registry.npmjs.org/boxen set size:undefined disposed:false
1285 silly fetch manifest has-yarn@^2.1.0
1286 silly packumentCache full:https://registry.npmjs.org/has-yarn cache-miss
1287 http fetch GET 200 https://registry.npmjs.org/has-yarn 23ms (cache miss)
1288 silly packumentCache full:https://registry.npmjs.org/has-yarn set size:undefined disposed:false
1289 silly fetch manifest import-lazy@^2.1.0
1290 silly packumentCache full:https://registry.npmjs.org/import-lazy cache-miss
1291 http fetch GET 200 https://registry.npmjs.org/import-lazy 24ms (cache miss)
1292 silly packumentCache full:https://registry.npmjs.org/import-lazy set size:undefined disposed:false
1293 silly fetch manifest is-ci@^2.0.0
1294 silly packumentCache full:https://registry.npmjs.org/is-ci cache-miss
1295 http fetch GET 200 https://registry.npmjs.org/is-ci 27ms (cache miss)
1296 silly packumentCache full:https://registry.npmjs.org/is-ci set size:undefined disposed:false
1297 silly fetch manifest is-installed-globally@^0.4.0
1298 silly packumentCache full:https://registry.npmjs.org/is-installed-globally cache-miss
1299 http fetch GET 200 https://registry.npmjs.org/is-installed-globally 30ms (cache miss)
1300 silly packumentCache full:https://registry.npmjs.org/is-installed-globally set size:undefined disposed:false
1301 silly fetch manifest is-npm@^5.0.0
1302 silly packumentCache full:https://registry.npmjs.org/is-npm cache-miss
1303 http fetch GET 200 https://registry.npmjs.org/is-npm 25ms (cache miss)
1304 silly packumentCache full:https://registry.npmjs.org/is-npm set size:undefined disposed:false
1305 silly fetch manifest is-yarn-global@^0.3.0
1306 silly packumentCache full:https://registry.npmjs.org/is-yarn-global cache-miss
1307 http fetch GET 200 https://registry.npmjs.org/is-yarn-global 23ms (cache miss)
1308 silly packumentCache full:https://registry.npmjs.org/is-yarn-global set size:undefined disposed:false
1309 silly fetch manifest isomorphic-fetch@^3.0.0
1310 silly packumentCache full:https://registry.npmjs.org/isomorphic-fetch cache-miss
1311 http fetch GET 200 https://registry.npmjs.org/isomorphic-fetch 22ms (cache miss)
1312 silly packumentCache full:https://registry.npmjs.org/isomorphic-fetch set size:undefined disposed:false
1313 silly fetch manifest pupa@^2.1.1
1314 silly packumentCache full:https://registry.npmjs.org/pupa cache-miss
1315 http fetch GET 200 https://registry.npmjs.org/pupa 26ms (cache miss)
1316 silly packumentCache full:https://registry.npmjs.org/pupa set size:undefined disposed:false
1317 silly fetch manifest registry-auth-token@^5.0.1
1318 silly packumentCache full:https://registry.npmjs.org/registry-auth-token cache-miss
1319 http fetch GET 200 https://registry.npmjs.org/registry-auth-token 23ms (cache miss)
1320 silly packumentCache full:https://registry.npmjs.org/registry-auth-token set size:undefined disposed:false
1321 silly fetch manifest registry-url@^5.1.0
1322 silly packumentCache full:https://registry.npmjs.org/registry-url cache-miss
1323 http fetch GET 200 https://registry.npmjs.org/registry-url 25ms (cache miss)
1324 silly packumentCache full:https://registry.npmjs.org/registry-url set size:undefined disposed:false
1325 silly fetch manifest semver-diff@^3.1.1
1326 silly packumentCache full:https://registry.npmjs.org/semver-diff cache-miss
1327 http fetch GET 200 https://registry.npmjs.org/semver-diff 22ms (cache miss)
1328 silly packumentCache full:https://registry.npmjs.org/semver-diff set size:undefined disposed:false
1329 silly fetch manifest async@^3.2.3
1330 silly packumentCache full:https://registry.npmjs.org/async cache-hit
1331 silly fetch manifest logform@^2.7.0
1332 silly packumentCache full:https://registry.npmjs.org/logform cache-miss
1333 http fetch GET 200 https://registry.npmjs.org/logform 33ms (cache miss)
1334 silly packumentCache full:https://registry.npmjs.org/logform set size:undefined disposed:false
1335 silly fetch manifest one-time@^1.0.0
1336 silly packumentCache full:https://registry.npmjs.org/one-time cache-miss
1337 http fetch GET 200 https://registry.npmjs.org/one-time 24ms (cache miss)
1338 silly packumentCache full:https://registry.npmjs.org/one-time set size:undefined disposed:false
1339 silly fetch manifest stack-trace@0.0.x
1340 silly packumentCache full:https://registry.npmjs.org/stack-trace cache-miss
1341 http fetch GET 200 https://registry.npmjs.org/stack-trace 31ms (cache miss)
1342 silly packumentCache full:https://registry.npmjs.org/stack-trace set size:undefined disposed:false
1343 silly fetch manifest @colors/colors@^1.6.0
1344 silly packumentCache full:https://registry.npmjs.org/@colors%2fcolors cache-miss
1345 http cache https://registry.npmjs.org/@colors%2fcolors 2ms (cache hit)
1346 silly packumentCache full:https://registry.npmjs.org/@colors%2fcolors set size:12042 disposed:false
1347 silly fetch manifest readable-stream@^3.4.0
1348 silly packumentCache full:https://registry.npmjs.org/readable-stream cache-miss
1349 http cache https://registry.npmjs.org/readable-stream 4ms (cache hit)
1350 silly packumentCache full:https://registry.npmjs.org/readable-stream set size:261096 disposed:false
1351 silly fetch manifest @dabh/diagnostics@^2.0.8
1352 silly packumentCache full:https://registry.npmjs.org/@dabh%2fdiagnostics cache-miss
1353 http fetch GET 200 https://registry.npmjs.org/@dabh%2fdiagnostics 34ms (cache miss)
1354 silly packumentCache full:https://registry.npmjs.org/@dabh%2fdiagnostics set size:undefined disposed:false
1355 silly fetch manifest winston-transport@^4.9.0
1356 silly packumentCache full:https://registry.npmjs.org/winston-transport cache-miss
1357 http cache https://registry.npmjs.org/winston-transport 3ms (cache hit)
1358 silly packumentCache full:https://registry.npmjs.org/winston-transport set size:60135 disposed:false
1359 silly fetch manifest safe-stable-stringify@^2.3.1
1360 silly packumentCache full:https://registry.npmjs.org/safe-stable-stringify cache-miss
1361 http fetch GET 200 https://registry.npmjs.org/safe-stable-stringify 34ms (cache miss)
1362 silly packumentCache full:https://registry.npmjs.org/safe-stable-stringify set size:undefined disposed:false
1363 silly fetch manifest readable-stream@^3.6.2
1364 silly packumentCache full:https://registry.npmjs.org/readable-stream cache-hit
1365 silly placeDep node_modules/firebase-tools @google-cloud/sql@0.25.0 OK for: @google-cloud/cloud-sql-connector@1.12.0 want: ^0.25.0
1366 silly placeDep node_modules/firebase-tools @googleapis/sqladmin@38.0.0 OK for: @google-cloud/cloud-sql-connector@1.12.0 want: ^38.0.0
1367 silly placeDep node_modules/firebase-tools @grpc/grpc-js@1.14.4 OK for: @google-cloud/cloud-sql-connector@1.12.0 want: ^1.14.4
1368 silly placeDep node_modules/firebase-tools/node_modules/@google-cloud/cloud-sql-connector gaxios@8.0.0 OK for: @google-cloud/cloud-sql-connector@1.12.0 want: ^8.0.0
1369 silly placeDep node_modules/firebase-tools/node_modules/@google-cloud/cloud-sql-connector google-auth-library@11.0.2 OK for: @google-cloud/cloud-sql-connector@1.12.0 want: ^11.0.2
1370 silly placeDep node_modules/firebase-tools p-throttle@8.1.0 OK for: @google-cloud/cloud-sql-connector@1.12.0 want: ^8.1.0
1371 silly fetch manifest google-gax@^5.0.0
1372 silly packumentCache full:https://registry.npmjs.org/google-gax cache-miss
1373 http cache https://registry.npmjs.org/google-gax 21ms (cache hit)
1374 silly packumentCache full:https://registry.npmjs.org/google-gax set size:2100090 disposed:false
1375 silly fetch manifest googleapis-common@^8.0.0
1376 silly packumentCache full:https://registry.npmjs.org/googleapis-common cache-miss
1377 http fetch GET 200 https://registry.npmjs.org/googleapis-common 31ms (cache miss)
1378 silly packumentCache full:https://registry.npmjs.org/googleapis-common set size:undefined disposed:false
1379 silly fetch manifest @grpc/proto-loader@^0.8.0
1380 silly packumentCache full:https://registry.npmjs.org/@grpc%2fproto-loader cache-miss
1381 http fetch GET 200 https://registry.npmjs.org/@grpc%2fproto-loader 58ms (cache miss)
1382 silly packumentCache full:https://registry.npmjs.org/@grpc%2fproto-loader set size:undefined disposed:false
1383 silly fetch manifest @js-sdsl/ordered-map@^4.4.2
1384 silly packumentCache full:https://registry.npmjs.org/@js-sdsl%2fordered-map cache-miss
1385 http fetch GET 200 https://registry.npmjs.org/@js-sdsl%2fordered-map 33ms (cache miss)
1386 silly packumentCache full:https://registry.npmjs.org/@js-sdsl%2fordered-map set size:undefined disposed:false
1387 silly fetch manifest node-fetch@^3.3.2
1388 silly packumentCache full:https://registry.npmjs.org/node-fetch cache-hit
1389 silly fetch manifest gaxios@^7.1.4
1390 silly packumentCache full:https://registry.npmjs.org/gaxios cache-hit
1391 silly fetch manifest gcp-metadata@^9.0.0
1392 silly packumentCache full:https://registry.npmjs.org/gcp-metadata cache-miss
1393 http cache https://registry.npmjs.org/gcp-metadata 3ms (cache hit)
1394 silly packumentCache full:https://registry.npmjs.org/gcp-metadata set size:210123 disposed:false
1395 silly fetch manifest google-logging-utils@^2.0.0
1396 silly packumentCache full:https://registry.npmjs.org/google-logging-utils cache-miss
1397 http cache https://registry.npmjs.org/google-logging-utils 3ms (cache hit)
1398 silly packumentCache full:https://registry.npmjs.org/google-logging-utils set size:31146 disposed:false
1399 silly placeDep node_modules/firebase-tools @google-cloud/paginator@6.1.0 OK for: @google-cloud/pubsub@5.3.1 want: ^6.0.0
1400 silly placeDep node_modules/firebase-tools @google-cloud/precise-date@5.2.0 OK for: @google-cloud/pubsub@5.3.1 want: ^5.0.0
1401 silly placeDep node_modules/firebase-tools @google-cloud/projectify@5.2.0 OK for: @google-cloud/pubsub@5.3.1 want: ^5.0.0
1402 silly placeDep node_modules/firebase-tools @google-cloud/promisify@5.1.0 OK for: @google-cloud/pubsub@5.3.1 want: ^5.0.0
1403 silly placeDep node_modules/firebase-tools @opentelemetry/api@1.9.1 OK for: @google-cloud/pubsub@5.3.1 want: ~1.9.0
1404 silly placeDep node_modules/firebase-tools @opentelemetry/core@1.30.1 OK for: @google-cloud/pubsub@5.3.1 want: ^1.30.1
1405 silly placeDep node_modules/firebase-tools @opentelemetry/semantic-conventions@1.39.0 OK for: @google-cloud/pubsub@5.3.1 want: ~1.39.0
1406 silly placeDep node_modules/firebase-tools arrify@2.0.1 OK for: @google-cloud/pubsub@5.3.1 want: ^2.0.0
1407 silly placeDep node_modules/firebase-tools extend@3.0.2 OK for: @google-cloud/pubsub@5.3.1 want: ^3.0.2
1408 silly placeDep node_modules/firebase-tools/node_modules/@google-cloud/pubsub google-auth-library@10.9.1 OK for: @google-cloud/pubsub@5.3.1 want: ^10.5.0
1409 silly placeDep node_modules/firebase-tools google-gax@5.0.8 OK for: @google-cloud/pubsub@5.3.1 want: ^5.0.5
1410 silly placeDep node_modules/firebase-tools google-logging-utils@1.2.0 OK for: @google-cloud/pubsub@5.3.1 want: ^1.1.3
1411 silly placeDep node_modules/firebase-tools heap-js@2.7.1 OK for: @google-cloud/pubsub@5.3.1 want: ^2.6.0
1412 silly placeDep node_modules/firebase-tools is-stream-ended@0.1.4 OK for: @google-cloud/pubsub@5.3.1 want: ^0.1.4
1413 silly placeDep node_modules/firebase-tools lodash.snakecase@4.1.1 OK for: @google-cloud/pubsub@5.3.1 want: ^4.1.1
1414 silly placeDep node_modules/firebase-tools long@5.3.2 OK for: @google-cloud/pubsub@5.3.1 want: ^5.3.1
1415 silly placeDep node_modules/firebase-tools p-defer@3.0.0 OK for: @google-cloud/pubsub@5.3.1 want: ^3.0.0
1416 silly fetch manifest @opentelemetry/semantic-conventions@1.28.0
1417 silly packumentCache full:https://registry.npmjs.org/@opentelemetry%2fsemantic-conventions cache-miss
1418 http cache https://registry.npmjs.org/@opentelemetry%2fsemantic-conventions 4ms (cache hit)
1419 silly packumentCache full:https://registry.npmjs.org/@opentelemetry%2fsemantic-conventions set size:428824 disposed:false
1420 silly fetch manifest gcp-metadata@8.1.2
1421 silly packumentCache full:https://registry.npmjs.org/gcp-metadata cache-hit
1422 silly fetch manifest google-logging-utils@1.1.3
1423 silly packumentCache full:https://registry.npmjs.org/google-logging-utils cache-hit
1424 silly fetch manifest rimraf@^5.0.1
1425 silly packumentCache full:https://registry.npmjs.org/rimraf cache-miss
1426 http fetch GET 200 https://registry.npmjs.org/rimraf 35ms (cache miss)
1427 silly packumentCache full:https://registry.npmjs.org/rimraf set size:undefined disposed:false
1428 silly fetch manifest duplexify@^4.1.3
1429 silly packumentCache full:https://registry.npmjs.org/duplexify cache-miss
1430 http fetch GET 200 https://registry.npmjs.org/duplexify 25ms (cache miss)
1431 silly packumentCache full:https://registry.npmjs.org/duplexify set size:undefined disposed:false
1432 silly fetch manifest protobufjs@^7.5.4
1433 silly packumentCache full:https://registry.npmjs.org/protobufjs cache-miss
1434 http fetch GET 200 https://registry.npmjs.org/protobufjs 47ms (cache miss)
1435 silly packumentCache full:https://registry.npmjs.org/protobufjs set size:undefined disposed:false
1436 silly fetch manifest object-hash@^3.0.0
1437 silly packumentCache full:https://registry.npmjs.org/object-hash cache-miss
1438 http fetch GET 200 https://registry.npmjs.org/object-hash 26ms (cache miss)
1439 silly packumentCache full:https://registry.npmjs.org/object-hash set size:undefined disposed:false
1440 silly fetch manifest retry-request@^8.0.2
1441 silly packumentCache full:https://registry.npmjs.org/retry-request cache-miss
1442 http fetch GET 200 https://registry.npmjs.org/retry-request 30ms (cache miss)
1443 silly packumentCache full:https://registry.npmjs.org/retry-request set size:undefined disposed:false
1444 silly fetch manifest google-auth-library@10.5.0
1445 silly packumentCache full:https://registry.npmjs.org/google-auth-library cache-hit
1446 silly fetch manifest proto3-json-serializer@3.0.4
1447 silly packumentCache full:https://registry.npmjs.org/proto3-json-serializer cache-miss
1448 http fetch GET 200 https://registry.npmjs.org/proto3-json-serializer 26ms (cache miss)
1449 silly packumentCache full:https://registry.npmjs.org/proto3-json-serializer set size:undefined disposed:false
1450 silly placeDep node_modules/firebase-tools googleapis-common@8.0.3 OK for: @googleapis/sqladmin@38.0.0 want: ^8.0.0
1451 silly fetch manifest qs@^6.7.0
1452 silly packumentCache full:https://registry.npmjs.org/qs cache-hit
1453 silly fetch manifest gaxios@7.1.3
1454 silly packumentCache full:https://registry.npmjs.org/gaxios cache-hit
1455 silly fetch manifest url-template@^2.0.8
1456 silly packumentCache full:https://registry.npmjs.org/url-template cache-miss
1457 http fetch GET 200 https://registry.npmjs.org/url-template 28ms (cache miss)
1458 silly packumentCache full:https://registry.npmjs.org/url-template set size:undefined disposed:false
1459 silly placeDep node_modules/firebase-tools @grpc/proto-loader@0.8.1 OK for: @grpc/grpc-js@1.14.4 want: ^0.8.0
1460 silly placeDep node_modules/firebase-tools @js-sdsl/ordered-map@4.4.2 OK for: @grpc/grpc-js@1.14.4 want: ^4.4.2
1461 silly fetch manifest lodash.camelcase@^4.3.0
1462 silly packumentCache full:https://registry.npmjs.org/lodash.camelcase cache-miss
1463 http fetch GET 200 https://registry.npmjs.org/lodash.camelcase 19ms (cache miss)
1464 silly packumentCache full:https://registry.npmjs.org/lodash.camelcase set size:undefined disposed:false
1465 silly fetch manifest protobufjs@^7.5.5
1466 silly packumentCache full:https://registry.npmjs.org/protobufjs cache-miss
1467 http cache https://registry.npmjs.org/protobufjs 6ms (cache hit)
1468 silly packumentCache full:https://registry.npmjs.org/protobufjs set size:760935 disposed:false
1469 silly fetch manifest yargs@^17.7.2
1470 silly packumentCache full:https://registry.npmjs.org/yargs cache-miss
1471 http fetch GET 200 https://registry.npmjs.org/yargs 59ms (cache miss)
1472 silly packumentCache full:https://registry.npmjs.org/yargs set size:undefined disposed:false
1473 silly placeDep node_modules/firebase-tools lodash.camelcase@4.3.0 OK for: @grpc/proto-loader@0.8.1 want: ^4.3.0
1474 silly placeDep node_modules/firebase-tools protobufjs@7.6.6 OK for: @grpc/proto-loader@0.8.1 want: ^7.5.5
1475 silly placeDep node_modules/firebase-tools yargs@17.7.3 OK for: @grpc/proto-loader@0.8.1 want: ^17.7.2
1476 silly fetch manifest @types/node@>=13.7.0
1477 silly packumentCache full:https://registry.npmjs.org/@types%2fnode cache-miss
1478 http cache https://registry.npmjs.org/@types%2fnode 28ms (cache hit)
1479 silly packumentCache full:https://registry.npmjs.org/@types%2fnode set size:11100097 disposed:false
1480 silly fetch manifest @protobufjs/path@^1.1.2
1481 silly packumentCache full:https://registry.npmjs.org/@protobufjs%2fpath cache-miss
1482 http fetch GET 200 https://registry.npmjs.org/@protobufjs%2fpath 38ms (cache miss)
1483 silly packumentCache full:https://registry.npmjs.org/@protobufjs%2fpath set size:undefined disposed:false
1484 silly fetch manifest @protobufjs/pool@^1.1.0
1485 silly packumentCache full:https://registry.npmjs.org/@protobufjs%2fpool cache-miss
1486 http fetch GET 200 https://registry.npmjs.org/@protobufjs%2fpool 46ms (cache miss)
1487 silly packumentCache full:https://registry.npmjs.org/@protobufjs%2fpool set size:undefined disposed:false
1488 silly fetch manifest @protobufjs/utf8@^1.1.1
1489 silly packumentCache full:https://registry.npmjs.org/@protobufjs%2futf8 cache-miss
1490 http fetch GET 200 https://registry.npmjs.org/@protobufjs%2futf8 33ms (cache miss)
1491 silly packumentCache full:https://registry.npmjs.org/@protobufjs%2futf8 set size:undefined disposed:false
1492 silly fetch manifest @protobufjs/fetch@^1.1.1
1493 silly packumentCache full:https://registry.npmjs.org/@protobufjs%2ffetch cache-miss
1494 http fetch GET 200 https://registry.npmjs.org/@protobufjs%2ffetch 40ms (cache miss)
1495 silly packumentCache full:https://registry.npmjs.org/@protobufjs%2ffetch set size:undefined disposed:false
1496 silly fetch manifest @protobufjs/float@^1.0.2
1497 silly packumentCache full:https://registry.npmjs.org/@protobufjs%2ffloat cache-miss
1498 http fetch GET 200 https://registry.npmjs.org/@protobufjs%2ffloat 34ms (cache miss)
1499 silly packumentCache full:https://registry.npmjs.org/@protobufjs%2ffloat set size:undefined disposed:false
1500 silly fetch manifest @protobufjs/base64@^1.1.2
1501 silly packumentCache full:https://registry.npmjs.org/@protobufjs%2fbase64 cache-miss
1502 http fetch GET 200 https://registry.npmjs.org/@protobufjs%2fbase64 40ms (cache miss)
1503 silly packumentCache full:https://registry.npmjs.org/@protobufjs%2fbase64 set size:undefined disposed:false
1504 silly fetch manifest @protobufjs/codegen@^2.0.5
1505 silly packumentCache full:https://registry.npmjs.org/@protobufjs%2fcodegen cache-miss
1506 http fetch GET 200 https://registry.npmjs.org/@protobufjs%2fcodegen 36ms (cache miss)
1507 silly packumentCache full:https://registry.npmjs.org/@protobufjs%2fcodegen set size:undefined disposed:false
1508 silly fetch manifest @protobufjs/aspromise@^1.1.2
1509 silly packumentCache full:https://registry.npmjs.org/@protobufjs%2faspromise cache-miss
1510 http fetch GET 200 https://registry.npmjs.org/@protobufjs%2faspromise 44ms (cache miss)
1511 silly packumentCache full:https://registry.npmjs.org/@protobufjs%2faspromise set size:undefined disposed:false
1512 silly fetch manifest @protobufjs/eventemitter@^1.1.1
1513 silly packumentCache full:https://registry.npmjs.org/@protobufjs%2feventemitter cache-miss
1514 http fetch GET 200 https://registry.npmjs.org/@protobufjs%2feventemitter 35ms (cache miss)
1515 silly packumentCache full:https://registry.npmjs.org/@protobufjs%2feventemitter set size:undefined disposed:false
1516 silly fetch manifest y18n@^5.0.5
1517 silly packumentCache full:https://registry.npmjs.org/y18n cache-miss
1518 http fetch GET 200 https://registry.npmjs.org/y18n 30ms (cache miss)
1519 silly packumentCache full:https://registry.npmjs.org/y18n set size:undefined disposed:false
1520 silly fetch manifest cliui@^8.0.1
1521 silly packumentCache full:https://registry.npmjs.org/cliui cache-miss
1522 http fetch GET 200 https://registry.npmjs.org/cliui 25ms (cache miss)
1523 silly packumentCache full:https://registry.npmjs.org/cliui set size:undefined disposed:false
1524 silly fetch manifest escalade@^3.1.1
1525 silly packumentCache full:https://registry.npmjs.org/escalade cache-miss
1526 http fetch GET 200 https://registry.npmjs.org/escalade 30ms (cache miss)
1527 silly packumentCache full:https://registry.npmjs.org/escalade set size:undefined disposed:false
1528 silly fetch manifest string-width@^4.2.3
1529 silly packumentCache full:https://registry.npmjs.org/string-width cache-miss
1530 http cache https://registry.npmjs.org/string-width 3ms (cache hit)
1531 silly packumentCache full:https://registry.npmjs.org/string-width set size:72458 disposed:false
1532 silly fetch manifest yargs-parser@^21.1.1
1533 silly packumentCache full:https://registry.npmjs.org/yargs-parser cache-miss
1534 http fetch GET 200 https://registry.npmjs.org/yargs-parser 28ms (cache miss)
1535 silly packumentCache full:https://registry.npmjs.org/yargs-parser set size:undefined disposed:false
1536 silly fetch manifest get-caller-file@^2.0.5
1537 silly packumentCache full:https://registry.npmjs.org/get-caller-file cache-miss
1538 http fetch GET 200 https://registry.npmjs.org/get-caller-file 31ms (cache miss)
1539 silly packumentCache full:https://registry.npmjs.org/get-caller-file set size:undefined disposed:false
1540 silly fetch manifest require-directory@^2.1.1
1541 silly packumentCache full:https://registry.npmjs.org/require-directory cache-miss
1542 http fetch GET 200 https://registry.npmjs.org/require-directory 22ms (cache miss)
1543 silly packumentCache full:https://registry.npmjs.org/require-directory set size:undefined disposed:false
1544 silly placeDep node_modules/firebase-tools @inquirer/checkbox@4.3.2 OK for: @inquirer/prompts@7.10.1 want: ^4.3.2
1545 silly placeDep node_modules/firebase-tools @inquirer/confirm@5.1.21 OK for: @inquirer/prompts@7.10.1 want: ^5.1.21
1546 silly placeDep node_modules/firebase-tools @inquirer/editor@4.2.23 OK for: @inquirer/prompts@7.10.1 want: ^4.2.23
1547 silly placeDep node_modules/firebase-tools @inquirer/expand@4.0.23 OK for: @inquirer/prompts@7.10.1 want: ^4.0.23
1548 silly placeDep node_modules/firebase-tools @inquirer/input@4.3.1 OK for: @inquirer/prompts@7.10.1 want: ^4.3.1
1549 silly placeDep node_modules/firebase-tools @inquirer/number@3.0.23 OK for: @inquirer/prompts@7.10.1 want: ^3.0.23
1550 silly placeDep node_modules/firebase-tools @inquirer/password@4.0.23 OK for: @inquirer/prompts@7.10.1 want: ^4.0.23
1551 silly placeDep node_modules/firebase-tools @inquirer/rawlist@4.1.11 OK for: @inquirer/prompts@7.10.1 want: ^4.1.11
1552 silly placeDep node_modules/firebase-tools @inquirer/search@3.2.2 OK for: @inquirer/prompts@7.10.1 want: ^3.2.2
1553 silly placeDep node_modules/firebase-tools @inquirer/select@4.4.2 OK for: @inquirer/prompts@7.10.1 want: ^4.4.2
1554 silly fetch manifest @inquirer/ansi@^1.0.2
1555 silly packumentCache full:https://registry.npmjs.org/@inquirer%2fansi cache-miss
1556 http fetch GET 200 https://registry.npmjs.org/@inquirer%2fansi 46ms (cache miss)
1557 silly packumentCache full:https://registry.npmjs.org/@inquirer%2fansi set size:undefined disposed:false
1558 silly fetch manifest @inquirer/core@^10.3.2
1559 silly packumentCache full:https://registry.npmjs.org/@inquirer%2fcore cache-miss
1560 http fetch GET 200 https://registry.npmjs.org/@inquirer%2fcore 45ms (cache miss)
1561 silly packumentCache full:https://registry.npmjs.org/@inquirer%2fcore set size:undefined disposed:false
1562 silly fetch manifest @inquirer/type@^3.0.10
1563 silly packumentCache full:https://registry.npmjs.org/@inquirer%2ftype cache-miss
1564 http fetch GET 200 https://registry.npmjs.org/@inquirer%2ftype 68ms (cache miss)
1565 silly packumentCache full:https://registry.npmjs.org/@inquirer%2ftype set size:undefined disposed:false
1566 silly fetch manifest yoctocolors-cjs@^2.1.3
1567 silly packumentCache full:https://registry.npmjs.org/yoctocolors-cjs cache-miss
1568 http fetch GET 200 https://registry.npmjs.org/yoctocolors-cjs 19ms (cache miss)
1569 silly packumentCache full:https://registry.npmjs.org/yoctocolors-cjs set size:undefined disposed:false
1570 silly fetch manifest @inquirer/figures@^1.0.15
1571 silly packumentCache full:https://registry.npmjs.org/@inquirer%2ffigures cache-miss
1572 http fetch GET 200 https://registry.npmjs.org/@inquirer%2ffigures 46ms (cache miss)
1573 silly packumentCache full:https://registry.npmjs.org/@inquirer%2ffigures set size:undefined disposed:false
1574 silly fetch manifest @inquirer/external-editor@^1.0.3
1575 silly packumentCache full:https://registry.npmjs.org/@inquirer%2fexternal-editor cache-miss
1576 http fetch GET 200 https://registry.npmjs.org/@inquirer%2fexternal-editor 35ms (cache miss)
1577 silly packumentCache full:https://registry.npmjs.org/@inquirer%2fexternal-editor set size:undefined disposed:false
1578 silly placeDep node_modules/firebase-tools @inquirer/ansi@1.0.2 OK for: @inquirer/checkbox@4.3.2 want: ^1.0.2
1579 silly placeDep node_modules/firebase-tools @inquirer/core@10.3.2 OK for: @inquirer/checkbox@4.3.2 want: ^10.3.2
1580 silly placeDep node_modules/firebase-tools @inquirer/figures@1.0.15 OK for: @inquirer/checkbox@4.3.2 want: ^1.0.15
1581 silly placeDep node_modules/firebase-tools @inquirer/type@3.0.10 OK for: @inquirer/checkbox@4.3.2 want: ^3.0.10
1582 silly placeDep node_modules/firebase-tools yoctocolors-cjs@2.1.3 OK for: @inquirer/checkbox@4.3.2 want: ^2.1.3
1583 silly fetch manifest cli-width@^4.1.0
1584 silly packumentCache full:https://registry.npmjs.org/cli-width cache-miss
1585 http fetch GET 200 https://registry.npmjs.org/cli-width 26ms (cache miss)
1586 silly packumentCache full:https://registry.npmjs.org/cli-width set size:undefined disposed:false
1587 silly fetch manifest wrap-ansi@^6.2.0
1588 silly packumentCache full:https://registry.npmjs.org/wrap-ansi cache-miss
1589 http fetch GET 200 https://registry.npmjs.org/wrap-ansi 22ms (cache miss)
1590 silly packumentCache full:https://registry.npmjs.org/wrap-ansi set size:undefined disposed:false
1591 silly fetch manifest mute-stream@^2.0.0
1592 silly packumentCache full:https://registry.npmjs.org/mute-stream cache-miss
1593 http fetch GET 200 https://registry.npmjs.org/mute-stream 30ms (cache miss)
1594 silly packumentCache full:https://registry.npmjs.org/mute-stream set size:undefined disposed:false
1595 silly fetch manifest signal-exit@^4.1.0
1596 silly packumentCache full:https://registry.npmjs.org/signal-exit cache-miss
1597 http fetch GET 200 https://registry.npmjs.org/signal-exit 23ms (cache miss)
1598 silly packumentCache full:https://registry.npmjs.org/signal-exit set size:undefined disposed:false
1599 silly placeDep node_modules/firebase-tools cli-width@4.1.0 OK for: @inquirer/core@10.3.2 want: ^4.1.0
1600 silly placeDep node_modules/firebase-tools mute-stream@2.0.0 OK for: @inquirer/core@10.3.2 want: ^2.0.0
1601 silly placeDep node_modules/firebase-tools signal-exit@4.1.0 OK for: @inquirer/core@10.3.2 want: ^4.1.0
1602 silly placeDep node_modules/firebase-tools wrap-ansi@6.2.0 OK for: @inquirer/core@10.3.2 want: ^6.2.0
1603 silly fetch manifest ansi-styles@^4.0.0
1604 silly packumentCache full:https://registry.npmjs.org/ansi-styles cache-miss
1605 http fetch GET 200 https://registry.npmjs.org/ansi-styles 31ms (cache miss)
1606 silly packumentCache full:https://registry.npmjs.org/ansi-styles set size:undefined disposed:false
1607 silly fetch manifest string-width@^4.1.0
1608 silly packumentCache full:https://registry.npmjs.org/string-width cache-hit
1609 silly placeDep node_modules/firebase-tools @inquirer/external-editor@1.0.3 OK for: @inquirer/editor@4.2.23 want: ^1.0.3
1610 silly fetch manifest chardet@^2.1.1
1611 silly packumentCache full:https://registry.npmjs.org/chardet cache-miss
1612 http fetch GET 200 https://registry.npmjs.org/chardet 26ms (cache miss)
1613 silly packumentCache full:https://registry.npmjs.org/chardet set size:undefined disposed:false
1614 silly fetch manifest iconv-lite@^0.7.0
1615 silly packumentCache full:https://registry.npmjs.org/iconv-lite cache-miss
1616 http cache https://registry.npmjs.org/iconv-lite 3ms (cache hit)
1617 silly packumentCache full:https://registry.npmjs.org/iconv-lite set size:126462 disposed:false
1618 silly placeDep node_modules/firebase-tools chardet@2.2.0 OK for: @inquirer/external-editor@1.0.3 want: ^2.1.1
1619 silly placeDep node_modules/firebase-tools iconv-lite@0.7.3 OK for: @inquirer/external-editor@1.0.3 want: ^0.7.0
1620 silly fetch manifest safer-buffer@>= 2.1.2 < 3.0.0
1621 silly packumentCache full:https://registry.npmjs.org/safer-buffer cache-miss
1622 http fetch GET 200 https://registry.npmjs.org/safer-buffer 29ms (cache miss)
1623 silly packumentCache full:https://registry.npmjs.org/safer-buffer set size:undefined disposed:false
1624 silly placeDep node_modules/firebase-tools @hono/node-server@2.1.1 OK for: @modelcontextprotocol/sdk@1.30.0 want: ^1.19.9 || ^2.0.5
1625 silly placeDep node_modules/firebase-tools hono@4.13.5 OK for: @hono/node-server@2.1.1 want: ^4
1626 silly placeDep node_modules/firebase-tools content-type@1.0.5 OK for: @modelcontextprotocol/sdk@1.30.0 want: ^1.0.5
1627 silly placeDep node_modules/firebase-tools eventsource@3.0.7 OK for: @modelcontextprotocol/sdk@1.30.0 want: ^3.0.2
1628 silly placeDep node_modules/firebase-tools eventsource-parser@3.1.1 OK for: @modelcontextprotocol/sdk@1.30.0 want: ^3.0.0
1629 silly placeDep node_modules/firebase-tools/node_modules/@modelcontextprotocol/sdk express@5.2.1 OK for: @modelcontextprotocol/sdk@1.30.0 want: ^5.2.1
1630 silly placeDep node_modules/firebase-tools express-rate-limit@8.7.0 OK for: @modelcontextprotocol/sdk@1.30.0 want: ^8.2.1
1631 silly placeDep node_modules/firebase-tools jose@6.2.10 OK for: @modelcontextprotocol/sdk@1.30.0 want: ^6.1.3
1632 silly placeDep node_modules/firebase-tools json-schema-typed@8.0.2 OK for: @modelcontextprotocol/sdk@1.30.0 want: ^8.0.2
1633 silly placeDep node_modules/firebase-tools pkce-challenge@5.0.1 OK for: @modelcontextprotocol/sdk@1.30.0 want: ^5.0.0
1634 silly placeDep node_modules/firebase-tools raw-body@3.0.2 OK for: @modelcontextprotocol/sdk@1.30.0 want: ^3.0.0
1635 silly placeDep node_modules/firebase-tools zod-to-json-schema@3.25.2 OK for: @modelcontextprotocol/sdk@1.30.0 want: ^3.25.1
1636 silly fetch manifest eventsource-parser@^3.0.1
1637 silly packumentCache full:https://registry.npmjs.org/eventsource-parser cache-miss
1638 http cache https://registry.npmjs.org/eventsource-parser 3ms (cache hit)
1639 silly packumentCache full:https://registry.npmjs.org/eventsource-parser set size:89571 disposed:false
1640 silly fetch manifest qs@^6.14.0
1641 silly packumentCache full:https://registry.npmjs.org/qs cache-hit
1642 silly fetch manifest depd@^2.0.0
1643 silly packumentCache full:https://registry.npmjs.org/depd cache-hit
1644 silly fetch manifest etag@^1.8.1
1645 silly packumentCache full:https://registry.npmjs.org/etag cache-miss
1646 http cache https://registry.npmjs.org/etag 3ms (cache hit)
1647 silly packumentCache full:https://registry.npmjs.org/etag set size:30032 disposed:false
1648 silly fetch manifest once@^1.4.0
1649 silly packumentCache full:https://registry.npmjs.org/once cache-miss
1650 http fetch GET 200 https://registry.npmjs.org/once 19ms (cache miss)
1651 silly packumentCache full:https://registry.npmjs.org/once set size:undefined disposed:false
1652 silly fetch manifest send@^1.1.0
1653 silly packumentCache full:https://registry.npmjs.org/send cache-miss
1654 http cache https://registry.npmjs.org/send 3ms (cache hit)
1655 silly packumentCache full:https://registry.npmjs.org/send set size:152810 disposed:false
1656 silly fetch manifest vary@^1.1.2
1657 silly packumentCache full:https://registry.npmjs.org/vary cache-hit
1658 silly fetch manifest debug@^4.4.0
1659 silly packumentCache full:https://registry.npmjs.org/debug cache-hit
1660 silly fetch manifest fresh@^2.0.0
1661 silly packumentCache full:https://registry.npmjs.org/fresh cache-miss
1662 http cache https://registry.npmjs.org/fresh 4ms (cache hit)
1663 silly packumentCache full:https://registry.npmjs.org/fresh set size:25427 disposed:false
1664 silly fetch manifest cookie@^0.7.1
1665 silly packumentCache full:https://registry.npmjs.org/cookie cache-miss
1666 http cache https://registry.npmjs.org/cookie 3ms (cache hit)
1667 silly packumentCache full:https://registry.npmjs.org/cookie set size:78274 disposed:false
1668 silly fetch manifest router@^2.2.0
1669 silly packumentCache full:https://registry.npmjs.org/router cache-miss
1670 http cache https://registry.npmjs.org/router 3ms (cache hit)
1671 silly packumentCache full:https://registry.npmjs.org/router set size:116499 disposed:false
1672 silly fetch manifest accepts@^2.0.0
1673 silly packumentCache full:https://registry.npmjs.org/accepts cache-miss
1674 http cache https://registry.npmjs.org/accepts 3ms (cache hit)
1675 silly packumentCache full:https://registry.npmjs.org/accepts set size:77054 disposed:false
1676 silly fetch manifest type-is@^2.0.1
1677 silly packumentCache full:https://registry.npmjs.org/type-is cache-miss
1678 http cache https://registry.npmjs.org/type-is 3ms (cache hit)
1679 silly packumentCache full:https://registry.npmjs.org/type-is set size:88614 disposed:false
1680 silly fetch manifest parseurl@^1.3.3
1681 silly packumentCache full:https://registry.npmjs.org/parseurl cache-miss
1682 http cache https://registry.npmjs.org/parseurl 3ms (cache hit)
1683 silly packumentCache full:https://registry.npmjs.org/parseurl set size:24148 disposed:false
1684 silly fetch manifest statuses@^2.0.1
1685 silly packumentCache full:https://registry.npmjs.org/statuses cache-miss
1686 http cache https://registry.npmjs.org/statuses 3ms (cache hit)
1687 silly packumentCache full:https://registry.npmjs.org/statuses set size:37117 disposed:false
1688 silly fetch manifest encodeurl@^2.0.0
1689 silly packumentCache full:https://registry.npmjs.org/encodeurl cache-miss
1690 http cache https://registry.npmjs.org/encodeurl 2ms (cache hit)
1691 silly packumentCache full:https://registry.npmjs.org/encodeurl set size:12296 disposed:false
1692 silly fetch manifest mime-types@^3.0.0
1693 silly packumentCache full:https://registry.npmjs.org/mime-types cache-miss
1694 http cache https://registry.npmjs.org/mime-types 3ms (cache hit)
1695 silly packumentCache full:https://registry.npmjs.org/mime-types set size:139110 disposed:false
1696 silly fetch manifest proxy-addr@^2.0.7
1697 silly packumentCache full:https://registry.npmjs.org/proxy-addr cache-miss
1698 http cache https://registry.npmjs.org/proxy-addr 3ms (cache hit)
1699 silly packumentCache full:https://registry.npmjs.org/proxy-addr set size:61619 disposed:false
1700 silly fetch manifest body-parser@^2.2.1
1701 silly packumentCache full:https://registry.npmjs.org/body-parser cache-miss
1702 http cache https://registry.npmjs.org/body-parser 3ms (cache hit)
1703 silly packumentCache full:https://registry.npmjs.org/body-parser set size:204559 disposed:false
1704 silly fetch manifest escape-html@^1.0.3
1705 silly packumentCache full:https://registry.npmjs.org/escape-html cache-miss
1706 http cache https://registry.npmjs.org/escape-html 3ms (cache hit)
1707 silly packumentCache full:https://registry.npmjs.org/escape-html set size:7345 disposed:false
1708 silly fetch manifest http-errors@^2.0.0
1709 silly packumentCache full:https://registry.npmjs.org/http-errors cache-hit
1710 silly fetch manifest on-finished@^2.4.1
1711 silly packumentCache full:https://registry.npmjs.org/on-finished cache-hit
1712 silly fetch manifest finalhandler@^2.1.0
1713 silly packumentCache full:https://registry.npmjs.org/finalhandler cache-miss
1714 http cache https://registry.npmjs.org/finalhandler 3ms (cache hit)
1715 silly packumentCache full:https://registry.npmjs.org/finalhandler set size:79291 disposed:false
1716 silly fetch manifest range-parser@^1.2.1
1717 silly packumentCache full:https://registry.npmjs.org/range-parser cache-miss
1718 http cache https://registry.npmjs.org/range-parser 3ms (cache hit)
1719 silly packumentCache full:https://registry.npmjs.org/range-parser set size:24852 disposed:false
1720 silly fetch manifest serve-static@^2.2.0
1721 silly packumentCache full:https://registry.npmjs.org/serve-static cache-miss
1722 http cache https://registry.npmjs.org/serve-static 3ms (cache hit)
1723 silly packumentCache full:https://registry.npmjs.org/serve-static set size:150391 disposed:false
1724 silly fetch manifest cookie-signature@^1.2.1
1725 silly packumentCache full:https://registry.npmjs.org/cookie-signature cache-miss
1726 http cache https://registry.npmjs.org/cookie-signature 3ms (cache hit)
1727 silly packumentCache full:https://registry.npmjs.org/cookie-signature set size:21777 disposed:false
1728 silly fetch manifest merge-descriptors@^2.0.0
1729 silly packumentCache full:https://registry.npmjs.org/merge-descriptors cache-miss
1730 http cache https://registry.npmjs.org/merge-descriptors 4ms (cache hit)
1731 silly packumentCache full:https://registry.npmjs.org/merge-descriptors set size:16527 disposed:false
1732 silly fetch manifest content-disposition@^1.0.0
1733 silly packumentCache full:https://registry.npmjs.org/content-disposition cache-miss
1734 http cache https://registry.npmjs.org/content-disposition 3ms (cache hit)
1735 silly packumentCache full:https://registry.npmjs.org/content-disposition set size:45446 disposed:false
1736 silly fetch manifest debug@^4.4.3
1737 silly packumentCache full:https://registry.npmjs.org/debug cache-hit
1738 silly fetch manifest ip-address@^10.2.0
1739 silly packumentCache full:https://registry.npmjs.org/ip-address cache-miss
1740 http fetch GET 200 https://registry.npmjs.org/ip-address 42ms (cache miss)
1741 silly packumentCache full:https://registry.npmjs.org/ip-address set size:undefined disposed:false
1742 silly placeDep node_modules/firebase-tools/node_modules/@opentelemetry/core @opentelemetry/semantic-conventions@1.28.0 OK for: @opentelemetry/core@1.30.1 want: 1.28.0
1743 silly placeDep node_modules/firebase-tools event-target-shim@5.0.1 OK for: abort-controller@3.0.0 want: ^5.0.0
1744 silly placeDep node_modules/firebase-tools fast-deep-equal@3.1.3 OK for: ajv@8.20.0 want: ^3.1.3
1745 silly placeDep node_modules/firebase-tools fast-uri@3.1.7 OK for: ajv@8.20.0 want: ^3.0.1
1746 silly placeDep node_modules/firebase-tools json-schema-traverse@1.0.0 OK for: ajv@8.20.0 want: ^1.0.0
1747 silly placeDep node_modules/firebase-tools require-from-string@2.0.2 OK for: ajv@8.20.0 want: ^2.0.2
1748 silly placeDep node_modules/firebase-tools archiver-utils@5.0.2 OK for: archiver@7.0.1 want: ^5.0.2
1749 silly placeDep node_modules/firebase-tools async@3.2.6 OK for: archiver@7.0.1 want: ^3.2.4
1750 silly placeDep node_modules/firebase-tools buffer-crc32@1.0.0 OK for: archiver@7.0.1 want: ^1.0.0
1751 silly placeDep node_modules/firebase-tools readable-stream@4.7.0 OK for: archiver@7.0.1 want: ^4.0.0
1752 silly placeDep node_modules/firebase-tools readdir-glob@1.1.3 OK for: archiver@7.0.1 want: ^1.1.2
1753 silly placeDep node_modules/firebase-tools tar-stream@3.2.1 OK for: archiver@7.0.1 want: ^3.0.0
1754 silly placeDep node_modules/firebase-tools zip-stream@6.0.1 OK for: archiver@7.0.1 want: ^6.0.1
1755 silly fetch manifest is-stream@^2.0.1
1756 silly packumentCache full:https://registry.npmjs.org/is-stream cache-miss
1757 http cache https://registry.npmjs.org/is-stream 4ms (cache hit)
1758 silly packumentCache full:https://registry.npmjs.org/is-stream set size:18582 disposed:false
1759 silly fetch manifest lazystream@^1.0.0
1760 silly packumentCache full:https://registry.npmjs.org/lazystream cache-miss
1761 http fetch GET 200 https://registry.npmjs.org/lazystream 21ms (cache miss)
1762 silly packumentCache full:https://registry.npmjs.org/lazystream set size:undefined disposed:false
1763 silly fetch manifest normalize-path@^3.0.0
1764 silly packumentCache full:https://registry.npmjs.org/normalize-path cache-miss
1765 http cache https://registry.npmjs.org/normalize-path 4ms (cache hit)
1766 silly packumentCache full:https://registry.npmjs.org/normalize-path set size:28713 disposed:false
1767 silly fetch manifest buffer@^6.0.3
1768 silly packumentCache full:https://registry.npmjs.org/buffer cache-miss
1769 http fetch GET 200 https://registry.npmjs.org/buffer 33ms (cache miss)
1770 silly packumentCache full:https://registry.npmjs.org/buffer set size:undefined disposed:false
1771 silly fetch manifest events@^3.3.0
1772 silly packumentCache full:https://registry.npmjs.org/events cache-miss
1773 http fetch GET 200 https://registry.npmjs.org/events 21ms (cache miss)
1774 silly packumentCache full:https://registry.npmjs.org/events set size:undefined disposed:false
1775 silly fetch manifest process@^0.11.10
1776 silly packumentCache full:https://registry.npmjs.org/process cache-miss
1777 http fetch GET 200 https://registry.npmjs.org/process 30ms (cache miss)
1778 silly packumentCache full:https://registry.npmjs.org/process set size:undefined disposed:false
1779 silly fetch manifest string_decoder@^1.3.0
1780 silly packumentCache full:https://registry.npmjs.org/string_decoder cache-miss
1781 http fetch GET 200 https://registry.npmjs.org/string_decoder 23ms (cache miss)
1782 silly packumentCache full:https://registry.npmjs.org/string_decoder set size:undefined disposed:false
1783 silly fetch manifest minimatch@^5.1.0
1784 silly packumentCache full:https://registry.npmjs.org/minimatch cache-hit
1785 silly fetch manifest b4a@^1.6.4
1786 silly packumentCache full:https://registry.npmjs.org/b4a cache-miss
1787 http fetch GET 200 https://registry.npmjs.org/b4a 29ms (cache miss)
1788 silly packumentCache full:https://registry.npmjs.org/b4a set size:undefined disposed:false
1789 silly fetch manifest bare-fs@^4.5.5
1790 silly packumentCache full:https://registry.npmjs.org/bare-fs cache-miss
1791 http fetch GET 200 https://registry.npmjs.org/bare-fs 26ms (cache miss)
1792 silly packumentCache full:https://registry.npmjs.org/bare-fs set size:undefined disposed:false
1793 silly fetch manifest streamx@^2.15.0
1794 silly packumentCache full:https://registry.npmjs.org/streamx cache-miss
1795 http fetch GET 200 https://registry.npmjs.org/streamx 35ms (cache miss)
1796 silly packumentCache full:https://registry.npmjs.org/streamx set size:undefined disposed:false
1797 silly fetch manifest fast-fifo@^1.2.0
1798 silly packumentCache full:https://registry.npmjs.org/fast-fifo cache-miss
1799 http fetch GET 200 https://registry.npmjs.org/fast-fifo 28ms (cache miss)
1800 silly packumentCache full:https://registry.npmjs.org/fast-fifo set size:undefined disposed:false
1801 silly fetch manifest compress-commons@^6.0.2
1802 silly packumentCache full:https://registry.npmjs.org/compress-commons cache-miss
1803 http fetch GET 200 https://registry.npmjs.org/compress-commons 41ms (cache miss)
1804 silly packumentCache full:https://registry.npmjs.org/compress-commons set size:undefined disposed:false
1805 silly placeDep node_modules/firebase-tools graceful-fs@4.2.11 OK for: archiver-utils@5.0.2 want: ^4.2.0
1806 silly placeDep node_modules/firebase-tools is-stream@2.0.1 OK for: archiver-utils@5.0.2 want: ^2.0.1
1807 silly placeDep node_modules/firebase-tools lazystream@1.0.1 OK for: archiver-utils@5.0.2 want: ^1.0.0
1808 silly placeDep node_modules/firebase-tools normalize-path@3.0.0 OK for: archiver-utils@5.0.2 want: ^3.0.0
1809 silly fetch manifest readable-stream@^2.0.5
1810 silly packumentCache full:https://registry.npmjs.org/readable-stream cache-hit
1811 silly placeDep node_modules/firebase-tools bytes@3.1.2 OK for: body-parser@1.20.6 want: ~3.1.2
1812 silly placeDep node_modules/firebase-tools debug@2.6.9 OK for: body-parser@1.20.6 want: 2.6.9
1813 silly placeDep node_modules/firebase-tools depd@2.0.0 OK for: body-parser@1.20.6 want: 2.0.0
1814 silly placeDep node_modules/firebase-tools destroy@1.2.0 OK for: body-parser@1.20.6 want: ~1.2.0
1815 silly placeDep node_modules/firebase-tools http-errors@2.0.1 OK for: body-parser@1.20.6 want: ~2.0.1
1816 silly placeDep node_modules/firebase-tools/node_modules/body-parser iconv-lite@0.4.24 OK for: body-parser@1.20.6 want: ~0.4.24
1817 silly placeDep node_modules/firebase-tools on-finished@2.4.1 OK for: body-parser@1.20.6 want: ~2.4.1
1818 silly placeDep node_modules/firebase-tools qs@6.15.3 OK for: body-parser@1.20.6 want: ~6.15.1
1819 silly placeDep node_modules/firebase-tools/node_modules/body-parser raw-body@2.5.3 OK for: body-parser@1.20.6 want: ~2.5.3
1820 silly placeDep node_modules/firebase-tools type-is@1.6.18 OK for: body-parser@1.20.6 want: ~1.6.18
1821 silly placeDep node_modules/firebase-tools unpipe@1.0.0 OK for: body-parser@1.20.6 want: ~1.0.0
1822 silly fetch manifest ms@2.0.0
1823 silly packumentCache full:https://registry.npmjs.org/ms cache-miss
1824 http cache https://registry.npmjs.org/ms 4ms (cache hit)
1825 silly packumentCache full:https://registry.npmjs.org/ms set size:92208 disposed:false
1826 silly fetch manifest inherits@~2.0.4
1827 silly packumentCache full:https://registry.npmjs.org/inherits cache-miss
1828 http fetch GET 200 https://registry.npmjs.org/inherits 21ms (cache miss)
1829 silly packumentCache full:https://registry.npmjs.org/inherits set size:undefined disposed:false
1830 silly fetch manifest setprototypeof@~1.2.0
1831 silly packumentCache full:https://registry.npmjs.org/setprototypeof cache-miss
1832 http cache https://registry.npmjs.org/setprototypeof 3ms (cache hit)
1833 silly packumentCache full:https://registry.npmjs.org/setprototypeof set size:14532 disposed:false
1834 silly fetch manifest statuses@~2.0.2
1835 silly packumentCache full:https://registry.npmjs.org/statuses cache-hit
1836 silly fetch manifest toidentifier@~1.0.1
1837 silly packumentCache full:https://registry.npmjs.org/toidentifier cache-miss
1838 http fetch GET 200 https://registry.npmjs.org/toidentifier 31ms (cache miss)
1839 silly packumentCache full:https://registry.npmjs.org/toidentifier set size:undefined disposed:false
1840 silly fetch manifest safer-buffer@>= 2.1.2 < 3
1841 silly packumentCache full:https://registry.npmjs.org/safer-buffer cache-miss
1842 http cache https://registry.npmjs.org/safer-buffer 3ms (cache hit)
1843 silly packumentCache full:https://registry.npmjs.org/safer-buffer set size:18521 disposed:false
1844 silly fetch manifest ee-first@1.1.1
1845 silly packumentCache full:https://registry.npmjs.org/ee-first cache-miss
1846 http fetch GET 200 https://registry.npmjs.org/ee-first 24ms (cache miss)
1847 silly packumentCache full:https://registry.npmjs.org/ee-first set size:undefined disposed:false
1848 silly fetch manifest side-channel@^1.1.1
1849 silly packumentCache full:https://registry.npmjs.org/side-channel cache-miss
1850 http fetch GET 200 https://registry.npmjs.org/side-channel 30ms (cache miss)
1851 silly packumentCache full:https://registry.npmjs.org/side-channel set size:undefined disposed:false
1852 silly fetch manifest es-define-property@^1.0.1
1853 silly packumentCache full:https://registry.npmjs.org/es-define-property cache-miss
1854 http fetch GET 200 https://registry.npmjs.org/es-define-property 21ms (cache miss)
1855 silly packumentCache full:https://registry.npmjs.org/es-define-property set size:undefined disposed:false
1856 silly fetch manifest mime-types@~2.1.24
1857 silly packumentCache full:https://registry.npmjs.org/mime-types cache-hit
1858 silly fetch manifest media-typer@0.3.0
1859 silly packumentCache full:https://registry.npmjs.org/media-typer cache-miss
1860 http fetch GET 200 https://registry.npmjs.org/media-typer 26ms (cache miss)
1861 silly packumentCache full:https://registry.npmjs.org/media-typer set size:undefined disposed:false
1862 silly placeDep node_modules/firebase-tools anymatch@3.1.3 OK for: chokidar@3.6.0 want: ~3.1.2
1863 silly placeDep node_modules/firebase-tools braces@3.0.3 OK for: chokidar@3.6.0 want: ~3.0.2
1864 silly placeDep node_modules/firebase-tools fsevents@2.3.3 OK for: chokidar@3.6.0 want: ~2.3.2
1865 silly placeDep node_modules/firebase-tools glob-parent@5.1.2 OK for: chokidar@3.6.0 want: ~5.1.2
1866 silly placeDep node_modules/firebase-tools is-binary-path@2.1.0 OK for: chokidar@3.6.0 want: ~2.1.0
1867 silly placeDep node_modules/firebase-tools is-glob@4.0.3 OK for: chokidar@3.6.0 want: ~4.0.1
1868 silly placeDep node_modules/firebase-tools readdirp@3.6.0 OK for: chokidar@3.6.0 want: ~3.6.0
1869 silly fetch manifest picomatch@^2.0.4
1870 silly packumentCache full:https://registry.npmjs.org/picomatch cache-miss
1871 http fetch GET 200 https://registry.npmjs.org/picomatch 29ms (cache miss)
1872 silly packumentCache full:https://registry.npmjs.org/picomatch set size:undefined disposed:false
1873 silly fetch manifest fill-range@^7.1.1
1874 silly packumentCache full:https://registry.npmjs.org/fill-range cache-miss
1875 http fetch GET 200 https://registry.npmjs.org/fill-range 29ms (cache miss)
1876 silly packumentCache full:https://registry.npmjs.org/fill-range set size:undefined disposed:false
1877 silly fetch manifest is-glob@^4.0.1
1878 silly packumentCache full:https://registry.npmjs.org/is-glob cache-miss
1879 http cache https://registry.npmjs.org/is-glob 3ms (cache hit)
1880 silly packumentCache full:https://registry.npmjs.org/is-glob set size:40530 disposed:false
1881 silly fetch manifest binary-extensions@^2.0.0
1882 silly packumentCache full:https://registry.npmjs.org/binary-extensions cache-miss
1883 http fetch GET 200 https://registry.npmjs.org/binary-extensions 23ms (cache miss)
1884 silly packumentCache full:https://registry.npmjs.org/binary-extensions set size:undefined disposed:false
1885 silly fetch manifest is-extglob@^2.1.1
1886 silly packumentCache full:https://registry.npmjs.org/is-extglob cache-miss
1887 http fetch GET 200 https://registry.npmjs.org/is-extglob 27ms (cache miss)
1888 silly packumentCache full:https://registry.npmjs.org/is-extglob set size:undefined disposed:false
1889 silly fetch manifest picomatch@^2.2.1
1890 silly packumentCache full:https://registry.npmjs.org/picomatch cache-miss
1891 http cache https://registry.npmjs.org/picomatch 2ms (cache hit)
1892 silly packumentCache full:https://registry.npmjs.org/picomatch set size:134451 disposed:false
1893 silly placeDep node_modules/firebase-tools picomatch@2.3.2 OK for: anymatch@3.1.3 want: ^2.0.4
1894 silly placeDep node_modules/firebase-tools fill-range@7.1.1 OK for: braces@3.0.3 want: ^7.1.1
1895 silly fetch manifest to-regex-range@^5.0.1
1896 silly packumentCache full:https://registry.npmjs.org/to-regex-range cache-miss
1897 http fetch GET 200 https://registry.npmjs.org/to-regex-range 26ms (cache miss)
1898 silly packumentCache full:https://registry.npmjs.org/to-regex-range set size:undefined disposed:false
1899 silly placeDep node_modules/firebase-tools json-parse-helpfulerror@1.0.3 OK for: cjson@0.3.3 want: ^1.0.3
1900 silly fetch manifest jju@^1.1.0
1901 silly packumentCache full:https://registry.npmjs.org/jju cache-miss
1902 http fetch GET 200 https://registry.npmjs.org/jju 31ms (cache miss)
1903 silly packumentCache full:https://registry.npmjs.org/jju set size:undefined disposed:false
1904 silly placeDep node_modules/firebase-tools @colors/colors@1.5.0 OK for: cli-table3@0.6.5 want: 1.5.0
1905 silly placeDep node_modules/firebase-tools string-width@4.2.3 OK for: cli-table3@0.6.5 want: ^4.2.0
1906 silly fetch manifest strip-ansi@^6.0.1
1907 silly packumentCache full:https://registry.npmjs.org/strip-ansi cache-miss
1908 http cache https://registry.npmjs.org/strip-ansi 3ms (cache hit)
1909 silly packumentCache full:https://registry.npmjs.org/strip-ansi set size:44998 disposed:false
1910 silly fetch manifest emoji-regex@^8.0.0
1911 silly packumentCache full:https://registry.npmjs.org/emoji-regex cache-miss
1912 http fetch GET 200 https://registry.npmjs.org/emoji-regex 26ms (cache miss)
1913 silly packumentCache full:https://registry.npmjs.org/emoji-regex set size:undefined disposed:false
1914 silly fetch manifest is-fullwidth-code-point@^3.0.0
1915 silly packumentCache full:https://registry.npmjs.org/is-fullwidth-code-point cache-miss
1916 http fetch GET 200 https://registry.npmjs.org/is-fullwidth-code-point 35ms (cache miss)
1917 silly packumentCache full:https://registry.npmjs.org/is-fullwidth-code-point set size:undefined disposed:false
1918 silly placeDep node_modules/firebase-tools dot-prop@5.3.0 OK for: configstore@5.0.1 want: ^5.2.0
1919 silly placeDep node_modules/firebase-tools make-dir@3.1.0 OK for: configstore@5.0.1 want: ^3.0.0
1920 silly placeDep node_modules/firebase-tools unique-string@2.0.0 OK for: configstore@5.0.1 want: ^2.0.0
1921 silly placeDep node_modules/firebase-tools write-file-atomic@3.0.3 OK for: configstore@5.0.1 want: ^3.0.0
1922 silly placeDep node_modules/firebase-tools xdg-basedir@4.0.0 OK for: configstore@5.0.1 want: ^4.0.0
1923 silly fetch manifest is-obj@^2.0.0
1924 silly packumentCache full:https://registry.npmjs.org/is-obj cache-miss
1925 http fetch GET 200 https://registry.npmjs.org/is-obj 23ms (cache miss)
1926 silly packumentCache full:https://registry.npmjs.org/is-obj set size:undefined disposed:false
1927 silly fetch manifest semver@^6.0.0
1928 silly packumentCache full:https://registry.npmjs.org/semver cache-hit
1929 silly fetch manifest crypto-random-string@^2.0.0
1930 silly packumentCache full:https://registry.npmjs.org/crypto-random-string cache-miss
1931 http fetch GET 200 https://registry.npmjs.org/crypto-random-string 33ms (cache miss)
1932 silly packumentCache full:https://registry.npmjs.org/crypto-random-string set size:undefined disposed:false
1933 silly fetch manifest imurmurhash@^0.1.4
1934 silly packumentCache full:https://registry.npmjs.org/imurmurhash cache-miss
1935 http fetch GET 200 https://registry.npmjs.org/imurmurhash 23ms (cache miss)
1936 silly packumentCache full:https://registry.npmjs.org/imurmurhash set size:undefined disposed:false
1937 silly fetch manifest signal-exit@^3.0.2
1938 silly packumentCache full:https://registry.npmjs.org/signal-exit cache-miss
1939 http cache https://registry.npmjs.org/signal-exit 3ms (cache hit)
1940 silly packumentCache full:https://registry.npmjs.org/signal-exit set size:53489 disposed:false
1941 silly fetch manifest is-typedarray@^1.0.0
1942 silly packumentCache full:https://registry.npmjs.org/is-typedarray cache-miss
1943 http fetch GET 200 https://registry.npmjs.org/is-typedarray 31ms (cache miss)
1944 silly packumentCache full:https://registry.npmjs.org/is-typedarray set size:undefined disposed:false
1945 silly fetch manifest typedarray-to-buffer@^3.1.5
1946 silly packumentCache full:https://registry.npmjs.org/typedarray-to-buffer cache-miss
1947 http fetch GET 200 https://registry.npmjs.org/typedarray-to-buffer 22ms (cache miss)
1948 silly packumentCache full:https://registry.npmjs.org/typedarray-to-buffer set size:undefined disposed:false
1949 silly placeDep node_modules/firebase-tools object-assign@4.1.1 OK for: cors@2.8.6 want: ^4
1950 silly placeDep node_modules/firebase-tools vary@1.1.2 OK for: cors@2.8.6 want: ^1
1951 silly placeDep node_modules/firebase-tools path-key@3.1.1 OK for: cross-spawn@7.0.6 want: ^3.1.0
1952 silly placeDep node_modules/firebase-tools shebang-command@2.0.0 OK for: cross-spawn@7.0.6 want: ^2.0.0
1953 silly placeDep node_modules/firebase-tools which@2.0.2 OK for: cross-spawn@7.0.6 want: ^2.0.1
1954 silly fetch manifest shebang-regex@^3.0.0
1955 silly packumentCache full:https://registry.npmjs.org/shebang-regex cache-miss
1956 http fetch GET 200 https://registry.npmjs.org/shebang-regex 37ms (cache miss)
1957 silly packumentCache full:https://registry.npmjs.org/shebang-regex set size:undefined disposed:false
1958 silly fetch manifest isexe@^2.0.0
1959 silly packumentCache full:https://registry.npmjs.org/isexe cache-miss
1960 http fetch GET 200 https://registry.npmjs.org/isexe 22ms (cache miss)
1961 silly packumentCache full:https://registry.npmjs.org/isexe set size:undefined disposed:false
1962 silly placeDep node_modules/firebase-tools ms@2.0.0 OK for: debug@2.6.9 want: 2.0.0
1963 silly placeDep node_modules/firebase-tools is-obj@2.0.0 OK for: dot-prop@5.3.0 want: ^2.0.0
1964 silly placeDep node_modules/firebase-tools @apidevtools/json-schema-ref-parser@9.1.2 OK for: exegesis@4.3.0 want: ^9.0.3
1965 silly placeDep node_modules/firebase-tools/node_modules/exegesis ajv-formats@2.1.1 OK for: exegesis@4.3.0 want: ^2.1.0
1966 silly placeDep node_modules/firebase-tools deep-freeze@0.0.1 OK for: exegesis@4.3.0 want: 0.0.1
1967 silly placeDep node_modules/firebase-tools events-listener@1.1.0 OK for: exegesis@4.3.0 want: ^1.1.0
1968 silly placeDep node_modules/firebase-tools json-ptr@3.1.1 OK for: exegesis@4.3.0 want: ^3.0.1
1969 silly placeDep node_modules/firebase-tools openapi3-ts@3.2.0 OK for: exegesis@4.3.0 want: ^3.1.1
1970 silly placeDep node_modules/firebase-tools promise-breaker@6.0.0 OK for: exegesis@4.3.0 want: ^6.0.0
1971 silly placeDep node_modules/firebase-tools/node_modules/exegesis raw-body@2.5.3 OK for: exegesis@4.3.0 want: ^2.3.3
1972 silly fetch manifest call-me-maybe@^1.0.1
1973 silly packumentCache full:https://registry.npmjs.org/call-me-maybe cache-miss
1974 http fetch GET 200 https://registry.npmjs.org/call-me-maybe 28ms (cache miss)
1975 silly packumentCache full:https://registry.npmjs.org/call-me-maybe set size:undefined disposed:false
1976 silly fetch manifest @jsdevtools/ono@^7.1.3
1977 silly packumentCache full:https://registry.npmjs.org/@jsdevtools%2fono cache-miss
1978 http fetch GET 200 https://registry.npmjs.org/@jsdevtools%2fono 39ms (cache miss)
1979 silly packumentCache full:https://registry.npmjs.org/@jsdevtools%2fono set size:undefined disposed:false
1980 silly fetch manifest @types/json-schema@^7.0.6
1981 silly packumentCache full:https://registry.npmjs.org/@types%2fjson-schema cache-miss
1982 http fetch GET 200 https://registry.npmjs.org/@types%2fjson-schema 38ms (cache miss)
1983 silly packumentCache full:https://registry.npmjs.org/@types%2fjson-schema set size:undefined disposed:false
1984 silly placeDep node_modules/firebase-tools @jsdevtools/ono@7.1.3 OK for: @apidevtools/json-schema-ref-parser@9.1.2 want: ^7.1.3
1985 silly placeDep node_modules/firebase-tools @types/json-schema@7.0.15 OK for: @apidevtools/json-schema-ref-parser@9.1.2 want: ^7.0.6
1986 silly placeDep node_modules/firebase-tools call-me-maybe@1.0.2 OK for: @apidevtools/json-schema-ref-parser@9.1.2 want: ^1.0.1
1987 silly placeDep node_modules/firebase-tools accepts@1.3.8 OK for: express@4.22.2 want: ~1.3.8
1988 silly placeDep node_modules/firebase-tools array-flatten@1.1.1 OK for: express@4.22.2 want: 1.1.1
1989 silly placeDep node_modules/firebase-tools content-disposition@0.5.4 OK for: express@4.22.2 want: ~0.5.4
1990 silly placeDep node_modules/firebase-tools cookie@0.7.2 OK for: express@4.22.2 want: ~0.7.1
1991 silly placeDep node_modules/firebase-tools cookie-signature@1.0.7 OK for: express@4.22.2 want: ~1.0.6
1992 silly placeDep node_modules/firebase-tools encodeurl@2.0.0 OK for: express@4.22.2 want: ~2.0.0
1993 silly placeDep node_modules/firebase-tools escape-html@1.0.3 OK for: express@4.22.2 want: ~1.0.3
1994 silly placeDep node_modules/firebase-tools etag@1.8.1 OK for: express@4.22.2 want: ~1.8.1
1995 silly placeDep node_modules/firebase-tools finalhandler@1.3.2 OK for: express@4.22.2 want: ~1.3.1
1996 silly placeDep node_modules/firebase-tools fresh@0.5.2 OK for: express@4.22.2 want: ~0.5.2
1997 silly placeDep node_modules/firebase-tools merge-descriptors@1.0.3 OK for: express@4.22.2 want: 1.0.3
1998 silly placeDep node_modules/firebase-tools methods@1.1.2 OK for: express@4.22.2 want: ~1.1.2
1999 silly placeDep node_modules/firebase-tools parseurl@1.3.3 OK for: express@4.22.2 want: ~1.3.3
2000 silly placeDep node_modules/firebase-tools path-to-regexp@0.1.13 OK for: express@4.22.2 want: ~0.1.12
2001 silly placeDep node_modules/firebase-tools proxy-addr@2.0.7 OK for: express@4.22.2 want: ~2.0.7
2002 silly placeDep node_modules/firebase-tools range-parser@1.2.1 OK for: express@4.22.2 want: ~1.2.1
2003 silly placeDep node_modules/firebase-tools safe-buffer@5.2.1 OK for: express@4.22.2 want: 5.2.1
2004 silly placeDep node_modules/firebase-tools send@0.19.2 OK for: express@4.22.2 want: ~0.19.0
2005 silly placeDep node_modules/firebase-tools serve-static@1.16.3 OK for: express@4.22.2 want: ~1.16.2
2006 silly placeDep node_modules/firebase-tools setprototypeof@1.2.0 OK for: express@4.22.2 want: 1.2.0
2007 silly placeDep node_modules/firebase-tools statuses@2.0.2 OK for: express@4.22.2 want: ~2.0.1
2008 silly placeDep node_modules/firebase-tools utils-merge@1.0.1 OK for: express@4.22.2 want: 1.0.1
2009 silly fetch manifest mime-types@~2.1.34
2010 silly packumentCache full:https://registry.npmjs.org/mime-types cache-hit
2011 silly fetch manifest negotiator@0.6.3
2012 silly packumentCache full:https://registry.npmjs.org/negotiator cache-miss
2013 http fetch GET 200 https://registry.npmjs.org/negotiator 26ms (cache miss)
2014 silly packumentCache full:https://registry.npmjs.org/negotiator set size:undefined disposed:false
2015 silly fetch manifest forwarded@0.2.0
2016 silly packumentCache full:https://registry.npmjs.org/forwarded cache-miss
2017 http fetch GET 200 https://registry.npmjs.org/forwarded 27ms (cache miss)
2018 silly packumentCache full:https://registry.npmjs.org/forwarded set size:undefined disposed:false
2019 silly fetch manifest ipaddr.js@1.9.1
2020 silly packumentCache full:https://registry.npmjs.org/ipaddr.js cache-miss
2021 http fetch GET 200 https://registry.npmjs.org/ipaddr.js 23ms (cache miss)
2022 silly packumentCache full:https://registry.npmjs.org/ipaddr.js set size:undefined disposed:false
2023 silly fetch manifest ms@2.1.3
2024 silly packumentCache full:https://registry.npmjs.org/ms cache-hit
2025 silly fetch manifest mime@1.6.0
2026 silly packumentCache full:https://registry.npmjs.org/mime cache-miss
2027 http cache https://registry.npmjs.org/mime 4ms (cache hit)
2028 silly packumentCache full:https://registry.npmjs.org/mime set size:119236 disposed:false
2029 silly placeDep node_modules/firebase-tools mime-types@2.1.35 OK for: accepts@1.3.8 want: ~2.1.34
2030 silly placeDep node_modules/firebase-tools negotiator@0.6.3 OK for: accepts@1.3.8 want: 0.6.3
2031 silly fetch manifest mime-db@1.52.0
2032 silly packumentCache full:https://registry.npmjs.org/mime-db cache-miss
2033 http fetch GET 200 https://registry.npmjs.org/mime-db 79ms (cache miss)
2034 silly packumentCache full:https://registry.npmjs.org/mime-db set size:undefined disposed:false
2035 silly placeDep node_modules/firebase-tools/node_modules/express-rate-limit debug@4.4.3 OK for: express-rate-limit@8.7.0 want: ^4.4.3
2036 silly placeDep node_modules/firebase-tools ip-address@10.7.0 OK for: express-rate-limit@8.7.0 want: ^10.2.0
2037 silly fetch manifest ms@^2.1.3
2038 silly packumentCache full:https://registry.npmjs.org/ms cache-hit
2039 silly placeDep node_modules/firebase-tools to-regex-range@5.0.1 OK for: fill-range@7.1.1 want: ^5.0.1
2040 silly fetch manifest is-number@^7.0.0
2041 silly packumentCache full:https://registry.npmjs.org/is-number cache-miss
2042 http fetch GET 200 https://registry.npmjs.org/is-number 22ms (cache miss)
2043 silly packumentCache full:https://registry.npmjs.org/is-number set size:undefined disposed:false
2044 silly placeDep node_modules/firebase-tools asynckit@0.4.0 OK for: form-data@4.0.6 want: ^0.4.0
2045 silly placeDep node_modules/firebase-tools combined-stream@1.0.8 OK for: form-data@4.0.6 want: ^1.0.8
2046 silly placeDep node_modules/firebase-tools es-set-tostringtag@2.1.0 OK for: form-data@4.0.6 want: ^2.1.0
2047 silly placeDep node_modules/firebase-tools hasown@2.0.4 OK for: form-data@4.0.6 want: ^2.0.4
2048 silly fetch manifest delayed-stream@~1.0.0
2049 silly packumentCache full:https://registry.npmjs.org/delayed-stream cache-miss
2050 http fetch GET 200 https://registry.npmjs.org/delayed-stream 26ms (cache miss)
2051 silly packumentCache full:https://registry.npmjs.org/delayed-stream set size:undefined disposed:false
2052 silly fetch manifest es-errors@^1.3.0
2053 silly packumentCache full:https://registry.npmjs.org/es-errors cache-miss
2054 http fetch GET 200 https://registry.npmjs.org/es-errors 21ms (cache miss)
2055 silly packumentCache full:https://registry.npmjs.org/es-errors set size:undefined disposed:false
2056 silly fetch manifest get-intrinsic@^1.2.6
2057 silly packumentCache full:https://registry.npmjs.org/get-intrinsic cache-miss
2058 http fetch GET 200 https://registry.npmjs.org/get-intrinsic 40ms (cache miss)
2059 silly packumentCache full:https://registry.npmjs.org/get-intrinsic set size:undefined disposed:false
2060 silly fetch manifest has-tostringtag@^1.0.2
2061 silly packumentCache full:https://registry.npmjs.org/has-tostringtag cache-miss
2062 http fetch GET 200 https://registry.npmjs.org/has-tostringtag 24ms (cache miss)
2063 silly packumentCache full:https://registry.npmjs.org/has-tostringtag set size:undefined disposed:false
2064 silly fetch manifest hasown@^2.0.2
2065 silly packumentCache full:https://registry.npmjs.org/hasown cache-miss
2066 http cache https://registry.npmjs.org/hasown 3ms (cache hit)
2067 silly packumentCache full:https://registry.npmjs.org/hasown set size:18361 disposed:false
2068 silly fetch manifest function-bind@^1.1.2
2069 silly packumentCache full:https://registry.npmjs.org/function-bind cache-miss
2070 http fetch GET 200 https://registry.npmjs.org/function-bind 27ms (cache miss)
2071 silly packumentCache full:https://registry.npmjs.org/function-bind set size:undefined disposed:false
2072 silly placeDep node_modules/firebase-tools delayed-stream@1.0.0 OK for: combined-stream@1.0.8 want: ~1.0.0
2073 silly placeDep node_modules/firebase-tools es-errors@1.3.0 OK for: es-set-tostringtag@2.1.0 want: ^1.3.0
2074 silly placeDep node_modules/firebase-tools get-intrinsic@1.3.0 OK for: es-set-tostringtag@2.1.0 want: ^1.2.6
2075 silly placeDep node_modules/firebase-tools has-tostringtag@1.0.2 OK for: es-set-tostringtag@2.1.0 want: ^1.0.2
2076 silly fetch manifest gopd@^1.2.0
2077 silly packumentCache full:https://registry.npmjs.org/gopd cache-miss
2078 http fetch GET 200 https://registry.npmjs.org/gopd 22ms (cache miss)
2079 silly packumentCache full:https://registry.npmjs.org/gopd set size:undefined disposed:false
2080 silly fetch manifest get-proto@^1.0.1
2081 silly packumentCache full:https://registry.npmjs.org/get-proto cache-miss
2082 http fetch GET 200 https://registry.npmjs.org/get-proto 28ms (cache miss)
2083 silly packumentCache full:https://registry.npmjs.org/get-proto set size:undefined disposed:false
2084 silly fetch manifest has-symbols@^1.1.0
2085 silly packumentCache full:https://registry.npmjs.org/has-symbols cache-miss
2086 http fetch GET 200 https://registry.npmjs.org/has-symbols 20ms (cache miss)
2087 silly packumentCache full:https://registry.npmjs.org/has-symbols set size:undefined disposed:false
2088 silly fetch manifest es-object-atoms@^1.1.1
2089 silly packumentCache full:https://registry.npmjs.org/es-object-atoms cache-miss
2090 http fetch GET 200 https://registry.npmjs.org/es-object-atoms 26ms (cache miss)
2091 silly packumentCache full:https://registry.npmjs.org/es-object-atoms set size:undefined disposed:false
2092 silly fetch manifest math-intrinsics@^1.1.0
2093 silly packumentCache full:https://registry.npmjs.org/math-intrinsics cache-miss
2094 http fetch GET 200 https://registry.npmjs.org/math-intrinsics 21ms (cache miss)
2095 silly packumentCache full:https://registry.npmjs.org/math-intrinsics set size:undefined disposed:false
2096 silly fetch manifest call-bind-apply-helpers@^1.0.2
2097 silly packumentCache full:https://registry.npmjs.org/call-bind-apply-helpers cache-miss
2098 http fetch GET 200 https://registry.npmjs.org/call-bind-apply-helpers 30ms (cache miss)
2099 silly packumentCache full:https://registry.npmjs.org/call-bind-apply-helpers set size:undefined disposed:false
2100 silly fetch manifest has-symbols@^1.0.3
2101 silly packumentCache full:https://registry.npmjs.org/has-symbols cache-miss
2102 http cache https://registry.npmjs.org/has-symbols 3ms (cache hit)
2103 silly packumentCache full:https://registry.npmjs.org/has-symbols set size:21550 disposed:false
2104 silly placeDep node_modules/firebase-tools jsonfile@6.2.1 OK for: fs-extra@10.1.0 want: ^6.0.1
2105 silly placeDep node_modules/firebase-tools universalify@2.0.1 OK for: fs-extra@10.1.0 want: ^2.0.0
2106 silly placeDep node_modules/firebase-tools https-proxy-agent@7.0.6 OK for: gaxios@6.7.1 want: ^7.0.1
2107 silly placeDep node_modules/firebase-tools uuid@9.0.1 OK for: gaxios@6.7.1 want: ^9.0.1
2108 silly fetch manifest debug@4
2109 silly packumentCache full:https://registry.npmjs.org/debug cache-hit
2110 silly placeDep node_modules/firebase-tools call-bind-apply-helpers@1.0.2 OK for: get-intrinsic@1.3.0 want: ^1.0.2
2111 silly placeDep node_modules/firebase-tools es-define-property@1.0.1 OK for: get-intrinsic@1.3.0 want: ^1.0.1
2112 silly placeDep node_modules/firebase-tools es-object-atoms@1.1.2 OK for: get-intrinsic@1.3.0 want: ^1.1.1
2113 silly placeDep node_modules/firebase-tools function-bind@1.1.2 OK for: get-intrinsic@1.3.0 want: ^1.1.2
2114 silly placeDep node_modules/firebase-tools get-proto@1.0.1 OK for: get-intrinsic@1.3.0 want: ^1.0.1
2115 silly placeDep node_modules/firebase-tools gopd@1.2.0 OK for: get-intrinsic@1.3.0 want: ^1.2.0
2116 silly placeDep node_modules/firebase-tools has-symbols@1.1.0 OK for: get-intrinsic@1.3.0 want: ^1.1.0
2117 silly placeDep node_modules/firebase-tools math-intrinsics@1.1.0 OK for: get-intrinsic@1.3.0 want: ^1.1.0
2118 silly fetch manifest dunder-proto@^1.0.1
2119 silly packumentCache full:https://registry.npmjs.org/dunder-proto cache-miss
2120 http fetch GET 200 https://registry.npmjs.org/dunder-proto 19ms (cache miss)
2121 silly packumentCache full:https://registry.npmjs.org/dunder-proto set size:undefined disposed:false
2122 silly placeDep node_modules/firebase-tools dunder-proto@1.0.1 OK for: get-proto@1.0.1 want: ^1.0.1
2123 silly placeDep node_modules/firebase-tools foreground-child@3.3.1 OK for: glob@10.5.0 want: ^3.1.0
2124 silly placeDep node_modules/firebase-tools jackspeak@3.4.3 OK for: glob@10.5.0 want: ^3.1.2
2125 silly placeDep node_modules/firebase-tools/node_modules/glob minimatch@9.0.9 OK for: glob@10.5.0 want: ^9.0.4
2126 silly placeDep node_modules/firebase-tools minipass@7.1.3 OK for: glob@10.5.0 want: ^7.1.2
2127 silly placeDep node_modules/firebase-tools package-json-from-dist@1.0.1 OK for: glob@10.5.0 want: ^1.0.0
2128 silly placeDep node_modules/firebase-tools path-scurry@1.11.1 OK for: glob@10.5.0 want: ^1.11.1
2129 silly fetch manifest @isaacs/cliui@^8.0.2
2130 silly packumentCache full:https://registry.npmjs.org/@isaacs%2fcliui cache-miss
2131 http fetch GET 200 https://registry.npmjs.org/@isaacs%2fcliui 46ms (cache miss)
2132 silly packumentCache full:https://registry.npmjs.org/@isaacs%2fcliui set size:undefined disposed:false
2133 silly fetch manifest @pkgjs/parseargs@^0.11.0
2134 silly packumentCache full:https://registry.npmjs.org/@pkgjs%2fparseargs cache-miss
2135 http fetch GET 200 https://registry.npmjs.org/@pkgjs%2fparseargs 63ms (cache miss)
2136 silly packumentCache full:https://registry.npmjs.org/@pkgjs%2fparseargs set size:undefined disposed:false
2137 silly fetch manifest brace-expansion@^2.0.2
2138 silly packumentCache full:https://registry.npmjs.org/brace-expansion cache-miss
2139 http cache https://registry.npmjs.org/brace-expansion 2ms (cache hit)
2140 silly packumentCache full:https://registry.npmjs.org/brace-expansion set size:101024 disposed:false
2141 silly fetch manifest lru-cache@^10.2.0
2142 silly packumentCache full:https://registry.npmjs.org/lru-cache cache-miss
2143 http cache https://registry.npmjs.org/lru-cache 4ms (cache hit)
2144 silly packumentCache full:https://registry.npmjs.org/lru-cache set size:460407 disposed:false
2145 silly placeDep node_modules/firebase-tools base64-js@1.5.1 OK for: google-auth-library@9.15.1 want: ^1.3.0
2146 silly placeDep node_modules/firebase-tools ecdsa-sig-formatter@1.0.11 OK for: google-auth-library@9.15.1 want: ^1.0.11
2147 silly placeDep node_modules/firebase-tools gcp-metadata@6.1.1 OK for: google-auth-library@9.15.1 want: ^6.1.0
2148 silly placeDep node_modules/firebase-tools gtoken@7.1.0 OK for: google-auth-library@9.15.1 want: ^7.0.0
2149 silly placeDep node_modules/firebase-tools jws@4.0.1 OK for: google-auth-library@9.15.1 want: ^4.0.0
2150 silly fetch manifest json-bigint@^1.0.0
2151 silly packumentCache full:https://registry.npmjs.org/json-bigint cache-miss
2152 http fetch GET 200 https://registry.npmjs.org/json-bigint 28ms (cache miss)
2153 silly packumentCache full:https://registry.npmjs.org/json-bigint set size:undefined disposed:false
2154 silly fetch manifest google-logging-utils@^0.0.2
2155 silly packumentCache full:https://registry.npmjs.org/google-logging-utils cache-hit
2156 silly fetch manifest jwa@^2.0.1
2157 silly packumentCache full:https://registry.npmjs.org/jwa cache-miss
2158 http fetch GET 200 https://registry.npmjs.org/jwa 21ms (cache miss)
2159 silly packumentCache full:https://registry.npmjs.org/jwa set size:undefined disposed:false
2160 silly placeDep node_modules/firebase-tools/node_modules/gcp-metadata google-logging-utils@0.0.2 OK for: gcp-metadata@6.1.1 want: ^0.0.2
2161 silly placeDep node_modules/firebase-tools json-bigint@1.0.0 OK for: gcp-metadata@6.1.1 want: ^1.0.0
2162 silly fetch manifest bignumber.js@^9.0.0
2163 silly packumentCache full:https://registry.npmjs.org/bignumber.js cache-miss
2164 http fetch GET 200 https://registry.npmjs.org/bignumber.js 32ms (cache miss)
2165 silly packumentCache full:https://registry.npmjs.org/bignumber.js set size:undefined disposed:false
2166 silly placeDep node_modules/firebase-tools duplexify@4.1.3 OK for: google-gax@5.0.8 want: ^4.1.3
2167 silly placeDep node_modules/firebase-tools/node_modules/google-gax google-auth-library@10.5.0 OK for: google-gax@5.0.8 want: 10.5.0
2168 silly placeDep node_modules/firebase-tools/node_modules/google-gax google-logging-utils@1.1.3 OK for: google-gax@5.0.8 want: 1.1.3
2169 silly placeDep node_modules/firebase-tools/node_modules/google-gax node-fetch@3.3.2 OK for: google-gax@5.0.8 want: ^3.3.2
2170 silly placeDep node_modules/firebase-tools object-hash@3.0.0 OK for: google-gax@5.0.8 want: ^3.0.0
2171 silly placeDep node_modules/firebase-tools proto3-json-serializer@3.0.4 OK for: google-gax@5.0.8 want: 3.0.4
2172 silly placeDep node_modules/firebase-tools retry-request@8.0.4 OK for: google-gax@5.0.8 want: ^8.0.2
2173 silly placeDep node_modules/firebase-tools rimraf@5.0.10 OK for: google-gax@5.0.8 want: ^5.0.1
2174 silly fetch manifest end-of-stream@^1.4.1
2175 silly packumentCache full:https://registry.npmjs.org/end-of-stream cache-miss
2176 http fetch GET 200 https://registry.npmjs.org/end-of-stream 23ms (cache miss)
2177 silly packumentCache full:https://registry.npmjs.org/end-of-stream set size:undefined disposed:false
2178 silly fetch manifest inherits@^2.0.3
2179 silly packumentCache full:https://registry.npmjs.org/inherits cache-miss
2180 http cache https://registry.npmjs.org/inherits 5ms (cache hit)
2181 silly packumentCache full:https://registry.npmjs.org/inherits set size:12925 disposed:false
2182 silly fetch manifest readable-stream@^3.1.1
2183 silly packumentCache full:https://registry.npmjs.org/readable-stream cache-hit
2184 silly fetch manifest stream-shift@^1.0.2
2185 silly packumentCache full:https://registry.npmjs.org/stream-shift cache-miss
2186 http fetch GET 200 https://registry.npmjs.org/stream-shift 28ms (cache miss)
2187 silly packumentCache full:https://registry.npmjs.org/stream-shift set size:undefined disposed:false
2188 silly fetch manifest gaxios@^7.0.0
2189 silly packumentCache full:https://registry.npmjs.org/gaxios cache-hit
2190 silly fetch manifest gtoken@^8.0.0
2191 silly packumentCache full:https://registry.npmjs.org/gtoken cache-miss
2192 http cache https://registry.npmjs.org/gtoken 3ms (cache hit)
2193 silly packumentCache full:https://registry.npmjs.org/gtoken set size:155604 disposed:false
2194 silly fetch manifest gcp-metadata@^8.0.0
2195 silly packumentCache full:https://registry.npmjs.org/gcp-metadata cache-hit
2196 silly fetch manifest data-uri-to-buffer@^4.0.0
2197 silly packumentCache full:https://registry.npmjs.org/data-uri-to-buffer cache-miss
2198 http fetch GET 200 https://registry.npmjs.org/data-uri-to-buffer 21ms (cache miss)
2199 silly packumentCache full:https://registry.npmjs.org/data-uri-to-buffer set size:undefined disposed:false
2200 silly fetch manifest fetch-blob@^3.1.4
2201 silly packumentCache full:https://registry.npmjs.org/fetch-blob cache-miss
2202 http fetch GET 200 https://registry.npmjs.org/fetch-blob 33ms (cache miss)
2203 silly packumentCache full:https://registry.npmjs.org/fetch-blob set size:undefined disposed:false
2204 silly fetch manifest formdata-polyfill@^4.0.10
2205 silly packumentCache full:https://registry.npmjs.org/formdata-polyfill cache-miss
2206 http fetch GET 200 https://registry.npmjs.org/formdata-polyfill 30ms (cache miss)
2207 silly packumentCache full:https://registry.npmjs.org/formdata-polyfill set size:undefined disposed:false
2208 silly fetch manifest teeny-request@^10.0.0
2209 silly packumentCache full:https://registry.npmjs.org/teeny-request cache-miss
2210 http fetch GET 200 https://registry.npmjs.org/teeny-request 42ms (cache miss)
2211 silly packumentCache full:https://registry.npmjs.org/teeny-request set size:undefined disposed:false
2212 silly placeDep node_modules/firebase-tools end-of-stream@1.4.5 OK for: duplexify@4.1.3 want: ^1.4.1
2213 silly placeDep node_modules/firebase-tools inherits@2.0.4 OK for: duplexify@4.1.3 want: ^2.0.3
2214 silly placeDep node_modules/firebase-tools/node_modules/duplexify readable-stream@3.6.2 OK for: duplexify@4.1.3 want: ^3.1.1
2215 silly placeDep node_modules/firebase-tools stream-shift@1.0.3 OK for: duplexify@4.1.3 want: ^1.0.2
2216 silly fetch manifest string_decoder@^1.1.1
2217 silly packumentCache full:https://registry.npmjs.org/string_decoder cache-miss
2218 http cache https://registry.npmjs.org/string_decoder 3ms (cache hit)
2219 silly packumentCache full:https://registry.npmjs.org/string_decoder set size:28441 disposed:false
2220 silly fetch manifest util-deprecate@^1.0.1
2221 silly packumentCache full:https://registry.npmjs.org/util-deprecate cache-miss
2222 http fetch GET 200 https://registry.npmjs.org/util-deprecate 19ms (cache miss)
2223 silly packumentCache full:https://registry.npmjs.org/util-deprecate set size:undefined disposed:false
2224 silly placeDep node_modules/firebase-tools once@1.4.0 OK for: end-of-stream@1.4.5 want: ^1.4.0
2225 silly fetch manifest wrappy@1
2226 silly packumentCache full:https://registry.npmjs.org/wrappy cache-miss
2227 http fetch GET 200 https://registry.npmjs.org/wrappy 29ms (cache miss)
2228 silly packumentCache full:https://registry.npmjs.org/wrappy set size:undefined disposed:false
2229 silly placeDep node_modules/firebase-tools/node_modules/googleapis-common gaxios@7.1.3 OK for: googleapis-common@8.0.3 want: 7.1.3
2230 silly placeDep node_modules/firebase-tools/node_modules/googleapis-common google-auth-library@10.5.0 OK for: googleapis-common@8.0.3 want: 10.5.0
2231 silly placeDep node_modules/firebase-tools/node_modules/googleapis-common google-logging-utils@1.1.3 OK for: googleapis-common@8.0.3 want: 1.1.3
2232 silly placeDep node_modules/firebase-tools url-template@2.0.8 OK for: googleapis-common@8.0.3 want: ^2.0.8
2233 silly placeDep node_modules/firebase-tools toidentifier@1.0.1 OK for: http-errors@2.0.1 want: ~1.0.1
2234 silly placeDep node_modules/firebase-tools agent-base@7.1.4 OK for: https-proxy-agent@7.0.6 want: ^7.1.2
2235 silly placeDep node_modules/firebase-tools/node_modules/https-proxy-agent debug@4.4.3 OK for: https-proxy-agent@7.0.6 want: 4
2236 silly placeDep node_modules/firebase-tools safer-buffer@2.1.2 OK for: iconv-lite@0.7.3 want: >= 2.1.2 < 3.0.0
2237 silly placeDep node_modules/firebase-tools binary-extensions@2.3.0 OK for: is-binary-path@2.1.0 want: ^2.0.0
2238 silly placeDep node_modules/firebase-tools is-extglob@2.1.1 OK for: is-glob@4.0.3 want: ^2.1.1
2239 silly placeDep node_modules/firebase-tools @isaacs/cliui@8.0.2 OK for: jackspeak@3.4.3 want: ^8.0.2
2240 silly placeDep node_modules/firebase-tools @pkgjs/parseargs@0.11.0 OK for: jackspeak@3.4.3 want: ^0.11.0
2241 silly fetch manifest wrap-ansi@^8.1.0
2242 silly packumentCache full:https://registry.npmjs.org/wrap-ansi cache-miss
2243 http cache https://registry.npmjs.org/wrap-ansi 3ms (cache hit)
2244 silly packumentCache full:https://registry.npmjs.org/wrap-ansi set size:57461 disposed:false
2245 silly fetch manifest strip-ansi@^7.0.1
2246 silly packumentCache full:https://registry.npmjs.org/strip-ansi cache-hit
2247 silly fetch manifest string-width@^5.1.2
2248 silly packumentCache full:https://registry.npmjs.org/string-width cache-hit
2249 silly fetch manifest wrap-ansi-cjs@npm:wrap-ansi@^7.0.0
2250 silly packumentCache full:https://registry.npmjs.org/wrap-ansi cache-hit
2251 silly fetch manifest strip-ansi-cjs@npm:strip-ansi@^6.0.1
2252 silly packumentCache full:https://registry.npmjs.org/strip-ansi cache-hit
2253 silly fetch manifest string-width-cjs@npm:string-width@^4.2.0
2254 silly packumentCache full:https://registry.npmjs.org/string-width cache-hit
2255 silly placeDep node_modules/firebase-tools/node_modules/@isaacs/cliui string-width@5.1.2 OK for: @isaacs/cliui@8.0.2 want: ^5.1.2
2256 silly placeDep node_modules/firebase-tools string-width-cjs@4.2.3 OK for: @isaacs/cliui@8.0.2 want: npm:string-width@^4.2.0
2257 silly placeDep node_modules/firebase-tools strip-ansi@7.2.0 OK for: @isaacs/cliui@8.0.2 want: ^7.0.1
2258 silly placeDep node_modules/firebase-tools strip-ansi-cjs@6.0.1 OK for: @isaacs/cliui@8.0.2 want: npm:strip-ansi@^6.0.1
2259 silly placeDep node_modules/firebase-tools/node_modules/@isaacs/cliui wrap-ansi@8.1.0 OK for: @isaacs/cliui@8.0.2 want: ^8.1.0
2260 silly placeDep node_modules/firebase-tools wrap-ansi-cjs@7.0.0 OK for: @isaacs/cliui@8.0.2 want: npm:wrap-ansi@^7.0.0
2261 silly fetch manifest emoji-regex@^9.2.2
2262 silly packumentCache full:https://registry.npmjs.org/emoji-regex cache-miss
2263 http cache https://registry.npmjs.org/emoji-regex 3ms (cache hit)
2264 silly packumentCache full:https://registry.npmjs.org/emoji-regex set size:89064 disposed:false
2265 silly fetch manifest eastasianwidth@^0.2.0
2266 silly packumentCache full:https://registry.npmjs.org/eastasianwidth cache-miss
2267 http fetch GET 200 https://registry.npmjs.org/eastasianwidth 21ms (cache miss)
2268 silly packumentCache full:https://registry.npmjs.org/eastasianwidth set size:undefined disposed:false
2269 silly fetch manifest ansi-regex@^6.2.2
2270 silly packumentCache full:https://registry.npmjs.org/ansi-regex cache-miss
2271 http cache https://registry.npmjs.org/ansi-regex 2ms (cache hit)
2272 silly packumentCache full:https://registry.npmjs.org/ansi-regex set size:48203 disposed:false
2273 silly fetch manifest ansi-regex@^5.0.1
2274 silly packumentCache full:https://registry.npmjs.org/ansi-regex cache-hit
2275 silly fetch manifest ansi-styles@^6.1.0
2276 silly packumentCache full:https://registry.npmjs.org/ansi-styles cache-miss
2277 http cache https://registry.npmjs.org/ansi-styles 3ms (cache hit)
2278 silly packumentCache full:https://registry.npmjs.org/ansi-styles set size:71772 disposed:false
2279 silly placeDep node_modules/firebase-tools argparse@2.0.1 OK for: js-yaml@4.3.2 want: ^2.0.1
2280 silly placeDep node_modules/firebase-tools bignumber.js@9.3.1 OK for: json-bigint@1.0.0 want: ^9.0.0
2281 silly placeDep node_modules/firebase-tools jju@1.4.0 OK for: json-parse-helpfulerror@1.0.3 want: ^1.1.0
2282 silly placeDep node_modules/firebase-tools lodash.includes@4.3.0 OK for: jsonwebtoken@9.0.3 want: ^4.3.0
2283 silly placeDep node_modules/firebase-tools lodash.isboolean@3.0.3 OK for: jsonwebtoken@9.0.3 want: ^3.0.3
2284 silly placeDep node_modules/firebase-tools lodash.isinteger@4.0.4 OK for: jsonwebtoken@9.0.3 want: ^4.0.4
2285 silly placeDep node_modules/firebase-tools lodash.isnumber@3.0.3 OK for: jsonwebtoken@9.0.3 want: ^3.0.3
2286 silly placeDep node_modules/firebase-tools lodash.isplainobject@4.0.6 OK for: jsonwebtoken@9.0.3 want: ^4.0.6
2287 silly placeDep node_modules/firebase-tools lodash.isstring@4.0.1 OK for: jsonwebtoken@9.0.3 want: ^4.0.1
2288 silly placeDep node_modules/firebase-tools lodash.once@4.1.1 OK for: jsonwebtoken@9.0.3 want: ^4.0.0
2289 silly placeDep node_modules/firebase-tools/node_modules/jsonwebtoken ms@2.1.3 OK for: jsonwebtoken@9.0.3 want: ^2.1.1
2290 silly placeDep node_modules/firebase-tools jwa@2.0.1 OK for: jws@4.0.1 want: ^2.0.1
2291 silly fetch manifest buffer-equal-constant-time@^1.0.1
2292 silly packumentCache full:https://registry.npmjs.org/buffer-equal-constant-time cache-miss
2293 http fetch GET 200 https://registry.npmjs.org/buffer-equal-constant-time 29ms (cache miss)
2294 silly packumentCache full:https://registry.npmjs.org/buffer-equal-constant-time set size:undefined disposed:false
2295 silly placeDep node_modules/firebase-tools buffer-equal-constant-time@1.0.1 OK for: jwa@2.0.1 want: ^1.0.1
2296 silly placeDep node_modules/firebase-tools/node_modules/lazystream readable-stream@2.3.8 OK for: lazystream@1.0.1 want: ^2.0.5
2297 silly fetch manifest isarray@~1.0.0
2298 silly packumentCache full:https://registry.npmjs.org/isarray cache-miss
2299 http fetch GET 200 https://registry.npmjs.org/isarray 19ms (cache miss)
2300 silly packumentCache full:https://registry.npmjs.org/isarray set size:undefined disposed:false
2301 silly fetch manifest safe-buffer@~5.1.1
2302 silly packumentCache full:https://registry.npmjs.org/safe-buffer cache-miss
2303 http cache https://registry.npmjs.org/safe-buffer 73ms (cache hit)
2304 silly packumentCache full:https://registry.npmjs.org/safe-buffer set size:41183 disposed:false
2305 silly fetch manifest core-util-is@~1.0.0
2306 silly packumentCache full:https://registry.npmjs.org/core-util-is cache-miss
2307 http fetch GET 200 https://registry.npmjs.org/core-util-is 33ms (cache miss)
2308 silly packumentCache full:https://registry.npmjs.org/core-util-is set size:undefined disposed:false
2309 silly fetch manifest string_decoder@~1.1.1
2310 silly packumentCache full:https://registry.npmjs.org/string_decoder cache-hit
2311 silly fetch manifest util-deprecate@~1.0.1
2312 silly packumentCache full:https://registry.npmjs.org/util-deprecate cache-miss
2313 http cache https://registry.npmjs.org/util-deprecate 3ms (cache hit)
2314 silly packumentCache full:https://registry.npmjs.org/util-deprecate set size:6674 disposed:false
2315 silly fetch manifest process-nextick-args@~2.0.0
2316 silly packumentCache full:https://registry.npmjs.org/process-nextick-args cache-miss
2317 http fetch GET 200 https://registry.npmjs.org/process-nextick-args 21ms (cache miss)
2318 silly packumentCache full:https://registry.npmjs.org/process-nextick-args set size:undefined disposed:false
2319 silly placeDep node_modules/firebase-tools libsodium@0.7.16 OK for: libsodium-wrappers@0.7.16 want: ^0.7.16
2320 silly placeDep node_modules/firebase-tools/node_modules/make-dir semver@6.3.1 OK for: make-dir@3.1.0 want: ^6.0.0
2321 silly placeDep node_modules/firebase-tools ansi-escapes@7.3.0 OK for: marked-terminal@7.3.0 want: ^7.0.0
2322 silly placeDep node_modules/firebase-tools ansi-regex@6.3.0 OK for: marked-terminal@7.3.0 want: ^6.1.0
2323 silly placeDep node_modules/firebase-tools chalk@5.6.2 OK for: marked-terminal@7.3.0 want: ^5.4.1
2324 silly placeDep node_modules/firebase-tools cli-highlight@2.1.11 OK for: marked-terminal@7.3.0 want: ^2.1.11
2325 silly placeDep node_modules/firebase-tools node-emoji@2.2.0 OK for: marked-terminal@7.3.0 want: ^2.2.0
2326 silly placeDep node_modules/firebase-tools supports-hyperlinks@3.2.0 OK for: marked-terminal@7.3.0 want: ^3.1.0
2327 silly fetch manifest environment@^1.0.0
2328 silly packumentCache full:https://registry.npmjs.org/environment cache-miss
2329 http fetch GET 200 https://registry.npmjs.org/environment 28ms (cache miss)
2330 silly packumentCache full:https://registry.npmjs.org/environment set size:undefined disposed:false
2331 silly fetch manifest chalk@^4.0.0
2332 silly packumentCache full:https://registry.npmjs.org/chalk cache-hit
2333 silly fetch manifest highlight.js@^10.7.1
2334 silly packumentCache full:https://registry.npmjs.org/highlight.js cache-miss
2335 http fetch GET 200 https://registry.npmjs.org/highlight.js 49ms (cache miss)
2336 silly packumentCache full:https://registry.npmjs.org/highlight.js set size:undefined disposed:false
2337 silly fetch manifest mz@^2.4.0
2338 silly packumentCache full:https://registry.npmjs.org/mz cache-miss
2339 http fetch GET 200 https://registry.npmjs.org/mz 26ms (cache miss)
2340 silly packumentCache full:https://registry.npmjs.org/mz set size:undefined disposed:false
2341 silly fetch manifest parse5@^5.1.1
2342 silly packumentCache full:https://registry.npmjs.org/parse5 cache-miss
2343 http fetch GET 200 https://registry.npmjs.org/parse5 25ms (cache miss)
2344 silly packumentCache full:https://registry.npmjs.org/parse5 set size:undefined disposed:false
2345 silly fetch manifest parse5-htmlparser2-tree-adapter@^6.0.0
2346 silly packumentCache full:https://registry.npmjs.org/parse5-htmlparser2-tree-adapter cache-miss
2347 http fetch GET 200 https://registry.npmjs.org/parse5-htmlparser2-tree-adapter 33ms (cache miss)
2348 silly packumentCache full:https://registry.npmjs.org/parse5-htmlparser2-tree-adapter set size:undefined disposed:false
2349 silly fetch manifest yargs@^16.0.0
2350 silly packumentCache full:https://registry.npmjs.org/yargs cache-miss
2351 http cache https://registry.npmjs.org/yargs 5ms (cache hit)
2352 silly packumentCache full:https://registry.npmjs.org/yargs set size:759965 disposed:false
2353 silly fetch manifest @sindresorhus/is@^4.6.0
2354 silly packumentCache full:https://registry.npmjs.org/@sindresorhus%2fis cache-miss
2355 http fetch GET 200 https://registry.npmjs.org/@sindresorhus%2fis 57ms (cache miss)
2356 silly packumentCache full:https://registry.npmjs.org/@sindresorhus%2fis set size:undefined disposed:false
2357 silly fetch manifest char-regex@^1.0.2
2358 silly packumentCache full:https://registry.npmjs.org/char-regex cache-miss
2359 http fetch GET 200 https://registry.npmjs.org/char-regex 27ms (cache miss)
2360 silly packumentCache full:https://registry.npmjs.org/char-regex set size:undefined disposed:false
2361 silly fetch manifest emojilib@^2.4.0
2362 silly packumentCache full:https://registry.npmjs.org/emojilib cache-miss
2363 http fetch GET 200 https://registry.npmjs.org/emojilib 31ms (cache miss)
2364 silly packumentCache full:https://registry.npmjs.org/emojilib set size:undefined disposed:false
2365 silly fetch manifest skin-tone@^2.0.0
2366 silly packumentCache full:https://registry.npmjs.org/skin-tone cache-miss
2367 http fetch GET 200 https://registry.npmjs.org/skin-tone 28ms (cache miss)
2368 silly packumentCache full:https://registry.npmjs.org/skin-tone set size:undefined disposed:false
2369 silly fetch manifest has-flag@^4.0.0
2370 silly packumentCache full:https://registry.npmjs.org/has-flag cache-miss
2371 http fetch GET 200 https://registry.npmjs.org/has-flag 24ms (cache miss)
2372 silly packumentCache full:https://registry.npmjs.org/has-flag set size:undefined disposed:false
2373 silly fetch manifest supports-color@^7.0.0
2374 silly packumentCache full:https://registry.npmjs.org/supports-color cache-miss
2375 http fetch GET 200 https://registry.npmjs.org/supports-color 33ms (cache miss)
2376 silly packumentCache full:https://registry.npmjs.org/supports-color set size:undefined disposed:false
2377 silly placeDep node_modules/firebase-tools environment@1.1.0 OK for: ansi-escapes@7.3.0 want: ^1.0.0
2378 silly placeDep node_modules/firebase-tools/node_modules/cli-highlight chalk@4.1.2 OK for: cli-highlight@2.1.11 want: ^4.0.0
2379 silly placeDep node_modules/firebase-tools highlight.js@10.7.3 OK for: cli-highlight@2.1.11 want: ^10.7.1
2380 silly placeDep node_modules/firebase-tools mz@2.7.0 OK for: cli-highlight@2.1.11 want: ^2.4.0
2381 silly placeDep node_modules/firebase-tools parse5@5.1.1 OK for: cli-highlight@2.1.11 want: ^5.1.1
2382 silly placeDep node_modules/firebase-tools parse5-htmlparser2-tree-adapter@6.0.1 OK for: cli-highlight@2.1.11 want: ^6.0.0
2383 silly placeDep node_modules/firebase-tools/node_modules/cli-highlight yargs@16.2.2 OK for: cli-highlight@2.1.11 want: ^16.0.0
2384 silly fetch manifest ansi-styles@^4.1.0
2385 silly packumentCache full:https://registry.npmjs.org/ansi-styles cache-hit
2386 silly fetch manifest supports-color@^7.1.0
2387 silly packumentCache full:https://registry.npmjs.org/supports-color cache-miss
2388 http cache https://registry.npmjs.org/supports-color 3ms (cache hit)
2389 silly packumentCache full:https://registry.npmjs.org/supports-color set size:124169 disposed:false
2390 silly fetch manifest any-promise@^1.0.0
2391 silly packumentCache full:https://registry.npmjs.org/any-promise cache-miss
2392 http fetch GET 200 https://registry.npmjs.org/any-promise 21ms (cache miss)
2393 silly packumentCache full:https://registry.npmjs.org/any-promise set size:undefined disposed:false
2394 silly fetch manifest thenify-all@^1.0.0
2395 silly packumentCache full:https://registry.npmjs.org/thenify-all cache-miss
2396 http fetch GET 200 https://registry.npmjs.org/thenify-all 30ms (cache miss)
2397 silly packumentCache full:https://registry.npmjs.org/thenify-all set size:undefined disposed:false
2398 silly fetch manifest parse5@^6.0.1
2399 silly packumentCache full:https://registry.npmjs.org/parse5 cache-miss
2400 http cache https://registry.npmjs.org/parse5 3ms (cache hit)
2401 silly packumentCache full:https://registry.npmjs.org/parse5 set size:123116 disposed:false
2402 silly fetch manifest cliui@^7.0.2
2403 silly packumentCache full:https://registry.npmjs.org/cliui cache-miss
2404 http cache https://registry.npmjs.org/cliui 3ms (cache hit)
2405 silly packumentCache full:https://registry.npmjs.org/cliui set size:69089 disposed:false
2406 silly fetch manifest yargs-parser@^20.2.2
2407 silly packumentCache full:https://registry.npmjs.org/yargs-parser cache-miss
2408 http cache https://registry.npmjs.org/yargs-parser 4ms (cache hit)
2409 silly packumentCache full:https://registry.npmjs.org/yargs-parser set size:238681 disposed:false
2410 silly placeDep node_modules/firebase-tools mime-db@1.52.0 OK for: mime-types@2.1.35 want: 1.52.0
2411 silly placeDep node_modules/firebase-tools brace-expansion@1.1.18 OK for: minimatch@3.1.5 want: ^1.1.7
2412 silly fetch manifest concat-map@0.0.1
2413 silly packumentCache full:https://registry.npmjs.org/concat-map cache-miss
2414 http fetch GET 200 https://registry.npmjs.org/concat-map 22ms (cache miss)
2415 silly packumentCache full:https://registry.npmjs.org/concat-map set size:undefined disposed:false
2416 silly fetch manifest balanced-match@^1.0.0
2417 silly packumentCache full:https://registry.npmjs.org/balanced-match cache-miss
2418 http fetch GET 200 https://registry.npmjs.org/balanced-match 25ms (cache miss)
2419 silly packumentCache full:https://registry.npmjs.org/balanced-match set size:undefined disposed:false
2420 silly placeDep node_modules/firebase-tools balanced-match@1.0.2 OK for: brace-expansion@1.1.18 want: ^1.0.0
2421 silly placeDep node_modules/firebase-tools concat-map@0.0.1 OK for: brace-expansion@1.1.18 want: 0.0.1
2422 silly placeDep node_modules/firebase-tools basic-auth@2.0.1 OK for: morgan@1.12.0 want: ~2.0.1
2423 silly placeDep node_modules/firebase-tools on-headers@1.1.0 OK for: morgan@1.12.0 want: ~1.1.0
2424 silly fetch manifest safe-buffer@5.1.2
2425 silly packumentCache full:https://registry.npmjs.org/safe-buffer cache-hit
2426 silly placeDep node_modules/firebase-tools/node_modules/basic-auth safe-buffer@5.1.2 OK for: basic-auth@2.0.1 want: 5.1.2
2427 silly placeDep node_modules/firebase-tools any-promise@1.3.0 OK for: mz@2.7.0 want: ^1.0.0
2428 silly placeDep node_modules/firebase-tools thenify-all@1.6.0 OK for: mz@2.7.0 want: ^1.0.0
2429 silly fetch manifest thenify@>= 3.1.0 < 4
2430 silly packumentCache full:https://registry.npmjs.org/thenify cache-miss
2431 http fetch GET 200 https://registry.npmjs.org/thenify 24ms (cache miss)
2432 silly packumentCache full:https://registry.npmjs.org/thenify set size:undefined disposed:false
2433 silly placeDep node_modules/firebase-tools @sindresorhus/is@4.6.0 OK for: node-emoji@2.2.0 want: ^4.6.0
2434 silly placeDep node_modules/firebase-tools char-regex@1.0.2 OK for: node-emoji@2.2.0 want: ^1.0.2
2435 silly placeDep node_modules/firebase-tools emojilib@2.4.0 OK for: node-emoji@2.2.0 want: ^2.4.0
2436 silly placeDep node_modules/firebase-tools skin-tone@2.0.0 OK for: node-emoji@2.2.0 want: ^2.0.0
2437 silly fetch manifest unicode-emoji-modifier-base@^1.0.0
2438 silly packumentCache full:https://registry.npmjs.org/unicode-emoji-modifier-base cache-miss
2439 http fetch GET 200 https://registry.npmjs.org/unicode-emoji-modifier-base 27ms (cache miss)
2440 silly packumentCache full:https://registry.npmjs.org/unicode-emoji-modifier-base set size:undefined disposed:false
2441 silly placeDep node_modules/firebase-tools whatwg-url@5.0.0 OK for: node-fetch@2.7.0 want: ^5.0.0
2442 silly fetch manifest tr46@~0.0.3
2443 silly packumentCache full:https://registry.npmjs.org/tr46 cache-miss
2444 http fetch GET 200 https://registry.npmjs.org/tr46 23ms (cache miss)
2445 silly packumentCache full:https://registry.npmjs.org/tr46 set size:undefined disposed:false
2446 silly fetch manifest webidl-conversions@^3.0.0
2447 silly packumentCache full:https://registry.npmjs.org/webidl-conversions cache-miss
2448 http fetch GET 200 https://registry.npmjs.org/webidl-conversions 30ms (cache miss)
2449 silly packumentCache full:https://registry.npmjs.org/webidl-conversions set size:undefined disposed:false
2450 silly placeDep node_modules/firebase-tools ee-first@1.1.1 OK for: on-finished@2.4.1 want: 1.1.1
2451 silly placeDep node_modules/firebase-tools wrappy@1.0.2 OK for: once@1.4.0 want: 1
2452 silly placeDep node_modules/firebase-tools is-wsl@1.1.0 OK for: open@6.4.0 want: ^1.1.0
2453 silly placeDep node_modules/firebase-tools bl@4.1.0 OK for: ora@5.4.1 want: ^4.1.0
2454 silly placeDep node_modules/firebase-tools/node_modules/ora chalk@4.1.2 OK for: ora@5.4.1 want: ^4.1.0
2455 silly placeDep node_modules/firebase-tools cli-cursor@3.1.0 OK for: ora@5.4.1 want: ^3.1.0
2456 silly placeDep node_modules/firebase-tools cli-spinners@2.9.2 OK for: ora@5.4.1 want: ^2.5.0
2457 silly placeDep node_modules/firebase-tools is-interactive@1.0.0 OK for: ora@5.4.1 want: ^1.0.0
2458 silly placeDep node_modules/firebase-tools is-unicode-supported@0.1.0 OK for: ora@5.4.1 want: ^0.1.0
2459 silly placeDep node_modules/firebase-tools log-symbols@4.1.0 OK for: ora@5.4.1 want: ^4.1.0
2460 silly placeDep node_modules/firebase-tools/node_modules/ora strip-ansi@6.0.1 OK for: ora@5.4.1 want: ^6.0.0
2461 silly placeDep node_modules/firebase-tools wcwidth@1.0.1 OK for: ora@5.4.1 want: ^1.0.1
2462 silly fetch manifest buffer@^5.5.0
2463 silly packumentCache full:https://registry.npmjs.org/buffer cache-miss
2464 http cache https://registry.npmjs.org/buffer 4ms (cache hit)
2465 silly packumentCache full:https://registry.npmjs.org/buffer set size:280480 disposed:false
2466 silly fetch manifest restore-cursor@^3.1.0
2467 silly packumentCache full:https://registry.npmjs.org/restore-cursor cache-miss
2468 http fetch GET 200 https://registry.npmjs.org/restore-cursor 24ms (cache miss)
2469 silly packumentCache full:https://registry.npmjs.org/restore-cursor set size:undefined disposed:false
2470 silly fetch manifest defaults@^1.0.3
2471 silly packumentCache full:https://registry.npmjs.org/defaults cache-miss
2472 http fetch GET 200 https://registry.npmjs.org/defaults 30ms (cache miss)
2473 silly packumentCache full:https://registry.npmjs.org/defaults set size:undefined disposed:false
2474 silly placeDep node_modules/firebase-tools buffer@5.7.1 OK for: bl@4.1.0 want: ^5.5.0
2475 silly placeDep node_modules/firebase-tools/node_modules/bl readable-stream@3.6.2 OK for: bl@4.1.0 want: ^3.4.0
2476 silly fetch manifest ieee754@^1.1.13
2477 silly packumentCache full:https://registry.npmjs.org/ieee754 cache-miss
2478 http fetch GET 200 https://registry.npmjs.org/ieee754 35ms (cache miss)
2479 silly packumentCache full:https://registry.npmjs.org/ieee754 set size:undefined disposed:false
2480 silly placeDep node_modules/firebase-tools ieee754@1.2.1 OK for: buffer@5.7.1 want: ^1.1.13
2481 silly placeDep node_modules/firebase-tools restore-cursor@3.1.0 OK for: cli-cursor@3.1.0 want: ^3.1.0
2482 silly fetch manifest onetime@^5.1.0
2483 silly packumentCache full:https://registry.npmjs.org/onetime cache-miss
2484 http fetch GET 200 https://registry.npmjs.org/onetime 27ms (cache miss)
2485 silly packumentCache full:https://registry.npmjs.org/onetime set size:undefined disposed:false
2486 silly placeDep node_modules/firebase-tools/node_modules/log-symbols chalk@4.1.2 OK for: log-symbols@4.1.0 want: ^4.1.0
2487 silly placeDep node_modules/firebase-tools/node_modules/parse5-htmlparser2-tree-adapter parse5@6.0.1 OK for: parse5-htmlparser2-tree-adapter@6.0.1 want: ^6.0.1
2488 silly placeDep node_modules/firebase-tools lru-cache@10.4.3 OK for: path-scurry@1.11.1 want: ^10.2.0
2489 silly fetch manifest pg@>=8.0
2490 silly packumentCache full:https://registry.npmjs.org/pg cache-miss
2491 http cache https://registry.npmjs.org/pg 4ms (cache hit)
2492 silly packumentCache full:https://registry.npmjs.org/pg set size:482398 disposed:false
2493 silly placeDep node_modules/firebase-tools pg-cloudflare@1.4.0 OK for: pg@8.23.0 want: ^1.4.0
2494 silly placeDep node_modules/firebase-tools pg-connection-string@2.14.0 OK for: pg@8.23.0 want: ^2.14.0
2495 silly placeDep node_modules/firebase-tools pg-pool@3.14.0 OK for: pg@8.23.0 want: ^3.14.0
2496 silly placeDep node_modules/firebase-tools pg-protocol@1.16.0 OK for: pg@8.23.0 want: ^1.16.0
2497 silly placeDep node_modules/firebase-tools pg-types@2.2.0 OK for: pg@8.23.0 want: 2.2.0
2498 silly placeDep node_modules/firebase-tools pgpass@1.0.5 OK for: pg@8.23.0 want: 1.0.5
2499 silly fetch manifest pg-int8@1.0.1
2500 silly packumentCache full:https://registry.npmjs.org/pg-int8 cache-miss
2501 http fetch GET 200 https://registry.npmjs.org/pg-int8 24ms (cache miss)
2502 silly packumentCache full:https://registry.npmjs.org/pg-int8 set size:undefined disposed:false
2503 silly fetch manifest postgres-date@~1.0.4
2504 silly packumentCache full:https://registry.npmjs.org/postgres-date cache-miss
2505 http fetch GET 200 https://registry.npmjs.org/postgres-date 36ms (cache miss)
2506 silly packumentCache full:https://registry.npmjs.org/postgres-date set size:undefined disposed:false
2507 silly fetch manifest postgres-array@~2.0.0
2508 silly packumentCache full:https://registry.npmjs.org/postgres-array cache-miss
2509 http fetch GET 200 https://registry.npmjs.org/postgres-array 23ms (cache miss)
2510 silly packumentCache full:https://registry.npmjs.org/postgres-array set size:undefined disposed:false
2511 silly fetch manifest postgres-bytea@~1.0.0
2512 silly packumentCache full:https://registry.npmjs.org/postgres-bytea cache-miss
2513 http fetch GET 200 https://registry.npmjs.org/postgres-bytea 41ms (cache miss)
2514 silly packumentCache full:https://registry.npmjs.org/postgres-bytea set size:undefined disposed:false
2515 silly fetch manifest postgres-interval@^1.1.0
2516 silly packumentCache full:https://registry.npmjs.org/postgres-interval cache-miss
2517 http fetch GET 200 https://registry.npmjs.org/postgres-interval 24ms (cache miss)
2518 silly packumentCache full:https://registry.npmjs.org/postgres-interval set size:undefined disposed:false
2519 silly fetch manifest split2@^4.1.0
2520 silly packumentCache full:https://registry.npmjs.org/split2 cache-miss
2521 http fetch GET 200 https://registry.npmjs.org/split2 38ms (cache miss)
2522 silly packumentCache full:https://registry.npmjs.org/split2 set size:undefined disposed:false
2523 silly placeDep node_modules/firebase-tools pg-int8@1.0.1 OK for: pg-types@2.2.0 want: 1.0.1
2524 silly placeDep node_modules/firebase-tools postgres-array@2.0.0 OK for: pg-types@2.2.0 want: ~2.0.0
2525 silly placeDep node_modules/firebase-tools postgres-bytea@1.0.1 OK for: pg-types@2.2.0 want: ~1.0.0
2526 silly placeDep node_modules/firebase-tools postgres-date@1.0.7 OK for: pg-types@2.2.0 want: ~1.0.4
2527 silly placeDep node_modules/firebase-tools postgres-interval@1.2.0 OK for: pg-types@2.2.0 want: ^1.1.0
2528 silly fetch manifest xtend@^4.0.0
2529 silly packumentCache full:https://registry.npmjs.org/xtend cache-miss
2530 http fetch GET 200 https://registry.npmjs.org/xtend 23ms (cache miss)
2531 silly packumentCache full:https://registry.npmjs.org/xtend set size:undefined disposed:false
2532 silly placeDep node_modules/firebase-tools split2@4.2.0 OK for: pgpass@1.0.5 want: ^4.1.0
2533 silly placeDep node_modules/firebase-tools/node_modules/portfinder debug@4.4.3 OK for: portfinder@1.0.38 want: ^4.3.6
2534 silly placeDep node_modules/firebase-tools xtend@4.0.2 OK for: postgres-interval@1.2.0 want: ^4.0.0
2535 silly placeDep node_modules/firebase-tools @protobufjs/aspromise@1.1.2 OK for: protobufjs@7.6.6 want: ^1.1.2
2536 silly placeDep node_modules/firebase-tools @protobufjs/base64@1.1.2 OK for: protobufjs@7.6.6 want: ^1.1.2
2537 silly placeDep node_modules/firebase-tools @protobufjs/codegen@2.0.5 OK for: protobufjs@7.6.6 want: ^2.0.5
2538 silly placeDep node_modules/firebase-tools @protobufjs/eventemitter@1.1.1 OK for: protobufjs@7.6.6 want: ^1.1.1
2539 silly placeDep node_modules/firebase-tools @protobufjs/fetch@1.1.1 OK for: protobufjs@7.6.6 want: ^1.1.1
2540 silly placeDep node_modules/firebase-tools @protobufjs/float@1.0.2 OK for: protobufjs@7.6.6 want: ^1.0.2
2541 silly placeDep node_modules/firebase-tools @protobufjs/path@1.1.2 OK for: protobufjs@7.6.6 want: ^1.1.2
2542 silly placeDep node_modules/firebase-tools @protobufjs/pool@1.1.0 OK for: protobufjs@7.6.6 want: ^1.1.0
2543 silly placeDep node_modules/firebase-tools @protobufjs/utf8@1.1.2 OK for: protobufjs@7.6.6 want: ^1.1.1
2544 silly placeDep node_modules/firebase-tools @types/node@26.4.1 OK for: protobufjs@7.6.6 want: >=13.7.0
2545 silly fetch manifest undici-types@~8.3.0
2546 silly packumentCache full:https://registry.npmjs.org/undici-types cache-miss
2547 http fetch GET 200 https://registry.npmjs.org/undici-types 50ms (cache miss)
2548 silly packumentCache full:https://registry.npmjs.org/undici-types set size:undefined disposed:false
2549 silly placeDep node_modules/firebase-tools undici-types@8.3.0 OK for: @types/node@26.4.1 want: ~8.3.0
2550 silly placeDep node_modules/firebase-tools forwarded@0.2.0 OK for: proxy-addr@2.0.7 want: 0.2.0
2551 silly placeDep node_modules/firebase-tools ipaddr.js@1.9.1 OK for: proxy-addr@2.0.7 want: 1.9.1
2552 silly placeDep node_modules/firebase-tools/node_modules/proxy-agent debug@4.4.3 OK for: proxy-agent@6.5.0 want: ^4.3.4
2553 silly placeDep node_modules/firebase-tools http-proxy-agent@7.0.2 OK for: proxy-agent@6.5.0 want: ^7.0.1
2554 silly placeDep node_modules/firebase-tools/node_modules/proxy-agent lru-cache@7.18.3 OK for: proxy-agent@6.5.0 want: ^7.14.1
2555 silly placeDep node_modules/firebase-tools pac-proxy-agent@7.2.0 OK for: proxy-agent@6.5.0 want: ^7.1.0
2556 silly placeDep node_modules/firebase-tools proxy-from-env@1.1.0 OK for: proxy-agent@6.5.0 want: ^1.1.0
2557 silly placeDep node_modules/firebase-tools socks-proxy-agent@8.0.5 OK for: proxy-agent@6.5.0 want: ^8.0.5
2558 silly fetch manifest get-uri@^6.0.1
2559 silly packumentCache full:https://registry.npmjs.org/get-uri cache-miss
2560 http fetch GET 200 https://registry.npmjs.org/get-uri 28ms (cache miss)
2561 silly packumentCache full:https://registry.npmjs.org/get-uri set size:undefined disposed:false
2562 silly fetch manifest pac-resolver@^7.0.1
2563 silly packumentCache full:https://registry.npmjs.org/pac-resolver cache-miss
2564 http fetch GET 200 https://registry.npmjs.org/pac-resolver 28ms (cache miss)
2565 silly packumentCache full:https://registry.npmjs.org/pac-resolver set size:undefined disposed:false
2566 silly fetch manifest @tootallnate/quickjs-emscripten@^0.23.0
2567 silly packumentCache full:https://registry.npmjs.org/@tootallnate%2fquickjs-emscripten cache-miss
2568 http fetch GET 200 https://registry.npmjs.org/@tootallnate%2fquickjs-emscripten 33ms (cache miss)
2569 silly packumentCache full:https://registry.npmjs.org/@tootallnate%2fquickjs-emscripten set size:undefined disposed:false
2570 silly fetch manifest socks@^2.8.3
2571 silly packumentCache full:https://registry.npmjs.org/socks cache-miss
2572 http fetch GET 200 https://registry.npmjs.org/socks 33ms (cache miss)
2573 silly packumentCache full:https://registry.npmjs.org/socks set size:undefined disposed:false
2574 silly placeDep node_modules/firebase-tools/node_modules/http-proxy-agent debug@4.4.3 OK for: http-proxy-agent@7.0.2 want: ^4.3.4
2575 silly placeDep node_modules/firebase-tools @tootallnate/quickjs-emscripten@0.23.0 OK for: pac-proxy-agent@7.2.0 want: ^0.23.0
2576 silly placeDep node_modules/firebase-tools/node_modules/pac-proxy-agent debug@4.4.3 OK for: pac-proxy-agent@7.2.0 want: ^4.3.4
2577 silly placeDep node_modules/firebase-tools get-uri@6.0.5 OK for: pac-proxy-agent@7.2.0 want: ^6.0.1
2578 silly placeDep node_modules/firebase-tools pac-resolver@7.0.1 OK for: pac-proxy-agent@7.2.0 want: ^7.0.1
2579 silly fetch manifest basic-ftp@^5.0.2
2580 silly packumentCache full:https://registry.npmjs.org/basic-ftp cache-miss
2581 http fetch GET 200 https://registry.npmjs.org/basic-ftp 30ms (cache miss)
2582 silly packumentCache full:https://registry.npmjs.org/basic-ftp set size:undefined disposed:false
2583 silly fetch manifest data-uri-to-buffer@^6.0.2
2584 silly packumentCache full:https://registry.npmjs.org/data-uri-to-buffer cache-miss
2585 http cache https://registry.npmjs.org/data-uri-to-buffer 12ms (cache hit)
2586 silly packumentCache full:https://registry.npmjs.org/data-uri-to-buffer set size:48018 disposed:false
2587 silly fetch manifest netmask@^2.0.2
2588 silly packumentCache full:https://registry.npmjs.org/netmask cache-miss
2589 http fetch GET 200 https://registry.npmjs.org/netmask 25ms (cache miss)
2590 silly packumentCache full:https://registry.npmjs.org/netmask set size:undefined disposed:false
2591 silly fetch manifest degenerator@^5.0.0
2592 silly packumentCache full:https://registry.npmjs.org/degenerator cache-miss
2593 http fetch GET 200 https://registry.npmjs.org/degenerator 24ms (cache miss)
2594 silly packumentCache full:https://registry.npmjs.org/degenerator set size:undefined disposed:false
2595 silly placeDep node_modules/firebase-tools basic-ftp@5.3.1 OK for: get-uri@6.0.5 want: ^5.0.2
2596 silly placeDep node_modules/firebase-tools data-uri-to-buffer@6.0.2 OK for: get-uri@6.0.5 want: ^6.0.2
2597 silly placeDep node_modules/firebase-tools/node_modules/get-uri debug@4.4.3 OK for: get-uri@6.0.5 want: ^4.3.4
2598 silly placeDep node_modules/firebase-tools degenerator@5.0.1 OK for: pac-resolver@7.0.1 want: ^5.0.0
2599 silly placeDep node_modules/firebase-tools netmask@2.1.1 OK for: pac-resolver@7.0.1 want: ^2.0.2
2600 silly fetch manifest esprima@^4.0.1
2601 silly packumentCache full:https://registry.npmjs.org/esprima cache-miss
2602 http fetch GET 200 https://registry.npmjs.org/esprima 30ms (cache miss)
2603 silly packumentCache full:https://registry.npmjs.org/esprima set size:undefined disposed:false
2604 silly fetch manifest ast-types@^0.13.4
2605 silly packumentCache full:https://registry.npmjs.org/ast-types cache-miss
2606 http fetch GET 200 https://registry.npmjs.org/ast-types 28ms (cache miss)
2607 silly packumentCache full:https://registry.npmjs.org/ast-types set size:undefined disposed:false
2608 silly fetch manifest escodegen@^2.1.0
2609 silly packumentCache full:https://registry.npmjs.org/escodegen cache-miss
2610 http fetch GET 200 https://registry.npmjs.org/escodegen 31ms (cache miss)
2611 silly packumentCache full:https://registry.npmjs.org/escodegen set size:undefined disposed:false
2612 silly placeDep node_modules/firebase-tools ast-types@0.13.4 OK for: degenerator@5.0.1 want: ^0.13.4
2613 silly placeDep node_modules/firebase-tools escodegen@2.1.0 OK for: degenerator@5.0.1 want: ^2.1.0
2614 silly placeDep node_modules/firebase-tools esprima@4.0.1 OK for: degenerator@5.0.1 want: ^4.0.1
2615 silly fetch manifest tslib@^2.0.1
2616 silly packumentCache full:https://registry.npmjs.org/tslib cache-miss
2617 http fetch GET 200 https://registry.npmjs.org/tslib 24ms (cache miss)
2618 silly packumentCache full:https://registry.npmjs.org/tslib set size:undefined disposed:false
2619 silly fetch manifest estraverse@^5.2.0
2620 silly packumentCache full:https://registry.npmjs.org/estraverse cache-miss
2621 http fetch GET 200 https://registry.npmjs.org/estraverse 29ms (cache miss)
2622 silly packumentCache full:https://registry.npmjs.org/estraverse set size:undefined disposed:false
2623 silly fetch manifest esutils@^2.0.2
2624 silly packumentCache full:https://registry.npmjs.org/esutils cache-miss
2625 http fetch GET 200 https://registry.npmjs.org/esutils 21ms (cache miss)
2626 silly packumentCache full:https://registry.npmjs.org/esutils set size:undefined disposed:false
2627 silly fetch manifest source-map@~0.6.1
2628 silly packumentCache full:https://registry.npmjs.org/source-map cache-miss
2629 http fetch GET 200 https://registry.npmjs.org/source-map 33ms (cache miss)
2630 silly packumentCache full:https://registry.npmjs.org/source-map set size:undefined disposed:false
2631 silly placeDep node_modules/firebase-tools tslib@2.8.1 OK for: ast-types@0.13.4 want: ^2.0.1
2632 silly placeDep node_modules/firebase-tools estraverse@5.3.0 OK for: escodegen@2.1.0 want: ^5.2.0
2633 silly placeDep node_modules/firebase-tools esutils@2.0.3 OK for: escodegen@2.1.0 want: ^2.0.2
2634 silly placeDep node_modules/firebase-tools source-map@0.6.1 OK for: escodegen@2.1.0 want: ~0.6.1
2635 silly placeDep node_modules/firebase-tools side-channel@1.1.1 OK for: qs@6.15.3 want: ^1.1.1
2636 silly fetch manifest object-inspect@^1.13.4
2637 silly packumentCache full:https://registry.npmjs.org/object-inspect cache-miss
2638 http fetch GET 200 https://registry.npmjs.org/object-inspect 26ms (cache miss)
2639 silly packumentCache full:https://registry.npmjs.org/object-inspect set size:undefined disposed:false
2640 silly fetch manifest side-channel-list@^1.0.1
2641 silly packumentCache full:https://registry.npmjs.org/side-channel-list cache-miss
2642 http fetch GET 200 https://registry.npmjs.org/side-channel-list 32ms (cache miss)
2643 silly packumentCache full:https://registry.npmjs.org/side-channel-list set size:undefined disposed:false
2644 silly fetch manifest side-channel-map@^1.0.1
2645 silly packumentCache full:https://registry.npmjs.org/side-channel-map cache-miss
2646 http fetch GET 200 https://registry.npmjs.org/side-channel-map 22ms (cache miss)
2647 silly packumentCache full:https://registry.npmjs.org/side-channel-map set size:undefined disposed:false
2648 silly fetch manifest side-channel-weakmap@^1.0.2
2649 silly packumentCache full:https://registry.npmjs.org/side-channel-weakmap cache-miss
2650 http fetch GET 200 https://registry.npmjs.org/side-channel-weakmap 28ms (cache miss)
2651 silly packumentCache full:https://registry.npmjs.org/side-channel-weakmap set size:undefined disposed:false
2652 silly placeDep node_modules/firebase-tools/node_modules/readable-stream buffer@6.0.3 OK for: readable-stream@4.7.0 want: ^6.0.3
2653 silly placeDep node_modules/firebase-tools events@3.3.0 OK for: readable-stream@4.7.0 want: ^3.3.0
2654 silly placeDep node_modules/firebase-tools process@0.11.10 OK for: readable-stream@4.7.0 want: ^0.11.10
2655 silly placeDep node_modules/firebase-tools string_decoder@1.3.0 OK for: readable-stream@4.7.0 want: ^1.3.0
2656 silly placeDep node_modules/firebase-tools/node_modules/readdir-glob minimatch@5.1.9 OK for: readdir-glob@1.1.3 want: ^5.1.0
2657 silly fetch manifest brace-expansion@^2.0.1
2658 silly packumentCache full:https://registry.npmjs.org/brace-expansion cache-hit
2659 silly placeDep node_modules/firebase-tools onetime@5.1.2 OK for: restore-cursor@3.1.0 want: ^5.1.0
2660 silly placeDep node_modules/firebase-tools/node_modules/restore-cursor signal-exit@3.0.7 OK for: restore-cursor@3.1.0 want: ^3.0.2
2661 silly fetch manifest mimic-fn@^2.1.0
2662 silly packumentCache full:https://registry.npmjs.org/mimic-fn cache-miss
2663 http fetch GET 200 https://registry.npmjs.org/mimic-fn 23ms (cache miss)
2664 silly packumentCache full:https://registry.npmjs.org/mimic-fn set size:undefined disposed:false
2665 silly placeDep node_modules/firebase-tools mimic-fn@2.1.0 OK for: onetime@5.1.2 want: ^2.1.0
2666 silly placeDep node_modules/firebase-tools teeny-request@10.1.4 OK for: retry-request@8.0.4 want: ^10.0.0
2667 silly fetch manifest stream-events@^1.0.5
2668 silly packumentCache full:https://registry.npmjs.org/stream-events cache-miss
2669 http fetch GET 200 https://registry.npmjs.org/stream-events 28ms (cache miss)
2670 silly packumentCache full:https://registry.npmjs.org/stream-events set size:undefined disposed:false
2671 silly placeDep node_modules/firebase-tools/node_modules/send mime@1.6.0 OK for: send@0.19.2 want: 1.6.0
2672 silly placeDep node_modules/firebase-tools/node_modules/send ms@2.1.3 OK for: send@0.19.2 want: 2.1.3
2673 silly placeDep node_modules/firebase-tools shebang-regex@3.0.0 OK for: shebang-command@2.0.0 want: ^3.0.0
2674 silly placeDep node_modules/firebase-tools object-inspect@1.13.4 OK for: side-channel@1.1.1 want: ^1.13.4
2675 silly placeDep node_modules/firebase-tools side-channel-list@1.0.1 OK for: side-channel@1.1.1 want: ^1.0.1
2676 silly placeDep node_modules/firebase-tools side-channel-map@1.0.1 OK for: side-channel@1.1.1 want: ^1.0.1
2677 silly placeDep node_modules/firebase-tools side-channel-weakmap@1.0.2 OK for: side-channel@1.1.1 want: ^1.0.2
2678 silly fetch manifest call-bound@^1.0.2
2679 silly packumentCache full:https://registry.npmjs.org/call-bound cache-miss
2680 http fetch GET 200 https://registry.npmjs.org/call-bound 23ms (cache miss)
2681 silly packumentCache full:https://registry.npmjs.org/call-bound set size:undefined disposed:false
2682 silly placeDep node_modules/firebase-tools call-bound@1.0.4 OK for: side-channel-map@1.0.1 want: ^1.0.2
2683 silly placeDep node_modules/firebase-tools unicode-emoji-modifier-base@1.0.0 OK for: skin-tone@2.0.0 want: ^1.0.0
2684 silly placeDep node_modules/firebase-tools/node_modules/socks-proxy-agent debug@4.4.3 OK for: socks-proxy-agent@8.0.5 want: ^4.3.4
2685 silly placeDep node_modules/firebase-tools socks@2.8.10 OK for: socks-proxy-agent@8.0.5 want: ^2.8.3
2686 silly fetch manifest smart-buffer@^4.2.0
2687 silly packumentCache full:https://registry.npmjs.org/smart-buffer cache-miss
2688 http fetch GET 200 https://registry.npmjs.org/smart-buffer 30ms (cache miss)
2689 silly packumentCache full:https://registry.npmjs.org/smart-buffer set size:undefined disposed:false
2690 silly placeDep node_modules/firebase-tools smart-buffer@4.2.0 OK for: socks@2.8.10 want: ^4.2.0
2691 silly placeDep node_modules/firebase-tools nearley@2.20.1 OK for: sql-formatter@15.8.2 want: ^2.20.1
2692 silly fetch manifest commander@^2.19.0
2693 silly packumentCache full:https://registry.npmjs.org/commander cache-hit
2694 silly fetch manifest moo@^0.5.0
2695 silly packumentCache full:https://registry.npmjs.org/moo cache-miss
2696 http fetch GET 200 https://registry.npmjs.org/moo 27ms (cache miss)
2697 silly packumentCache full:https://registry.npmjs.org/moo set size:undefined disposed:false
2698 silly fetch manifest railroad-diagrams@^1.0.0
2699 silly packumentCache full:https://registry.npmjs.org/railroad-diagrams cache-miss
2700 http fetch GET 200 https://registry.npmjs.org/railroad-diagrams 27ms (cache miss)
2701 silly packumentCache full:https://registry.npmjs.org/railroad-diagrams set size:undefined disposed:false
2702 silly fetch manifest randexp@0.4.6
2703 silly packumentCache full:https://registry.npmjs.org/randexp cache-miss
2704 http fetch GET 200 https://registry.npmjs.org/randexp 22ms (cache miss)
2705 silly packumentCache full:https://registry.npmjs.org/randexp set size:undefined disposed:false
2706 silly placeDep node_modules/firebase-tools/node_modules/nearley commander@2.20.3 OK for: nearley@2.20.1 want: ^2.19.0
2707 silly placeDep node_modules/firebase-tools moo@0.5.3 OK for: nearley@2.20.1 want: ^0.5.0
2708 silly placeDep node_modules/firebase-tools railroad-diagrams@1.0.0 OK for: nearley@2.20.1 want: ^1.0.0
2709 silly placeDep node_modules/firebase-tools randexp@0.4.6 OK for: nearley@2.20.1 want: 0.4.6
2710 silly fetch manifest discontinuous-range@1.0.0
2711 silly packumentCache full:https://registry.npmjs.org/discontinuous-range cache-miss
2712 http fetch GET 200 https://registry.npmjs.org/discontinuous-range 33ms (cache miss)
2713 silly packumentCache full:https://registry.npmjs.org/discontinuous-range set size:undefined disposed:false
2714 silly fetch manifest ret@~0.1.10
2715 silly packumentCache full:https://registry.npmjs.org/ret cache-miss
2716 http fetch GET 200 https://registry.npmjs.org/ret 22ms (cache miss)
2717 silly packumentCache full:https://registry.npmjs.org/ret set size:undefined disposed:false
2718 silly placeDep node_modules/firebase-tools discontinuous-range@1.0.0 OK for: randexp@0.4.6 want: 1.0.0
2719 silly placeDep node_modules/firebase-tools ret@0.1.15 OK for: randexp@0.4.6 want: ~0.1.10
2720 silly placeDep node_modules/firebase-tools emoji-regex@8.0.0 OK for: string-width@4.2.3 want: ^8.0.0
2721 silly placeDep node_modules/firebase-tools is-fullwidth-code-point@3.0.0 OK for: string-width@4.2.3 want: ^3.0.0
2722 silly placeDep node_modules/firebase-tools/node_modules/string-width strip-ansi@6.0.1 OK for: string-width@4.2.3 want: ^6.0.1
2723 silly placeDep node_modules/firebase-tools/node_modules/string-width-cjs strip-ansi@6.0.1 OK for: string-width@4.2.3 want: ^6.0.1
2724 silly placeDep node_modules/firebase-tools/node_modules/strip-ansi-cjs ansi-regex@5.0.1 OK for: strip-ansi@6.0.1 want: ^5.0.1
2725 silly placeDep node_modules/firebase-tools basic-auth-connect@1.1.0 OK for: superstatic@10.0.0 want: ^1.1.0
2726 silly placeDep node_modules/firebase-tools/node_modules/superstatic commander@10.0.1 OK for: superstatic@10.0.0 want: ^10.0.0
2727 silly placeDep node_modules/firebase-tools compression@1.8.1 OK for: superstatic@10.0.0 want: ^1.7.0
2728 silly placeDep node_modules/firebase-tools connect@3.7.0 OK for: superstatic@10.0.0 want: ^3.7.0
2729 silly placeDep node_modules/firebase-tools glob-slasher@1.0.1 OK for: superstatic@10.0.0 want: ^1.0.1
2730 silly placeDep node_modules/firebase-tools is-url@1.2.4 OK for: superstatic@10.0.0 want: ^1.2.2
2731 silly placeDep node_modules/firebase-tools join-path@1.1.1 OK for: superstatic@10.0.0 want: ^1.1.1
2732 silly placeDep node_modules/firebase-tools/node_modules/superstatic minimatch@6.2.3 OK for: superstatic@10.0.0 want: ^6.1.6
2733 silly placeDep node_modules/firebase-tools/node_modules/superstatic path-to-regexp@1.9.0 OK for: superstatic@10.0.0 want: ^1.9.0
2734 silly placeDep node_modules/firebase-tools re2@1.26.1 OK for: superstatic@10.0.0 want: ^1.17.7
2735 silly placeDep node_modules/firebase-tools router@2.2.0 OK for: superstatic@10.0.0 want: ^2.0.0
2736 silly fetch manifest tsscmp@^1.0.6
2737 silly packumentCache full:https://registry.npmjs.org/tsscmp cache-miss
2738 http fetch GET 200 https://registry.npmjs.org/tsscmp 28ms (cache miss)
2739 silly packumentCache full:https://registry.npmjs.org/tsscmp set size:undefined disposed:false
2740 silly fetch manifest negotiator@~0.6.4
2741 silly packumentCache full:https://registry.npmjs.org/negotiator cache-miss
2742 http cache https://registry.npmjs.org/negotiator 3ms (cache hit)
2743 silly packumentCache full:https://registry.npmjs.org/negotiator set size:56148 disposed:false
2744 silly fetch manifest compressible@~2.0.18
2745 silly packumentCache full:https://registry.npmjs.org/compressible cache-miss
2746 http fetch GET 200 https://registry.npmjs.org/compressible 29ms (cache miss)
2747 silly packumentCache full:https://registry.npmjs.org/compressible set size:undefined disposed:false
2748 silly fetch manifest finalhandler@1.1.2
2749 silly packumentCache full:https://registry.npmjs.org/finalhandler cache-hit
2750 silly fetch manifest glob-slash@^1.0.0
2751 silly packumentCache full:https://registry.npmjs.org/glob-slash cache-miss
2752 http fetch GET 200 https://registry.npmjs.org/glob-slash 30ms (cache miss)
2753 silly packumentCache full:https://registry.npmjs.org/glob-slash set size:undefined disposed:false
2754 silly fetch manifest lodash.isobject@^2.4.1
2755 silly packumentCache full:https://registry.npmjs.org/lodash.isobject cache-miss
2756 http fetch GET 200 https://registry.npmjs.org/lodash.isobject 22ms (cache miss)
2757 silly packumentCache full:https://registry.npmjs.org/lodash.isobject set size:undefined disposed:false
2758 silly fetch manifest toxic@^1.0.0
2759 silly packumentCache full:https://registry.npmjs.org/toxic cache-miss
2760 http fetch GET 200 https://registry.npmjs.org/toxic 33ms (cache miss)
2761 silly packumentCache full:https://registry.npmjs.org/toxic set size:undefined disposed:false
2762 silly fetch manifest as-array@^2.0.0
2763 silly packumentCache full:https://registry.npmjs.org/as-array cache-miss
2764 http fetch GET 200 https://registry.npmjs.org/as-array 22ms (cache miss)
2765 silly packumentCache full:https://registry.npmjs.org/as-array set size:undefined disposed:false
2766 silly fetch manifest valid-url@^1
2767 silly packumentCache full:https://registry.npmjs.org/valid-url cache-miss
2768 http fetch GET 200 https://registry.npmjs.org/valid-url 27ms (cache miss)
2769 silly packumentCache full:https://registry.npmjs.org/valid-url set size:undefined disposed:false
2770 silly fetch manifest url-join@0.0.1
2771 silly packumentCache full:https://registry.npmjs.org/url-join cache-miss
2772 http fetch GET 200 https://registry.npmjs.org/url-join 22ms (cache miss)
2773 silly packumentCache full:https://registry.npmjs.org/url-join set size:undefined disposed:false
2774 silly fetch manifest isarray@0.0.1
2775 silly packumentCache full:https://registry.npmjs.org/isarray cache-miss
2776 http cache https://registry.npmjs.org/isarray 3ms (cache hit)
2777 silly packumentCache full:https://registry.npmjs.org/isarray set size:17392 disposed:false
2778 silly fetch manifest install-artifact-from-github@^1.7.0
2779 silly packumentCache full:https://registry.npmjs.org/install-artifact-from-github cache-miss
2780 http fetch GET 200 https://registry.npmjs.org/install-artifact-from-github 218ms (cache miss)
2781 silly packumentCache full:https://registry.npmjs.org/install-artifact-from-github set size:undefined disposed:false
2782 silly fetch manifest nan@^2.28.0
2783 silly packumentCache full:https://registry.npmjs.org/nan cache-miss
2784 http fetch GET 200 https://registry.npmjs.org/nan 27ms (cache miss)
2785 silly packumentCache full:https://registry.npmjs.org/nan set size:undefined disposed:false
2786 silly fetch manifest node-gyp@^13.0.1
2787 silly packumentCache full:https://registry.npmjs.org/node-gyp cache-miss
2788 http fetch GET 200 https://registry.npmjs.org/node-gyp 40ms (cache miss)
2789 silly packumentCache full:https://registry.npmjs.org/node-gyp set size:undefined disposed:false
2790 silly fetch manifest is-promise@^4.0.0
2791 silly packumentCache full:https://registry.npmjs.org/is-promise cache-miss
2792 http fetch GET 200 https://registry.npmjs.org/is-promise 21ms (cache miss)
2793 silly packumentCache full:https://registry.npmjs.org/is-promise set size:undefined disposed:false
2794 silly fetch manifest path-to-regexp@^8.0.0
2795 silly packumentCache full:https://registry.npmjs.org/path-to-regexp cache-hit
2796 silly placeDep node_modules/firebase-tools tsscmp@1.0.6 OK for: basic-auth-connect@1.1.0 want: ^1.0.6
2797 silly placeDep node_modules/firebase-tools compressible@2.0.18 OK for: compression@1.8.1 want: ~2.0.18
2798 silly placeDep node_modules/firebase-tools/node_modules/compression negotiator@0.6.4 OK for: compression@1.8.1 want: ~0.6.4
2799 silly placeDep node_modules/firebase-tools/node_modules/connect finalhandler@1.1.2 OK for: connect@3.7.0 want: 1.1.2
2800 silly fetch manifest statuses@~1.5.0
2801 silly packumentCache full:https://registry.npmjs.org/statuses cache-hit
2802 silly fetch manifest encodeurl@~1.0.2
2803 silly packumentCache full:https://registry.npmjs.org/encodeurl cache-hit
2804 silly fetch manifest on-finished@~2.3.0
2805 silly packumentCache full:https://registry.npmjs.org/on-finished cache-hit
2806 silly placeDep node_modules/firebase-tools glob-slash@1.0.0 OK for: glob-slasher@1.0.1 want: ^1.0.0
2807 silly placeDep node_modules/firebase-tools lodash.isobject@2.4.1 OK for: glob-slasher@1.0.1 want: ^2.4.1
2808 silly placeDep node_modules/firebase-tools toxic@1.0.1 OK for: glob-slasher@1.0.1 want: ^1.0.0
2809 silly fetch manifest lodash._objecttypes@~2.4.1
2810 silly packumentCache full:https://registry.npmjs.org/lodash._objecttypes cache-miss
2811 http fetch GET 200 https://registry.npmjs.org/lodash._objecttypes 27ms (cache miss)
2812 silly packumentCache full:https://registry.npmjs.org/lodash._objecttypes set size:undefined disposed:false
2813 silly placeDep node_modules/firebase-tools as-array@2.0.0 OK for: join-path@1.1.1 want: ^2.0.0
2814 silly placeDep node_modules/firebase-tools url-join@0.0.1 OK for: join-path@1.1.1 want: 0.0.1
2815 silly placeDep node_modules/firebase-tools valid-url@1.0.9 OK for: join-path@1.1.1 want: ^1
2816 silly placeDep node_modules/firebase-tools lodash._objecttypes@2.4.1 OK for: lodash.isobject@2.4.1 want: ~2.4.1
2817 silly placeDep node_modules/firebase-tools install-artifact-from-github@1.8.0 OK for: re2@1.26.1 want: ^1.7.0
2818 silly placeDep node_modules/firebase-tools nan@2.28.0 OK for: re2@1.26.1 want: ^2.28.0
2819 silly placeDep node_modules/firebase-tools node-gyp@13.0.2 OK for: re2@1.26.1 want: ^13.0.1
2820 silly fetch manifest nopt@^10.0.0
2821 silly packumentCache full:https://registry.npmjs.org/nopt cache-miss
2822 http fetch GET 200 https://registry.npmjs.org/nopt 30ms (cache miss)
2823 silly packumentCache full:https://registry.npmjs.org/nopt set size:undefined disposed:false
2824 silly fetch manifest which@^7.0.0
2825 silly packumentCache full:https://registry.npmjs.org/which cache-miss
2826 http cache https://registry.npmjs.org/which 4ms (cache hit)
2827 silly packumentCache full:https://registry.npmjs.org/which set size:70087 disposed:false
2828 silly fetch manifest undici@^8.4.1
2829 silly packumentCache full:https://registry.npmjs.org/undici cache-miss
2830 http cache https://registry.npmjs.org/undici 7ms (cache hit)
2831 silly packumentCache full:https://registry.npmjs.org/undici set size:1538249 disposed:false
2832 silly fetch manifest proc-log@^7.0.0
2833 silly packumentCache full:https://registry.npmjs.org/proc-log cache-miss
2834 http fetch GET 200 https://registry.npmjs.org/proc-log 26ms (cache miss)
2835 silly packumentCache full:https://registry.npmjs.org/proc-log set size:undefined disposed:false
2836 silly fetch manifest env-paths@^2.2.0
2837 silly packumentCache full:https://registry.npmjs.org/env-paths cache-miss
2838 http fetch GET 200 https://registry.npmjs.org/env-paths 20ms (cache miss)
2839 silly packumentCache full:https://registry.npmjs.org/env-paths set size:undefined disposed:false
2840 silly fetch manifest tinyglobby@^0.2.12
2841 silly packumentCache full:https://registry.npmjs.org/tinyglobby cache-miss
2842 http fetch GET 200 https://registry.npmjs.org/tinyglobby 25ms (cache miss)
2843 silly packumentCache full:https://registry.npmjs.org/tinyglobby set size:undefined disposed:false
2844 silly fetch manifest exponential-backoff@^3.1.1
2845 silly packumentCache full:https://registry.npmjs.org/exponential-backoff cache-miss
2846 http fetch GET 200 https://registry.npmjs.org/exponential-backoff 38ms (cache miss)
2847 silly packumentCache full:https://registry.npmjs.org/exponential-backoff set size:undefined disposed:false
2848 silly placeDep node_modules/firebase-tools env-paths@2.2.1 OK for: node-gyp@13.0.2 want: ^2.2.0
2849 silly placeDep node_modules/firebase-tools exponential-backoff@3.1.3 OK for: node-gyp@13.0.2 want: ^3.1.1
2850 silly placeDep node_modules/firebase-tools nopt@10.0.1 OK for: node-gyp@13.0.2 want: ^10.0.0
2851 silly placeDep node_modules/firebase-tools proc-log@7.0.0 OK for: node-gyp@13.0.2 want: ^7.0.0
2852 silly placeDep node_modules/firebase-tools tinyglobby@0.2.17 OK for: node-gyp@13.0.2 want: ^0.2.12
2853 silly placeDep node_modules/firebase-tools/node_modules/node-gyp undici@8.10.1 OK for: node-gyp@13.0.2 want: ^8.4.1
2854 silly placeDep node_modules/firebase-tools/node_modules/node-gyp which@7.0.0 OK for: node-gyp@13.0.2 want: ^7.0.0
2855 silly fetch manifest abbrev@^5.0.0
2856 silly packumentCache full:https://registry.npmjs.org/abbrev cache-miss
2857 http fetch GET 200 https://registry.npmjs.org/abbrev 25ms (cache miss)
2858 silly packumentCache full:https://registry.npmjs.org/abbrev set size:undefined disposed:false
2859 silly fetch manifest fdir@^6.5.0
2860 silly packumentCache full:https://registry.npmjs.org/fdir cache-miss
2861 http fetch GET 200 https://registry.npmjs.org/fdir 25ms (cache miss)
2862 silly packumentCache full:https://registry.npmjs.org/fdir set size:undefined disposed:false
2863 silly fetch manifest picomatch@^4.0.4
2864 silly packumentCache full:https://registry.npmjs.org/picomatch cache-hit
2865 silly fetch manifest isexe@^4.0.0
2866 silly packumentCache full:https://registry.npmjs.org/isexe cache-miss
2867 http cache https://registry.npmjs.org/isexe 4ms (cache hit)
2868 silly packumentCache full:https://registry.npmjs.org/isexe set size:31756 disposed:false
2869 silly placeDep node_modules/firebase-tools abbrev@5.0.0 OK for: nopt@10.0.1 want: ^5.0.0
2870 silly placeDep node_modules/firebase-tools/node_modules/router debug@4.4.3 OK for: router@2.2.0 want: ^4.4.0
2871 silly placeDep node_modules/firebase-tools is-promise@4.0.0 OK for: router@2.2.0 want: ^4.0.0
2872 silly placeDep node_modules/firebase-tools/node_modules/router path-to-regexp@8.4.2 OK for: router@2.2.0 want: ^8.0.0
2873 silly placeDep node_modules/firebase-tools has-flag@4.0.0 OK for: supports-hyperlinks@3.2.0 want: ^4.0.0
2874 silly placeDep node_modules/firebase-tools supports-color@7.2.0 OK for: supports-hyperlinks@3.2.0 want: ^7.0.0
2875 silly placeDep node_modules/firebase-tools @isaacs/fs-minipass@4.0.1 OK for: tar@7.5.22 want: ^4.0.0
2876 silly placeDep node_modules/firebase-tools chownr@3.0.0 OK for: tar@7.5.22 want: ^3.0.0
2877 silly placeDep node_modules/firebase-tools minizlib@3.1.0 OK for: tar@7.5.22 want: ^3.1.0
2878 silly placeDep node_modules/firebase-tools yallist@5.0.0 OK for: tar@7.5.22 want: ^5.0.0
2879 silly fetch manifest react-native-b4a@*
2880 silly packumentCache full:https://registry.npmjs.org/react-native-b4a cache-miss
2881 http fetch GET 200 https://registry.npmjs.org/react-native-b4a 23ms (cache miss)
2882 silly packumentCache full:https://registry.npmjs.org/react-native-b4a set size:undefined disposed:false
2883 silly fetch manifest react@*
2884 silly packumentCache full:https://registry.npmjs.org/react cache-miss
2885 http fetch GET 200 https://registry.npmjs.org/react 171ms (cache miss)
2886 silly packumentCache full:https://registry.npmjs.org/react set size:undefined disposed:false
2887 silly fetch manifest react-native@*
2888 silly packumentCache full:https://registry.npmjs.org/react-native cache-miss
2889 http fetch GET 200 https://registry.npmjs.org/react-native 337ms (cache miss)
2890 silly packumentCache full:https://registry.npmjs.org/react-native set size:undefined disposed:false
2891 silly fetch manifest @types/react@^19.1.1
2892 silly packumentCache full:https://registry.npmjs.org/@types%2freact cache-miss
2893 http fetch GET 200 https://registry.npmjs.org/@types%2freact 92ms (cache miss)
2894 silly packumentCache full:https://registry.npmjs.org/@types%2freact set size:undefined disposed:false
2895 silly fetch manifest bare-buffer@*
2896 silly packumentCache full:https://registry.npmjs.org/bare-buffer cache-miss
2897 http fetch GET 200 https://registry.npmjs.org/bare-buffer 38ms (cache miss)
2898 silly packumentCache full:https://registry.npmjs.org/bare-buffer set size:undefined disposed:false
2899 silly placeDep node_modules/firebase-tools b4a@1.8.1 OK for: tar-stream@3.2.1 want: ^1.6.4
2900 silly placeDep node_modules/firebase-tools bare-fs@4.8.1 OK for: tar-stream@3.2.1 want: ^4.5.5
2901 silly placeDep node_modules/firebase-tools fast-fifo@1.3.2 OK for: tar-stream@3.2.1 want: ^1.2.0
2902 silly placeDep node_modules/firebase-tools streamx@2.28.1 OK for: tar-stream@3.2.1 want: ^2.15.0
2903 silly fetch manifest bare-url@^2.2.2
2904 silly packumentCache full:https://registry.npmjs.org/bare-url cache-miss
2905 http fetch GET 200 https://registry.npmjs.org/bare-url 24ms (cache miss)
2906 silly packumentCache full:https://registry.npmjs.org/bare-url set size:undefined disposed:false
2907 silly fetch manifest bare-path@^3.0.0
2908 silly packumentCache full:https://registry.npmjs.org/bare-path cache-miss
2909 http fetch GET 200 https://registry.npmjs.org/bare-path 37ms (cache miss)
2910 silly packumentCache full:https://registry.npmjs.org/bare-path set size:undefined disposed:false
2911 silly fetch manifest fast-fifo@^1.3.2
2912 silly packumentCache full:https://registry.npmjs.org/fast-fifo cache-miss
2913 http cache https://registry.npmjs.org/fast-fifo 3ms (cache hit)
2914 silly packumentCache full:https://registry.npmjs.org/fast-fifo set size:13855 disposed:false
2915 silly fetch manifest bare-events@^2.5.4
2916 silly packumentCache full:https://registry.npmjs.org/bare-events cache-miss
2917 http fetch GET 200 https://registry.npmjs.org/bare-events 23ms (cache miss)
2918 silly packumentCache full:https://registry.npmjs.org/bare-events set size:undefined disposed:false
2919 silly fetch manifest bare-stream@^2.6.4
2920 silly packumentCache full:https://registry.npmjs.org/bare-stream cache-miss
2921 http fetch GET 200 https://registry.npmjs.org/bare-stream 32ms (cache miss)
2922 silly packumentCache full:https://registry.npmjs.org/bare-stream set size:undefined disposed:false
2923 silly fetch manifest text-decoder@^1.1.0
2924 silly packumentCache full:https://registry.npmjs.org/text-decoder cache-miss
2925 http fetch GET 200 https://registry.npmjs.org/text-decoder 22ms (cache miss)
2926 silly packumentCache full:https://registry.npmjs.org/text-decoder set size:undefined disposed:false
2927 silly fetch manifest events-universal@^1.0.0
2928 silly packumentCache full:https://registry.npmjs.org/events-universal cache-miss
2929 http fetch GET 200 https://registry.npmjs.org/events-universal 29ms (cache miss)
2930 silly packumentCache full:https://registry.npmjs.org/events-universal set size:undefined disposed:false
2931 silly fetch manifest bare-abort-controller@*
2932 silly packumentCache full:https://registry.npmjs.org/bare-abort-controller cache-miss
2933 http fetch GET 200 https://registry.npmjs.org/bare-abort-controller 23ms (cache miss)
2934 silly packumentCache full:https://registry.npmjs.org/bare-abort-controller set size:undefined disposed:false
2935 silly placeDep node_modules/firebase-tools bare-events@2.9.2 OK for: bare-fs@4.8.1 want: ^2.5.4
2936 silly placeDep node_modules/firebase-tools bare-path@3.1.2 OK for: bare-fs@4.8.1 want: ^3.0.0
2937 silly placeDep node_modules/firebase-tools bare-stream@2.13.4 OK for: bare-fs@4.8.1 want: ^2.6.4
2938 silly placeDep node_modules/firebase-tools bare-url@2.5.4 OK for: bare-fs@4.8.1 want: ^2.2.2
2939 silly fetch manifest teex@^1.0.1
2940 silly packumentCache full:https://registry.npmjs.org/teex cache-miss
2941 http fetch GET 200 https://registry.npmjs.org/teex 25ms (cache miss)
2942 silly packumentCache full:https://registry.npmjs.org/teex set size:undefined disposed:false
2943 silly placeDep node_modules/firebase-tools teex@1.0.1 OK for: bare-stream@2.13.4 want: ^1.0.1
2944 silly placeDep node_modules/firebase-tools events-universal@1.0.1 OK for: streamx@2.28.1 want: ^1.0.0
2945 silly placeDep node_modules/firebase-tools text-decoder@1.2.7 OK for: streamx@2.28.1 want: ^1.1.0
2946 silly placeDep node_modules/firebase-tools/node_modules/tcp-port-used debug@4.3.1 OK for: tcp-port-used@1.0.3 want: 4.3.1
2947 silly placeDep node_modules/firebase-tools is2@2.0.1 OK for: tcp-port-used@1.0.3 want: 2.0.1
2948 silly fetch manifest ms@2.1.2
2949 silly packumentCache full:https://registry.npmjs.org/ms cache-hit
2950 silly fetch manifest deep-is@^0.1.3
2951 silly packumentCache full:https://registry.npmjs.org/deep-is cache-miss
2952 http fetch GET 200 https://registry.npmjs.org/deep-is 23ms (cache miss)
2953 silly packumentCache full:https://registry.npmjs.org/deep-is set size:undefined disposed:false
2954 silly fetch manifest ip-regex@^2.1.0
2955 silly packumentCache full:https://registry.npmjs.org/ip-regex cache-miss
2956 http fetch GET 200 https://registry.npmjs.org/ip-regex 37ms (cache miss)
2957 silly packumentCache full:https://registry.npmjs.org/ip-regex set size:undefined disposed:false
2958 silly placeDep node_modules/firebase-tools deep-is@0.1.4 OK for: is2@2.0.1 want: ^0.1.3
2959 silly placeDep node_modules/firebase-tools ip-regex@2.1.0 OK for: is2@2.0.1 want: ^2.1.0
2960 silly placeDep node_modules/firebase-tools/node_modules/teeny-request node-fetch@3.3.2 OK for: teeny-request@10.1.4 want: ^3.3.2
2961 silly placeDep node_modules/firebase-tools stream-events@1.0.5 OK for: teeny-request@10.1.4 want: ^1.0.5
2962 silly fetch manifest stubs@^3.0.0
2963 silly packumentCache full:https://registry.npmjs.org/stubs cache-miss
2964 http fetch GET 200 https://registry.npmjs.org/stubs 25ms (cache miss)
2965 silly packumentCache full:https://registry.npmjs.org/stubs set size:undefined disposed:false
2966 silly placeDep node_modules/firebase-tools stubs@3.0.0 OK for: stream-events@1.0.5 want: ^3.0.0
2967 silly placeDep node_modules/firebase-tools thenify@3.3.1 OK for: thenify-all@1.6.0 want: >= 3.1.0 < 4
2968 silly placeDep node_modules/firebase-tools/node_modules/tinyglobby fdir@6.5.0 OK for: tinyglobby@0.2.17 want: ^6.5.0
2969 silly placeDep node_modules/firebase-tools/node_modules/tinyglobby picomatch@4.0.7 OK for: fdir@6.5.0 want: ^3 || ^4
2970 silly placeDep node_modules/firebase-tools is-number@7.0.0 OK for: to-regex-range@5.0.1 want: ^7.0.0
2971 silly placeDep node_modules/firebase-tools media-typer@0.3.0 OK for: type-is@1.6.18 want: 0.3.0
2972 silly placeDep node_modules/firebase-tools crypto-random-string@2.0.0 OK for: unique-string@2.0.0 want: ^2.0.0
2973 silly placeDep node_modules/firebase-tools/node_modules/universal-analytics debug@4.4.3 OK for: universal-analytics@0.5.4 want: ^4.3.1
2974 silly placeDep node_modules/firebase-tools/node_modules/universal-analytics uuid@14.0.2 OK for: universal-analytics@0.5.4 want: ^14.0.0
2975 silly placeDep node_modules/firebase-tools boxen@5.1.2 OK for: update-notifier-cjs@5.1.7 want: ^5.0.0
2976 silly placeDep node_modules/firebase-tools/node_modules/update-notifier-cjs chalk@4.1.2 OK for: update-notifier-cjs@5.1.7 want: ^4.1.0
2977 silly placeDep node_modules/firebase-tools has-yarn@2.1.0 OK for: update-notifier-cjs@5.1.7 want: ^2.1.0
2978 silly placeDep node_modules/firebase-tools import-lazy@2.1.0 OK for: update-notifier-cjs@5.1.7 want: ^2.1.0
2979 silly placeDep node_modules/firebase-tools is-ci@2.0.0 OK for: update-notifier-cjs@5.1.7 want: ^2.0.0
2980 silly placeDep node_modules/firebase-tools is-installed-globally@0.4.0 OK for: update-notifier-cjs@5.1.7 want: ^0.4.0
2981 silly placeDep node_modules/firebase-tools is-npm@5.0.0 OK for: update-notifier-cjs@5.1.7 want: ^5.0.0
2982 silly placeDep node_modules/firebase-tools is-yarn-global@0.3.0 OK for: update-notifier-cjs@5.1.7 want: ^0.3.0
2983 silly placeDep node_modules/firebase-tools isomorphic-fetch@3.0.0 OK for: update-notifier-cjs@5.1.7 want: ^3.0.0
2984 silly placeDep node_modules/firebase-tools pupa@2.1.1 OK for: update-notifier-cjs@5.1.7 want: ^2.1.1
2985 silly placeDep node_modules/firebase-tools registry-auth-token@5.1.1 OK for: update-notifier-cjs@5.1.7 want: ^5.0.1
2986 silly placeDep node_modules/firebase-tools registry-url@5.1.0 OK for: update-notifier-cjs@5.1.7 want: ^5.1.0
2987 silly placeDep node_modules/firebase-tools semver-diff@3.1.1 OK for: update-notifier-cjs@5.1.7 want: ^3.1.1
2988 silly fetch manifest camelcase@^6.2.0
2989 silly packumentCache full:https://registry.npmjs.org/camelcase cache-miss
2990 http fetch GET 200 https://registry.npmjs.org/camelcase 31ms (cache miss)
2991 silly packumentCache full:https://registry.npmjs.org/camelcase set size:undefined disposed:false
2992 silly fetch manifest cli-boxes@^2.2.1
2993 silly packumentCache full:https://registry.npmjs.org/cli-boxes cache-miss
2994 http fetch GET 200 https://registry.npmjs.org/cli-boxes 21ms (cache miss)
2995 silly packumentCache full:https://registry.npmjs.org/cli-boxes set size:undefined disposed:false
2996 silly fetch manifest type-fest@^0.20.2
2997 silly packumentCache full:https://registry.npmjs.org/type-fest cache-miss
2998 http fetch GET 200 https://registry.npmjs.org/type-fest 47ms (cache miss)
2999 silly packumentCache full:https://registry.npmjs.org/type-fest set size:undefined disposed:false
3000 silly fetch manifest wrap-ansi@^7.0.0
3001 silly packumentCache full:https://registry.npmjs.org/wrap-ansi cache-hit
3002 silly fetch manifest ansi-align@^3.0.0
3003 silly packumentCache full:https://registry.npmjs.org/ansi-align cache-miss
3004 http fetch GET 200 https://registry.npmjs.org/ansi-align 20ms (cache miss)
3005 silly packumentCache full:https://registry.npmjs.org/ansi-align set size:undefined disposed:false
3006 silly fetch manifest widest-line@^3.1.0
3007 silly packumentCache full:https://registry.npmjs.org/widest-line cache-miss
3008 http fetch GET 200 https://registry.npmjs.org/widest-line 22ms (cache miss)
3009 silly packumentCache full:https://registry.npmjs.org/widest-line set size:undefined disposed:false
3010 silly fetch manifest ci-info@^2.0.0
3011 silly packumentCache full:https://registry.npmjs.org/ci-info cache-miss
3012 http fetch GET 200 https://registry.npmjs.org/ci-info 67ms (cache miss)
3013 silly packumentCache full:https://registry.npmjs.org/ci-info set size:undefined disposed:false
3014 silly fetch manifest global-dirs@^3.0.0
3015 silly packumentCache full:https://registry.npmjs.org/global-dirs cache-miss
3016 http fetch GET 200 https://registry.npmjs.org/global-dirs 34ms (cache miss)
3017 silly packumentCache full:https://registry.npmjs.org/global-dirs set size:undefined disposed:false
3018 silly fetch manifest is-path-inside@^3.0.2
3019 silly packumentCache full:https://registry.npmjs.org/is-path-inside cache-miss
3020 http fetch GET 200 https://registry.npmjs.org/is-path-inside 20ms (cache miss)
3021 silly packumentCache full:https://registry.npmjs.org/is-path-inside set size:undefined disposed:false
3022 silly fetch manifest whatwg-fetch@^3.4.1
3023 silly packumentCache full:https://registry.npmjs.org/whatwg-fetch cache-miss
3024 http fetch GET 200 https://registry.npmjs.org/whatwg-fetch 33ms (cache miss)
3025 silly packumentCache full:https://registry.npmjs.org/whatwg-fetch set size:undefined disposed:false
3026 silly fetch manifest escape-goat@^2.0.0
3027 silly packumentCache full:https://registry.npmjs.org/escape-goat cache-miss
3028 http fetch GET 200 https://registry.npmjs.org/escape-goat 24ms (cache miss)
3029 silly packumentCache full:https://registry.npmjs.org/escape-goat set size:undefined disposed:false
3030 silly fetch manifest @pnpm/npm-conf@^3.0.2
3031 silly packumentCache full:https://registry.npmjs.org/@pnpm%2fnpm-conf cache-miss
3032 http fetch GET 200 https://registry.npmjs.org/@pnpm%2fnpm-conf 43ms (cache miss)
3033 silly packumentCache full:https://registry.npmjs.org/@pnpm%2fnpm-conf set size:undefined disposed:false
3034 silly fetch manifest rc@^1.2.8
3035 silly packumentCache full:https://registry.npmjs.org/rc cache-miss
3036 http fetch GET 200 https://registry.npmjs.org/rc 20ms (cache miss)
3037 silly packumentCache full:https://registry.npmjs.org/rc set size:undefined disposed:false
3038 silly fetch manifest semver@^6.3.0
3039 silly packumentCache full:https://registry.npmjs.org/semver cache-hit
3040 silly placeDep node_modules/firebase-tools ansi-align@3.0.1 OK for: boxen@5.1.2 want: ^3.0.0
3041 silly placeDep node_modules/firebase-tools camelcase@6.3.0 OK for: boxen@5.1.2 want: ^6.2.0
3042 silly placeDep node_modules/firebase-tools/node_modules/boxen chalk@4.1.2 OK for: boxen@5.1.2 want: ^4.1.0
3043 silly placeDep node_modules/firebase-tools cli-boxes@2.2.1 OK for: boxen@5.1.2 want: ^2.2.1
3044 silly placeDep node_modules/firebase-tools type-fest@0.20.2 OK for: boxen@5.1.2 want: ^0.20.2
3045 silly placeDep node_modules/firebase-tools widest-line@3.1.0 OK for: boxen@5.1.2 want: ^3.1.0
3046 silly placeDep node_modules/firebase-tools/node_modules/boxen wrap-ansi@7.0.0 OK for: boxen@5.1.2 want: ^7.0.0
3047 silly placeDep node_modules/firebase-tools ci-info@2.0.0 OK for: is-ci@2.0.0 want: ^2.0.0
3048 silly placeDep node_modules/firebase-tools global-dirs@3.0.1 OK for: is-installed-globally@0.4.0 want: ^3.0.0
3049 silly placeDep node_modules/firebase-tools is-path-inside@3.0.3 OK for: is-installed-globally@0.4.0 want: ^3.0.2
3050 silly fetch manifest ini@2.0.0
3051 silly packumentCache full:https://registry.npmjs.org/ini cache-miss
3052 http fetch GET 200 https://registry.npmjs.org/ini 27ms (cache miss)
3053 silly packumentCache full:https://registry.npmjs.org/ini set size:undefined disposed:false
3054 silly placeDep node_modules/firebase-tools ini@2.0.0 OK for: global-dirs@3.0.1 want: 2.0.0
3055 silly placeDep node_modules/firebase-tools whatwg-fetch@3.6.20 OK for: isomorphic-fetch@3.0.0 want: ^3.4.1
3056 silly placeDep node_modules/firebase-tools escape-goat@2.1.1 OK for: pupa@2.1.1 want: ^2.0.0
3057 silly placeDep node_modules/firebase-tools @pnpm/npm-conf@3.0.3 OK for: registry-auth-token@5.1.1 want: ^3.0.2
3058 silly fetch manifest @pnpm/config.env-replace@^1.1.0
3059 silly packumentCache full:https://registry.npmjs.org/@pnpm%2fconfig.env-replace cache-miss
3060 http fetch GET 200 https://registry.npmjs.org/@pnpm%2fconfig.env-replace 32ms (cache miss)
3061 silly packumentCache full:https://registry.npmjs.org/@pnpm%2fconfig.env-replace set size:undefined disposed:false
3062 silly fetch manifest @pnpm/network.ca-file@^1.0.1
3063 silly packumentCache full:https://registry.npmjs.org/@pnpm%2fnetwork.ca-file cache-miss
3064 http fetch GET 200 https://registry.npmjs.org/@pnpm%2fnetwork.ca-file 51ms (cache miss)
3065 silly packumentCache full:https://registry.npmjs.org/@pnpm%2fnetwork.ca-file set size:undefined disposed:false
3066 silly fetch manifest config-chain@^1.1.11
3067 silly packumentCache full:https://registry.npmjs.org/config-chain cache-miss
3068 http fetch GET 200 https://registry.npmjs.org/config-chain 21ms (cache miss)
3069 silly packumentCache full:https://registry.npmjs.org/config-chain set size:undefined disposed:false
3070 silly placeDep node_modules/firebase-tools @pnpm/config.env-replace@1.1.0 OK for: @pnpm/npm-conf@3.0.3 want: ^1.1.0
3071 silly placeDep node_modules/firebase-tools @pnpm/network.ca-file@1.0.2 OK for: @pnpm/npm-conf@3.0.3 want: ^1.0.1
3072 silly placeDep node_modules/firebase-tools config-chain@1.1.13 OK for: @pnpm/npm-conf@3.0.3 want: ^1.1.11
3073 silly fetch manifest graceful-fs@4.2.10
3074 silly packumentCache full:https://registry.npmjs.org/graceful-fs cache-hit
3075 silly fetch manifest proto-list@~1.2.1
3076 silly packumentCache full:https://registry.npmjs.org/proto-list cache-miss
3077 http fetch GET 200 https://registry.npmjs.org/proto-list 29ms (cache miss)
3078 silly packumentCache full:https://registry.npmjs.org/proto-list set size:undefined disposed:false
3079 silly fetch manifest ini@^1.3.4
3080 silly packumentCache full:https://registry.npmjs.org/ini cache-miss
3081 http cache https://registry.npmjs.org/ini 3ms (cache hit)
3082 silly packumentCache full:https://registry.npmjs.org/ini set size:59124 disposed:false
3083 silly placeDep node_modules/firebase-tools/node_modules/@pnpm/network.ca-file graceful-fs@4.2.10 OK for: @pnpm/network.ca-file@1.0.2 want: 4.2.10
3084 silly placeDep node_modules/firebase-tools/node_modules/config-chain ini@1.3.8 OK for: config-chain@1.1.13 want: ^1.3.4
3085 silly placeDep node_modules/firebase-tools proto-list@1.2.4 OK for: config-chain@1.1.13 want: ~1.2.1
3086 silly placeDep node_modules/firebase-tools rc@1.2.8 OK for: registry-url@5.1.0 want: ^1.2.8
3087 silly fetch manifest ini@~1.3.0
3088 silly packumentCache full:https://registry.npmjs.org/ini cache-hit
3089 silly fetch manifest minimist@^1.2.0
3090 silly packumentCache full:https://registry.npmjs.org/minimist cache-miss
3091 http fetch GET 200 https://registry.npmjs.org/minimist 23ms (cache miss)
3092 silly packumentCache full:https://registry.npmjs.org/minimist set size:undefined disposed:false
3093 silly fetch manifest deep-extend@^0.6.0
3094 silly packumentCache full:https://registry.npmjs.org/deep-extend cache-miss
3095 http fetch GET 200 https://registry.npmjs.org/deep-extend 27ms (cache miss)
3096 silly packumentCache full:https://registry.npmjs.org/deep-extend set size:undefined disposed:false
3097 silly fetch manifest strip-json-comments@~2.0.1
3098 silly packumentCache full:https://registry.npmjs.org/strip-json-comments cache-miss
3099 http fetch GET 200 https://registry.npmjs.org/strip-json-comments 26ms (cache miss)
3100 silly packumentCache full:https://registry.npmjs.org/strip-json-comments set size:undefined disposed:false
3101 silly placeDep node_modules/firebase-tools deep-extend@0.6.0 OK for: rc@1.2.8 want: ^0.6.0
3102 silly placeDep node_modules/firebase-tools/node_modules/rc ini@1.3.8 OK for: rc@1.2.8 want: ~1.3.0
3103 silly placeDep node_modules/firebase-tools minimist@1.2.8 OK for: rc@1.2.8 want: ^1.2.0
3104 silly placeDep node_modules/firebase-tools strip-json-comments@2.0.1 OK for: rc@1.2.8 want: ~2.0.1
3105 silly placeDep node_modules/firebase-tools/node_modules/semver-diff semver@6.3.1 OK for: semver-diff@3.1.1 want: ^6.3.0
3106 silly placeDep node_modules/firebase-tools defaults@1.0.4 OK for: wcwidth@1.0.1 want: ^1.0.3
3107 silly fetch manifest clone@^1.0.2
3108 silly packumentCache full:https://registry.npmjs.org/clone cache-miss
3109 http fetch GET 200 https://registry.npmjs.org/clone 28ms (cache miss)
3110 silly packumentCache full:https://registry.npmjs.org/clone set size:undefined disposed:false
3111 silly placeDep node_modules/firebase-tools clone@1.0.4 OK for: defaults@1.0.4 want: ^1.0.2
3112 silly placeDep node_modules/firebase-tools tr46@0.0.3 OK for: whatwg-url@5.0.0 want: ~0.0.3
3113 silly placeDep node_modules/firebase-tools webidl-conversions@3.0.1 OK for: whatwg-url@5.0.0 want: ^3.0.0
3114 silly placeDep node_modules/firebase-tools isexe@2.0.0 OK for: which@2.0.2 want: ^2.0.0
3115 silly placeDep node_modules/firebase-tools/node_modules/winston @colors/colors@1.6.0 OK for: winston@3.19.0 want: ^1.6.0
3116 silly placeDep node_modules/firebase-tools @dabh/diagnostics@2.0.8 OK for: winston@3.19.0 want: ^2.0.8
3117 silly placeDep node_modules/firebase-tools logform@2.7.0 OK for: winston@3.19.0 want: ^2.7.0
3118 silly placeDep node_modules/firebase-tools one-time@1.0.0 OK for: winston@3.19.0 want: ^1.0.0
3119 silly placeDep node_modules/firebase-tools/node_modules/winston readable-stream@3.6.2 OK for: winston@3.19.0 want: ^3.4.0
3120 silly placeDep node_modules/firebase-tools safe-stable-stringify@2.5.0 OK for: winston@3.19.0 want: ^2.3.1
3121 silly placeDep node_modules/firebase-tools stack-trace@0.0.10 OK for: winston@3.19.0 want: 0.0.x
3122 silly fetch manifest @so-ric/colorspace@^1.1.6
3123 silly packumentCache full:https://registry.npmjs.org/@so-ric%2fcolorspace cache-miss
3124 http fetch GET 200 https://registry.npmjs.org/@so-ric%2fcolorspace 35ms (cache miss)
3125 silly packumentCache full:https://registry.npmjs.org/@so-ric%2fcolorspace set size:undefined disposed:false
3126 silly fetch manifest enabled@2.0.x
3127 silly packumentCache full:https://registry.npmjs.org/enabled cache-miss
3128 http fetch GET 200 https://registry.npmjs.org/enabled 28ms (cache miss)
3129 silly packumentCache full:https://registry.npmjs.org/enabled set size:undefined disposed:false
3130 silly fetch manifest kuler@^2.0.0
3131 silly packumentCache full:https://registry.npmjs.org/kuler cache-miss
3132 http fetch GET 200 https://registry.npmjs.org/kuler 223ms (cache miss)
3133 silly packumentCache full:https://registry.npmjs.org/kuler set size:undefined disposed:false
3134 silly fetch manifest @colors/colors@1.6.0
3135 silly packumentCache full:https://registry.npmjs.org/@colors%2fcolors cache-hit
3136 silly fetch manifest @types/triple-beam@^1.3.2
3137 silly packumentCache full:https://registry.npmjs.org/@types%2ftriple-beam cache-miss
3138 http fetch GET 200 https://registry.npmjs.org/@types%2ftriple-beam 229ms (cache miss)
3139 silly packumentCache full:https://registry.npmjs.org/@types%2ftriple-beam set size:undefined disposed:false
3140 silly fetch manifest fecha@^4.2.0
3141 silly packumentCache full:https://registry.npmjs.org/fecha cache-miss
3142 http fetch GET 200 https://registry.npmjs.org/fecha 24ms (cache miss)
3143 silly packumentCache full:https://registry.npmjs.org/fecha set size:undefined disposed:false
3144 silly fetch manifest fn.name@1.x.x
3145 silly packumentCache full:https://registry.npmjs.org/fn.name cache-miss
3146 http fetch GET 200 https://registry.npmjs.org/fn.name 222ms (cache miss)
3147 silly packumentCache full:https://registry.npmjs.org/fn.name set size:undefined disposed:false
3148 silly placeDep node_modules/firebase-tools @so-ric/colorspace@1.1.6 OK for: @dabh/diagnostics@2.0.8 want: ^1.1.6
3149 silly placeDep node_modules/firebase-tools enabled@2.0.0 OK for: @dabh/diagnostics@2.0.8 want: 2.0.x
3150 silly placeDep node_modules/firebase-tools kuler@2.0.0 OK for: @dabh/diagnostics@2.0.8 want: ^2.0.0
3151 silly fetch manifest color@^5.0.2
3152 silly packumentCache full:https://registry.npmjs.org/color cache-miss
3153 http fetch GET 200 https://registry.npmjs.org/color 23ms (cache miss)
3154 silly packumentCache full:https://registry.npmjs.org/color set size:undefined disposed:false
3155 silly fetch manifest text-hex@1.0.x
3156 silly packumentCache full:https://registry.npmjs.org/text-hex cache-miss
3157 http fetch GET 200 https://registry.npmjs.org/text-hex 27ms (cache miss)
3158 silly packumentCache full:https://registry.npmjs.org/text-hex set size:undefined disposed:false
3159 silly placeDep node_modules/firebase-tools color@5.0.3 OK for: @so-ric/colorspace@1.1.6 want: ^5.0.2
3160 silly placeDep node_modules/firebase-tools text-hex@1.0.0 OK for: @so-ric/colorspace@1.1.6 want: 1.0.x
3161 silly fetch manifest color-convert@^3.1.3
3162 silly packumentCache full:https://registry.npmjs.org/color-convert cache-miss
3163 http fetch GET 200 https://registry.npmjs.org/color-convert 24ms (cache miss)
3164 silly packumentCache full:https://registry.npmjs.org/color-convert set size:undefined disposed:false
3165 silly fetch manifest color-string@^2.1.3
3166 silly packumentCache full:https://registry.npmjs.org/color-string cache-miss
3167 http fetch GET 200 https://registry.npmjs.org/color-string 35ms (cache miss)
3168 silly packumentCache full:https://registry.npmjs.org/color-string set size:undefined disposed:false
3169 silly placeDep node_modules/firebase-tools color-convert@3.1.3 OK for: color@5.0.3 want: ^3.1.3
3170 silly placeDep node_modules/firebase-tools color-string@2.1.4 OK for: color@5.0.3 want: ^2.1.3
3171 silly fetch manifest color-name@^2.0.0
3172 silly packumentCache full:https://registry.npmjs.org/color-name cache-miss
3173 http fetch GET 200 https://registry.npmjs.org/color-name 22ms (cache miss)
3174 silly packumentCache full:https://registry.npmjs.org/color-name set size:undefined disposed:false
3175 silly placeDep node_modules/firebase-tools color-name@2.1.1 OK for: color-convert@3.1.3 want: ^2.0.0
3176 silly placeDep node_modules/firebase-tools/node_modules/logform @colors/colors@1.6.0 OK for: logform@2.7.0 want: 1.6.0
3177 silly placeDep node_modules/firebase-tools @types/triple-beam@1.3.5 OK for: logform@2.7.0 want: ^1.3.2
3178 silly placeDep node_modules/firebase-tools fecha@4.2.3 OK for: logform@2.7.0 want: ^4.2.0
3179 silly placeDep node_modules/firebase-tools/node_modules/logform ms@2.1.3 OK for: logform@2.7.0 want: ^2.1.1
3180 silly placeDep node_modules/firebase-tools fn.name@1.1.0 OK for: one-time@1.0.0 want: 1.x.x
3181 silly placeDep node_modules/firebase-tools/node_modules/winston-transport readable-stream@3.6.2 OK for: winston-transport@4.9.0 want: ^3.6.2
3182 silly placeDep node_modules/firebase-tools ansi-styles@4.3.0 OK for: wrap-ansi@6.2.0 want: ^4.0.0
3183 silly placeDep node_modules/firebase-tools/node_modules/wrap-ansi strip-ansi@6.0.1 OK for: wrap-ansi@6.2.0 want: ^6.0.0
3184 silly fetch manifest color-convert@^2.0.1
3185 silly packumentCache full:https://registry.npmjs.org/color-convert cache-miss
3186 http cache https://registry.npmjs.org/color-convert 3ms (cache hit)
3187 silly packumentCache full:https://registry.npmjs.org/color-convert set size:72663 disposed:false
3188 silly placeDep node_modules/firebase-tools/node_modules/ansi-styles color-convert@2.0.1 OK for: ansi-styles@4.3.0 want: ^2.0.1
3189 silly fetch manifest color-name@~1.1.4
3190 silly packumentCache full:https://registry.npmjs.org/color-name cache-miss
3191 http cache https://registry.npmjs.org/color-name 2ms (cache hit)
3192 silly packumentCache full:https://registry.npmjs.org/color-name set size:20968 disposed:false
3193 silly placeDep node_modules/firebase-tools/node_modules/wrap-ansi-cjs strip-ansi@6.0.1 OK for: wrap-ansi@7.0.0 want: ^6.0.0
3194 silly placeDep node_modules/firebase-tools imurmurhash@0.1.4 OK for: write-file-atomic@3.0.3 want: ^0.1.4
3195 silly placeDep node_modules/firebase-tools is-typedarray@1.0.0 OK for: write-file-atomic@3.0.3 want: ^1.0.0
3196 silly placeDep node_modules/firebase-tools/node_modules/write-file-atomic signal-exit@3.0.7 OK for: write-file-atomic@3.0.3 want: ^3.0.2
3197 silly placeDep node_modules/firebase-tools typedarray-to-buffer@3.1.5 OK for: write-file-atomic@3.0.3 want: ^3.1.5
3198 silly placeDep node_modules/firebase-tools cliui@8.0.1 OK for: yargs@17.7.3 want: ^8.0.1
3199 silly placeDep node_modules/firebase-tools escalade@3.2.0 OK for: yargs@17.7.3 want: ^3.1.1
3200 silly placeDep node_modules/firebase-tools get-caller-file@2.0.5 OK for: yargs@17.7.3 want: ^2.0.5
3201 silly placeDep node_modules/firebase-tools require-directory@2.1.1 OK for: yargs@17.7.3 want: ^2.1.1
3202 silly placeDep node_modules/firebase-tools y18n@5.0.8 OK for: yargs@17.7.3 want: ^5.0.5
3203 silly placeDep node_modules/firebase-tools yargs-parser@21.1.1 OK for: yargs@17.7.3 want: ^21.1.1
3204 silly placeDep node_modules/firebase-tools/node_modules/cliui strip-ansi@6.0.1 OK for: cliui@8.0.1 want: ^6.0.1
3205 silly placeDep node_modules/firebase-tools/node_modules/cliui wrap-ansi@7.0.0 OK for: cliui@8.0.1 want: ^7.0.0
3206 silly placeDep node_modules/firebase-tools compress-commons@6.0.2 OK for: zip-stream@6.0.1 want: ^6.0.2
3207 silly fetch manifest crc-32@^1.2.0
3208 silly packumentCache full:https://registry.npmjs.org/crc-32 cache-miss
3209 http fetch GET 200 https://registry.npmjs.org/crc-32 33ms (cache miss)
3210 silly packumentCache full:https://registry.npmjs.org/crc-32 set size:undefined disposed:false
3211 silly fetch manifest crc32-stream@^6.0.0
3212 silly packumentCache full:https://registry.npmjs.org/crc32-stream cache-miss
3213 http fetch GET 200 https://registry.npmjs.org/crc32-stream 22ms (cache miss)
3214 silly packumentCache full:https://registry.npmjs.org/crc32-stream set size:undefined disposed:false
3215 silly placeDep node_modules/firebase-tools crc-32@1.2.2 OK for: compress-commons@6.0.2 want: ^1.2.0
3216 silly placeDep node_modules/firebase-tools crc32-stream@6.0.0 OK for: compress-commons@6.0.2 want: ^6.0.0
3217 silly placeDep node_modules/firebase-tools/node_modules/@google-cloud/cloud-sql-connector node-fetch@3.3.2 OK for: gaxios@8.0.0 want: ^3.3.2
3218 silly placeDep node_modules/firebase-tools/node_modules/@google-cloud/cloud-sql-connector/node_modules/google-auth-library gaxios@7.3.1 OK for: google-auth-library@11.0.2 want: ^7.1.4
3219 silly placeDep node_modules/firebase-tools/node_modules/@google-cloud/cloud-sql-connector gcp-metadata@9.0.3 OK for: google-auth-library@11.0.2 want: ^9.0.0
3220 silly placeDep node_modules/firebase-tools/node_modules/@google-cloud/cloud-sql-connector google-logging-utils@2.0.1 OK for: google-auth-library@11.0.2 want: ^2.0.0
3221 silly fetch manifest gaxios@^7.1.3
3222 silly packumentCache full:https://registry.npmjs.org/gaxios cache-hit
3223 silly placeDep node_modules/firebase-tools/node_modules/@google-cloud/cloud-sql-connector/node_modules/gcp-metadata gaxios@7.3.1 OK for: gcp-metadata@9.0.3 want: ^7.1.3
3224 silly placeDep node_modules/firebase-tools/node_modules/@google-cloud/cloud-sql-connector data-uri-to-buffer@4.0.1 OK for: node-fetch@3.3.2 want: ^4.0.0
3225 silly placeDep node_modules/firebase-tools fetch-blob@3.2.0 OK for: node-fetch@3.3.2 want: ^3.1.4
3226 silly placeDep node_modules/firebase-tools formdata-polyfill@4.0.10 OK for: node-fetch@3.3.2 want: ^4.0.10
3227 silly fetch manifest node-domexception@^1.0.0
3228 silly packumentCache full:https://registry.npmjs.org/node-domexception cache-miss
3229 http fetch GET 200 https://registry.npmjs.org/node-domexception 28ms (cache miss)
3230 silly packumentCache full:https://registry.npmjs.org/node-domexception set size:undefined disposed:false
3231 silly fetch manifest web-streams-polyfill@^3.0.3
3232 silly packumentCache full:https://registry.npmjs.org/web-streams-polyfill cache-miss
3233 http fetch GET 200 https://registry.npmjs.org/web-streams-polyfill 24ms (cache miss)
3234 silly packumentCache full:https://registry.npmjs.org/web-streams-polyfill set size:undefined disposed:false
3235 silly placeDep node_modules/firebase-tools node-domexception@1.0.0 OK for: fetch-blob@3.2.0 want: ^1.0.0
3236 silly placeDep node_modules/firebase-tools web-streams-polyfill@3.3.3 OK for: fetch-blob@3.2.0 want: ^3.0.3
3237 silly placeDep node_modules/firebase-tools/node_modules/@google-cloud/pubsub gaxios@7.3.1 OK for: google-auth-library@10.9.1 want: ^7.1.4
3238 silly placeDep node_modules/firebase-tools/node_modules/@google-cloud/pubsub gcp-metadata@8.1.2 OK for: google-auth-library@10.9.1 want: 8.1.2
3239 silly placeDep node_modules/firebase-tools/node_modules/@google-cloud/pubsub google-logging-utils@1.1.3 OK for: google-auth-library@10.9.1 want: 1.1.3
3240 silly placeDep node_modules/firebase-tools/node_modules/@google-cloud/pubsub node-fetch@3.3.2 OK for: gaxios@7.3.1 want: ^3.3.2
3241 silly placeDep node_modules/firebase-tools/node_modules/@google-cloud/pubsub data-uri-to-buffer@4.0.1 OK for: node-fetch@3.3.2 want: ^4.0.0
3242 silly placeDep node_modules/firebase-tools eastasianwidth@0.2.0 OK for: string-width@5.1.2 want: ^0.2.0
3243 silly placeDep node_modules/firebase-tools/node_modules/@isaacs/cliui emoji-regex@9.2.2 OK for: string-width@5.1.2 want: ^9.2.2
3244 silly placeDep node_modules/firebase-tools/node_modules/@isaacs/cliui ansi-styles@6.2.3 OK for: wrap-ansi@8.1.0 want: ^6.1.0
3245 silly placeDep node_modules/firebase-tools/node_modules/@modelcontextprotocol/sdk accepts@2.0.0 OK for: express@5.2.1 want: ^2.0.0
3246 silly placeDep node_modules/firebase-tools/node_modules/@modelcontextprotocol/sdk body-parser@2.3.0 OK for: express@5.2.1 want: ^2.2.1
3247 silly placeDep node_modules/firebase-tools/node_modules/@modelcontextprotocol/sdk content-disposition@1.1.0 OK for: express@5.2.1 want: ^1.0.0
3248 silly placeDep node_modules/firebase-tools/node_modules/@modelcontextprotocol/sdk cookie-signature@1.2.2 OK for: express@5.2.1 want: ^1.2.1
3249 silly placeDep node_modules/firebase-tools/node_modules/@modelcontextprotocol/sdk debug@4.4.3 OK for: express@5.2.1 want: ^4.4.0
3250 silly placeDep node_modules/firebase-tools/node_modules/@modelcontextprotocol/sdk finalhandler@2.1.1 OK for: express@5.2.1 want: ^2.1.0
3251 silly placeDep node_modules/firebase-tools/node_modules/@modelcontextprotocol/sdk fresh@2.0.0 OK for: express@5.2.1 want: ^2.0.0
3252 silly placeDep node_modules/firebase-tools/node_modules/@modelcontextprotocol/sdk merge-descriptors@2.0.0 OK for: express@5.2.1 want: ^2.0.0
3253 silly placeDep node_modules/firebase-tools/node_modules/@modelcontextprotocol/sdk mime-types@3.0.2 OK for: express@5.2.1 want: ^3.0.0
3254 silly placeDep node_modules/firebase-tools/node_modules/@modelcontextprotocol/sdk send@1.2.1 OK for: express@5.2.1 want: ^1.1.0
3255 silly placeDep node_modules/firebase-tools/node_modules/@modelcontextprotocol/sdk serve-static@2.2.1 OK for: express@5.2.1 want: ^2.2.0
3256 silly placeDep node_modules/firebase-tools/node_modules/@modelcontextprotocol/sdk type-is@2.1.0 OK for: express@5.2.1 want: ^2.0.1
3257 silly fetch manifest negotiator@^1.0.0
3258 silly packumentCache full:https://registry.npmjs.org/negotiator cache-hit
3259 silly fetch manifest type-is@^2.1.0
3260 silly packumentCache full:https://registry.npmjs.org/type-is cache-hit
3261 silly fetch manifest content-type@^2.0.0
3262 silly packumentCache full:https://registry.npmjs.org/content-type cache-hit
3263 silly fetch manifest mime-db@^1.54.0
3264 silly packumentCache full:https://registry.npmjs.org/mime-db cache-miss
3265 http cache https://registry.npmjs.org/mime-db 4ms (cache hit)
3266 silly packumentCache full:https://registry.npmjs.org/mime-db set size:164953 disposed:false
3267 silly fetch manifest media-typer@^1.1.0
3268 silly packumentCache full:https://registry.npmjs.org/media-typer cache-miss
3269 http cache https://registry.npmjs.org/media-typer 3ms (cache hit)
3270 silly packumentCache full:https://registry.npmjs.org/media-typer set size:22074 disposed:false
3271 silly placeDep node_modules/firebase-tools/node_modules/@modelcontextprotocol/sdk negotiator@1.1.0 OK for: accepts@2.0.0 want: ^1.0.0
3272 silly fetch manifest content-type@^2.1.0
3273 silly packumentCache full:https://registry.npmjs.org/content-type cache-hit
3274 silly placeDep node_modules/firebase-tools/node_modules/@modelcontextprotocol/sdk/node_modules/body-parser content-type@2.1.0 OK for: body-parser@2.3.0 want: ^2.0.0
3275 silly placeDep node_modules/firebase-tools/node_modules/@modelcontextprotocol/sdk ms@2.1.3 OK for: debug@4.4.3 want: ^2.1.3
3276 silly placeDep node_modules/firebase-tools/node_modules/@modelcontextprotocol/sdk mime-db@1.54.0 OK for: mime-types@3.0.2 want: ^1.54.0
3277 silly placeDep node_modules/firebase-tools/node_modules/@modelcontextprotocol/sdk/node_modules/negotiator content-type@2.1.0 OK for: negotiator@1.1.0 want: ^2.1.0
3278 silly placeDep node_modules/firebase-tools/node_modules/@modelcontextprotocol/sdk/node_modules/type-is content-type@2.1.0 OK for: type-is@2.1.0 want: ^2.0.0
3279 silly placeDep node_modules/firebase-tools/node_modules/@modelcontextprotocol/sdk media-typer@1.1.1 OK for: type-is@2.1.0 want: ^1.1.0
3280 silly placeDep node_modules/firebase-tools/node_modules/ansi-styles color-name@1.1.4 OK for: color-convert@2.0.1 want: ~1.1.4
3281 silly placeDep node_modules/firebase-tools util-deprecate@1.0.2 OK for: readable-stream@3.6.2 want: ^1.0.1
3282 silly placeDep node_modules/firebase-tools/node_modules/boxen strip-ansi@6.0.1 OK for: wrap-ansi@7.0.0 want: ^6.0.0
3283 silly placeDep node_modules/firebase-tools/node_modules/boxen ansi-regex@5.0.1 OK for: strip-ansi@6.0.1 want: ^5.0.1
3284 silly placeDep node_modules/firebase-tools/node_modules/cli-highlight cliui@7.0.4 OK for: yargs@16.2.2 want: ^7.0.2
3285 silly placeDep node_modules/firebase-tools/node_modules/cli-highlight yargs-parser@20.2.9 OK for: yargs@16.2.2 want: ^20.2.2
3286 silly placeDep node_modules/firebase-tools/node_modules/cli-highlight strip-ansi@6.0.1 OK for: cliui@7.0.4 want: ^6.0.0
3287 silly placeDep node_modules/firebase-tools/node_modules/cli-highlight wrap-ansi@7.0.0 OK for: cliui@7.0.4 want: ^7.0.0
3288 silly placeDep node_modules/firebase-tools/node_modules/cli-highlight ansi-regex@5.0.1 OK for: strip-ansi@6.0.1 want: ^5.0.1
3289 silly placeDep node_modules/firebase-tools/node_modules/cliui ansi-regex@5.0.1 OK for: strip-ansi@6.0.1 want: ^5.0.1
3290 silly placeDep node_modules/firebase-tools/node_modules/connect encodeurl@1.0.2 OK for: finalhandler@1.1.2 want: ~1.0.2
3291 silly placeDep node_modules/firebase-tools/node_modules/connect on-finished@2.3.0 OK for: finalhandler@1.1.2 want: ~2.3.0
3292 silly placeDep node_modules/firebase-tools/node_modules/connect statuses@1.5.0 OK for: finalhandler@1.1.2 want: ~1.5.0
3293 silly placeDep node_modules/firebase-tools/node_modules/exegesis iconv-lite@0.4.24 OK for: raw-body@2.5.3 want: ~0.4.24
3294 silly placeDep node_modules/firebase-tools/node_modules/express-rate-limit ms@2.1.3 OK for: debug@4.4.3 want: ^2.1.3
3295 silly placeDep node_modules/firebase-tools/node_modules/get-uri ms@2.1.3 OK for: debug@4.4.3 want: ^2.1.3
3296 silly placeDep node_modules/firebase-tools/node_modules/glob brace-expansion@2.1.4 OK for: minimatch@9.0.9 want: ^2.0.2
3297 silly placeDep node_modules/firebase-tools/node_modules/google-gax gaxios@7.3.1 OK for: google-auth-library@10.5.0 want: ^7.0.0
3298 silly placeDep node_modules/firebase-tools/node_modules/google-gax gcp-metadata@8.1.4 OK for: google-auth-library@10.5.0 want: ^8.0.0
3299 silly placeDep node_modules/firebase-tools/node_modules/google-gax gtoken@8.0.0 OK for: google-auth-library@10.5.0 want: ^8.0.0
3300 silly placeDep node_modules/firebase-tools/node_modules/google-gax/node_modules/gcp-metadata gaxios@7.1.3 OK for: gcp-metadata@8.1.4 want: 7.1.3
3301 silly placeDep node_modules/firebase-tools/node_modules/google-gax data-uri-to-buffer@4.0.1 OK for: node-fetch@3.3.2 want: ^4.0.0
3302 silly placeDep node_modules/firebase-tools/node_modules/googleapis-common node-fetch@3.3.2 OK for: gaxios@7.1.3 want: ^3.3.2
3303 silly placeDep node_modules/firebase-tools/node_modules/googleapis-common gcp-metadata@8.1.4 OK for: google-auth-library@10.5.0 want: ^8.0.0
3304 silly placeDep node_modules/firebase-tools/node_modules/googleapis-common gtoken@8.0.0 OK for: google-auth-library@10.5.0 want: ^8.0.0
3305 silly placeDep node_modules/firebase-tools/node_modules/googleapis-common data-uri-to-buffer@4.0.1 OK for: node-fetch@3.3.2 want: ^4.0.0
3306 silly placeDep node_modules/firebase-tools/node_modules/http-proxy-agent ms@2.1.3 OK for: debug@4.4.3 want: ^2.1.3
3307 silly placeDep node_modules/firebase-tools/node_modules/https-proxy-agent ms@2.1.3 OK for: debug@4.4.3 want: ^2.1.3
3308 silly placeDep node_modules/firebase-tools core-util-is@1.0.3 OK for: readable-stream@2.3.8 want: ~1.0.0
3309 silly placeDep node_modules/firebase-tools isarray@1.0.0 OK for: readable-stream@2.3.8 want: ~1.0.0
3310 silly placeDep node_modules/firebase-tools process-nextick-args@2.0.1 OK for: readable-stream@2.3.8 want: ~2.0.0
3311 silly placeDep node_modules/firebase-tools/node_modules/lazystream safe-buffer@5.1.2 OK for: readable-stream@2.3.8 want: ~5.1.1
3312 silly placeDep node_modules/firebase-tools/node_modules/lazystream string_decoder@1.1.1 OK for: readable-stream@2.3.8 want: ~1.1.1
3313 silly placeDep node_modules/firebase-tools/node_modules/node-gyp isexe@4.0.0 OK for: which@7.0.0 want: ^4.0.0
3314 silly placeDep node_modules/firebase-tools/node_modules/ora ansi-regex@5.0.1 OK for: strip-ansi@6.0.1 want: ^5.0.1
3315 silly placeDep node_modules/firebase-tools/node_modules/pac-proxy-agent ms@2.1.3 OK for: debug@4.4.3 want: ^2.1.3
3316 silly placeDep node_modules/firebase-tools/node_modules/portfinder ms@2.1.3 OK for: debug@4.4.3 want: ^2.1.3
3317 silly placeDep node_modules/firebase-tools/node_modules/proxy-agent ms@2.1.3 OK for: debug@4.4.3 want: ^2.1.3
3318 silly placeDep node_modules/firebase-tools/node_modules/readdir-glob brace-expansion@2.1.4 OK for: minimatch@5.1.9 want: ^2.0.1
3319 silly placeDep node_modules/firebase-tools/node_modules/router ms@2.1.3 OK for: debug@4.4.3 want: ^2.1.3
3320 silly placeDep node_modules/firebase-tools/node_modules/socks-proxy-agent ms@2.1.3 OK for: debug@4.4.3 want: ^2.1.3
3321 silly placeDep node_modules/firebase-tools/node_modules/string-width-cjs ansi-regex@5.0.1 OK for: strip-ansi@6.0.1 want: ^5.0.1
3322 silly placeDep node_modules/firebase-tools/node_modules/string-width ansi-regex@5.0.1 OK for: strip-ansi@6.0.1 want: ^5.0.1
3323 silly placeDep node_modules/firebase-tools/node_modules/superstatic brace-expansion@2.1.4 OK for: minimatch@6.2.3 want: ^2.0.1
3324 silly placeDep node_modules/firebase-tools/node_modules/superstatic isarray@0.0.1 OK for: path-to-regexp@1.9.0 want: 0.0.1
3325 silly placeDep node_modules/firebase-tools/node_modules/tcp-port-used ms@2.1.2 OK for: debug@4.3.1 want: 2.1.2
3326 silly placeDep node_modules/firebase-tools/node_modules/teeny-request data-uri-to-buffer@4.0.1 OK for: node-fetch@3.3.2 want: ^4.0.0
3327 silly placeDep node_modules/firebase-tools/node_modules/universal-analytics ms@2.1.3 OK for: debug@4.4.3 want: ^2.1.3
3328 silly placeDep node_modules/firebase-tools/node_modules/wrap-ansi-cjs ansi-regex@5.0.1 OK for: strip-ansi@6.0.1 want: ^5.0.1
3329 silly placeDep node_modules/firebase-tools/node_modules/wrap-ansi ansi-regex@5.0.1 OK for: strip-ansi@6.0.1 want: ^5.0.1
3330 silly reify moves {}
3331 http cache firebase-tools@https://registry.npmjs.org/firebase-tools/-/firebase-tools-15.29.0.tgz 0ms (cache hit)
3332 http cache process-nextick-args@https://registry.npmjs.org/process-nextick-args/-/process-nextick-args-2.0.1.tgz 0ms (cache hit)
3333 http cache isarray@https://registry.npmjs.org/isarray/-/isarray-1.0.0.tgz 0ms (cache hit)
3334 http cache core-util-is@https://registry.npmjs.org/core-util-is/-/core-util-is-1.0.3.tgz 0ms (cache hit)
3335 http cache util-deprecate@https://registry.npmjs.org/util-deprecate/-/util-deprecate-1.0.2.tgz 0ms (cache hit)
3336 http cache eastasianwidth@https://registry.npmjs.org/eastasianwidth/-/eastasianwidth-0.2.0.tgz 0ms (cache hit)
3337 http cache web-streams-polyfill@https://registry.npmjs.org/web-streams-polyfill/-/web-streams-polyfill-3.3.3.tgz 0ms (cache hit)
3338 http cache node-domexception@https://registry.npmjs.org/node-domexception/-/node-domexception-1.0.0.tgz 0ms (cache hit)
3339 http cache formdata-polyfill@https://registry.npmjs.org/formdata-polyfill/-/formdata-polyfill-4.0.10.tgz 0ms (cache hit)
3340 http cache fetch-blob@https://registry.npmjs.org/fetch-blob/-/fetch-blob-3.2.0.tgz 0ms (cache hit)
3341 http cache crc32-stream@https://registry.npmjs.org/crc32-stream/-/crc32-stream-6.0.0.tgz 0ms (cache hit)
3342 http cache crc-32@https://registry.npmjs.org/crc-32/-/crc-32-1.2.2.tgz 0ms (cache hit)
3343 http cache compress-commons@https://registry.npmjs.org/compress-commons/-/compress-commons-6.0.2.tgz 0ms (cache hit)
3344 http cache yargs-parser@https://registry.npmjs.org/yargs-parser/-/yargs-parser-21.1.1.tgz 0ms (cache hit)
3345 http cache y18n@https://registry.npmjs.org/y18n/-/y18n-5.0.8.tgz 0ms (cache hit)
3346 http cache require-directory@https://registry.npmjs.org/require-directory/-/require-directory-2.1.1.tgz 0ms (cache hit)
3347 http cache get-caller-file@https://registry.npmjs.org/get-caller-file/-/get-caller-file-2.0.5.tgz 0ms (cache hit)
3348 http cache escalade@https://registry.npmjs.org/escalade/-/escalade-3.2.0.tgz 0ms (cache hit)
3349 http cache cliui@https://registry.npmjs.org/cliui/-/cliui-8.0.1.tgz 0ms (cache hit)
3350 http cache ansi-regex@https://registry.npmjs.org/ansi-regex/-/ansi-regex-5.0.1.tgz 0ms (cache hit)
3351 http cache wrap-ansi@https://registry.npmjs.org/wrap-ansi/-/wrap-ansi-7.0.0.tgz 0ms (cache hit)
3352 http cache strip-ansi@https://registry.npmjs.org/strip-ansi/-/strip-ansi-6.0.1.tgz 0ms (cache hit)
3353 http cache typedarray-to-buffer@https://registry.npmjs.org/typedarray-to-buffer/-/typedarray-to-buffer-3.1.5.tgz 0ms (cache hit)
3354 http cache is-typedarray@https://registry.npmjs.org/is-typedarray/-/is-typedarray-1.0.0.tgz 0ms (cache hit)
3355 http cache imurmurhash@https://registry.npmjs.org/imurmurhash/-/imurmurhash-0.1.4.tgz 0ms (cache hit)
3356 http cache ansi-styles@https://registry.npmjs.org/ansi-styles/-/ansi-styles-4.3.0.tgz 0ms (cache hit)
3357 http cache color-name@https://registry.npmjs.org/color-name/-/color-name-1.1.4.tgz 0ms (cache hit)
3358 http cache color-convert@https://registry.npmjs.org/color-convert/-/color-convert-2.0.1.tgz 0ms (cache hit)
3359 http cache fn.name@https://registry.npmjs.org/fn.name/-/fn.name-1.1.0.tgz 0ms (cache hit)
3360 http cache fecha@https://registry.npmjs.org/fecha/-/fecha-4.2.3.tgz 0ms (cache hit)
3361 http cache @types/triple-beam@https://registry.npmjs.org/@types/triple-beam/-/triple-beam-1.3.5.tgz 0ms (cache hit)
3362 http cache color-name@https://registry.npmjs.org/color-name/-/color-name-2.1.1.tgz 0ms (cache hit)
3363 http cache color-string@https://registry.npmjs.org/color-string/-/color-string-2.1.4.tgz 0ms (cache hit)
3364 http cache color-convert@https://registry.npmjs.org/color-convert/-/color-convert-3.1.3.tgz 0ms (cache hit)
3365 http cache text-hex@https://registry.npmjs.org/text-hex/-/text-hex-1.0.0.tgz 0ms (cache hit)
3366 http cache color@https://registry.npmjs.org/color/-/color-5.0.3.tgz 0ms (cache hit)
3367 http cache kuler@https://registry.npmjs.org/kuler/-/kuler-2.0.0.tgz 0ms (cache hit)
3368 http cache enabled@https://registry.npmjs.org/enabled/-/enabled-2.0.0.tgz 0ms (cache hit)
3369 http cache @so-ric/colorspace@https://registry.npmjs.org/@so-ric/colorspace/-/colorspace-1.1.6.tgz 0ms (cache hit)
3370 http cache stack-trace@https://registry.npmjs.org/stack-trace/-/stack-trace-0.0.10.tgz 0ms (cache hit)
3371 http cache safe-stable-stringify@https://registry.npmjs.org/safe-stable-stringify/-/safe-stable-stringify-2.5.0.tgz 0ms (cache hit)
3372 http cache one-time@https://registry.npmjs.org/one-time/-/one-time-1.0.0.tgz 0ms (cache hit)
3373 http cache logform@https://registry.npmjs.org/logform/-/logform-2.7.0.tgz 0ms (cache hit)
3374 http cache ms@https://registry.npmjs.org/ms/-/ms-2.1.3.tgz 0ms (cache hit)
3375 http cache @colors/colors@https://registry.npmjs.org/@colors/colors/-/colors-1.6.0.tgz 0ms (cache hit)
3376 http cache @dabh/diagnostics@https://registry.npmjs.org/@dabh/diagnostics/-/diagnostics-2.0.8.tgz 0ms (cache hit)
3377 http cache isexe@https://registry.npmjs.org/isexe/-/isexe-2.0.0.tgz 0ms (cache hit)
3378 http cache webidl-conversions@https://registry.npmjs.org/webidl-conversions/-/webidl-conversions-3.0.1.tgz 0ms (cache hit)
3379 http cache tr46@https://registry.npmjs.org/tr46/-/tr46-0.0.3.tgz 0ms (cache hit)
3380 http cache clone@https://registry.npmjs.org/clone/-/clone-1.0.4.tgz 0ms (cache hit)
3381 http cache defaults@https://registry.npmjs.org/defaults/-/defaults-1.0.4.tgz 0ms (cache hit)
3382 http cache strip-json-comments@https://registry.npmjs.org/strip-json-comments/-/strip-json-comments-2.0.1.tgz 0ms (cache hit)
3383 http cache minimist@https://registry.npmjs.org/minimist/-/minimist-1.2.8.tgz 0ms (cache hit)
3384 http cache deep-extend@https://registry.npmjs.org/deep-extend/-/deep-extend-0.6.0.tgz 0ms (cache hit)
3385 http cache rc@https://registry.npmjs.org/rc/-/rc-1.2.8.tgz 0ms (cache hit)
3386 http cache ini@https://registry.npmjs.org/ini/-/ini-1.3.8.tgz 0ms (cache hit)
3387 http cache proto-list@https://registry.npmjs.org/proto-list/-/proto-list-1.2.4.tgz 0ms (cache hit)
3388 http cache config-chain@https://registry.npmjs.org/config-chain/-/config-chain-1.1.13.tgz 0ms (cache hit)
3389 http cache ini@https://registry.npmjs.org/ini/-/ini-1.3.8.tgz 0ms (cache hit)
3390 http cache @pnpm/network.ca-file@https://registry.npmjs.org/@pnpm/network.ca-file/-/network.ca-file-1.0.2.tgz 0ms (cache hit)
3391 http cache graceful-fs@https://registry.npmjs.org/graceful-fs/-/graceful-fs-4.2.10.tgz 0ms (cache hit)
3392 http cache @pnpm/config.env-replace@https://registry.npmjs.org/@pnpm/config.env-replace/-/config.env-replace-1.1.0.tgz 0ms (cache hit)
3393 http cache @pnpm/npm-conf@https://registry.npmjs.org/@pnpm/npm-conf/-/npm-conf-3.0.3.tgz 0ms (cache hit)
3394 http cache escape-goat@https://registry.npmjs.org/escape-goat/-/escape-goat-2.1.1.tgz 0ms (cache hit)
3395 http cache whatwg-fetch@https://registry.npmjs.org/whatwg-fetch/-/whatwg-fetch-3.6.20.tgz 0ms (cache hit)
3396 http cache ini@https://registry.npmjs.org/ini/-/ini-2.0.0.tgz 0ms (cache hit)
3397 http cache is-path-inside@https://registry.npmjs.org/is-path-inside/-/is-path-inside-3.0.3.tgz 0ms (cache hit)
3398 http cache global-dirs@https://registry.npmjs.org/global-dirs/-/global-dirs-3.0.1.tgz 0ms (cache hit)
3399 http cache ci-info@https://registry.npmjs.org/ci-info/-/ci-info-2.0.0.tgz 0ms (cache hit)
3400 http cache widest-line@https://registry.npmjs.org/widest-line/-/widest-line-3.1.0.tgz 0ms (cache hit)
3401 http cache type-fest@https://registry.npmjs.org/type-fest/-/type-fest-0.20.2.tgz 0ms (cache hit)
3402 http cache cli-boxes@https://registry.npmjs.org/cli-boxes/-/cli-boxes-2.2.1.tgz 0ms (cache hit)
3403 http cache camelcase@https://registry.npmjs.org/camelcase/-/camelcase-6.3.0.tgz 0ms (cache hit)
3404 http cache ansi-align@https://registry.npmjs.org/ansi-align/-/ansi-align-3.0.1.tgz 0ms (cache hit)
3405 http cache semver-diff@https://registry.npmjs.org/semver-diff/-/semver-diff-3.1.1.tgz 0ms (cache hit)
3406 http cache semver@https://registry.npmjs.org/semver/-/semver-6.3.1.tgz 0ms (cache hit)
3407 http cache registry-url@https://registry.npmjs.org/registry-url/-/registry-url-5.1.0.tgz 0ms (cache hit)
3408 http cache registry-auth-token@https://registry.npmjs.org/registry-auth-token/-/registry-auth-token-5.1.1.tgz 0ms (cache hit)
3409 http cache pupa@https://registry.npmjs.org/pupa/-/pupa-2.1.1.tgz 0ms (cache hit)
3410 http cache isomorphic-fetch@https://registry.npmjs.org/isomorphic-fetch/-/isomorphic-fetch-3.0.0.tgz 0ms (cache hit)
3411 http cache is-yarn-global@https://registry.npmjs.org/is-yarn-global/-/is-yarn-global-0.3.0.tgz 0ms (cache hit)
3412 http cache is-npm@https://registry.npmjs.org/is-npm/-/is-npm-5.0.0.tgz 0ms (cache hit)
3413 http cache is-installed-globally@https://registry.npmjs.org/is-installed-globally/-/is-installed-globally-0.4.0.tgz 0ms (cache hit)
3414 http cache is-ci@https://registry.npmjs.org/is-ci/-/is-ci-2.0.0.tgz 0ms (cache hit)
3415 http cache import-lazy@https://registry.npmjs.org/import-lazy/-/import-lazy-2.1.0.tgz 0ms (cache hit)
3416 http cache has-yarn@https://registry.npmjs.org/has-yarn/-/has-yarn-2.1.0.tgz 0ms (cache hit)
3417 http cache boxen@https://registry.npmjs.org/boxen/-/boxen-5.1.2.tgz 0ms (cache hit)
3418 http cache ansi-regex@https://registry.npmjs.org/ansi-regex/-/ansi-regex-5.0.1.tgz 0ms (cache hit)
3419 http cache strip-ansi@https://registry.npmjs.org/strip-ansi/-/strip-ansi-6.0.1.tgz 0ms (cache hit)
3420 http cache wrap-ansi@https://registry.npmjs.org/wrap-ansi/-/wrap-ansi-7.0.0.tgz 0ms (cache hit)
3421 http cache chalk@https://registry.npmjs.org/chalk/-/chalk-4.1.2.tgz 0ms (cache hit)
3422 http cache crypto-random-string@https://registry.npmjs.org/crypto-random-string/-/crypto-random-string-2.0.0.tgz 0ms (cache hit)
3423 http cache media-typer@https://registry.npmjs.org/media-typer/-/media-typer-0.3.0.tgz 0ms (cache hit)
3424 http cache is-number@https://registry.npmjs.org/is-number/-/is-number-7.0.0.tgz 0ms (cache hit)
3425 http cache thenify@https://registry.npmjs.org/thenify/-/thenify-3.3.1.tgz 0ms (cache hit)
3426 http cache stubs@https://registry.npmjs.org/stubs/-/stubs-3.0.0.tgz 1ms (cache hit)
3427 http cache stream-events@https://registry.npmjs.org/stream-events/-/stream-events-1.0.5.tgz 0ms (cache hit)
3428 http cache ip-regex@https://registry.npmjs.org/ip-regex/-/ip-regex-2.1.0.tgz 0ms (cache hit)
3429 http cache deep-is@https://registry.npmjs.org/deep-is/-/deep-is-0.1.4.tgz 0ms (cache hit)
3430 http cache is2@https://registry.npmjs.org/is2/-/is2-2.0.1.tgz 0ms (cache hit)
3431 http cache text-decoder@https://registry.npmjs.org/text-decoder/-/text-decoder-1.2.7.tgz 0ms (cache hit)
3432 http cache events-universal@https://registry.npmjs.org/events-universal/-/events-universal-1.0.1.tgz 0ms (cache hit)
3433 http cache teex@https://registry.npmjs.org/teex/-/teex-1.0.1.tgz 0ms (cache hit)
3434 http cache bare-url@https://registry.npmjs.org/bare-url/-/bare-url-2.5.4.tgz 0ms (cache hit)
3435 http cache bare-stream@https://registry.npmjs.org/bare-stream/-/bare-stream-2.13.4.tgz 0ms (cache hit)
3436 http cache bare-path@https://registry.npmjs.org/bare-path/-/bare-path-3.1.2.tgz 0ms (cache hit)
3437 http cache bare-events@https://registry.npmjs.org/bare-events/-/bare-events-2.9.2.tgz 0ms (cache hit)
3438 http cache streamx@https://registry.npmjs.org/streamx/-/streamx-2.28.1.tgz 0ms (cache hit)
3439 http cache fast-fifo@https://registry.npmjs.org/fast-fifo/-/fast-fifo-1.3.2.tgz 0ms (cache hit)
3440 http cache bare-fs@https://registry.npmjs.org/bare-fs/-/bare-fs-4.8.1.tgz 0ms (cache hit)
3441 http cache b4a@https://registry.npmjs.org/b4a/-/b4a-1.8.1.tgz 0ms (cache hit)
3442 http cache yallist@https://registry.npmjs.org/yallist/-/yallist-5.0.0.tgz 0ms (cache hit)
3443 http cache minizlib@https://registry.npmjs.org/minizlib/-/minizlib-3.1.0.tgz 0ms (cache hit)
3444 http cache chownr@https://registry.npmjs.org/chownr/-/chownr-3.0.0.tgz 0ms (cache hit)
3445 http cache @isaacs/fs-minipass@https://registry.npmjs.org/@isaacs/fs-minipass/-/fs-minipass-4.0.1.tgz 0ms (cache hit)
3446 http cache supports-color@https://registry.npmjs.org/supports-color/-/supports-color-7.2.0.tgz 0ms (cache hit)
3447 http cache has-flag@https://registry.npmjs.org/has-flag/-/has-flag-4.0.0.tgz 0ms (cache hit)
3448 http cache is-promise@https://registry.npmjs.org/is-promise/-/is-promise-4.0.0.tgz 0ms (cache hit)
3449 http cache abbrev@https://registry.npmjs.org/abbrev/-/abbrev-5.0.0.tgz 0ms (cache hit)
3450 http cache tinyglobby@https://registry.npmjs.org/tinyglobby/-/tinyglobby-0.2.17.tgz 0ms (cache hit)
3451 http cache picomatch@https://registry.npmjs.org/picomatch/-/picomatch-4.0.7.tgz 0ms (cache hit)
3452 http cache fdir@https://registry.npmjs.org/fdir/-/fdir-6.5.0.tgz 0ms (cache hit)
3453 http cache proc-log@https://registry.npmjs.org/proc-log/-/proc-log-7.0.0.tgz 0ms (cache hit)
3454 http cache nopt@https://registry.npmjs.org/nopt/-/nopt-10.0.1.tgz 0ms (cache hit)
3455 http cache exponential-backoff@https://registry.npmjs.org/exponential-backoff/-/exponential-backoff-3.1.3.tgz 0ms (cache hit)
3456 http cache env-paths@https://registry.npmjs.org/env-paths/-/env-paths-2.2.1.tgz 0ms (cache hit)
3457 http cache node-gyp@https://registry.npmjs.org/node-gyp/-/node-gyp-13.0.2.tgz 0ms (cache hit)
3458 http cache isexe@https://registry.npmjs.org/isexe/-/isexe-4.0.0.tgz 0ms (cache hit)
3459 http cache which@https://registry.npmjs.org/which/-/which-7.0.0.tgz 0ms (cache hit)
3460 http cache undici@https://registry.npmjs.org/undici/-/undici-8.10.1.tgz 0ms (cache hit)
3461 http cache nan@https://registry.npmjs.org/nan/-/nan-2.28.0.tgz 0ms (cache hit)
3462 http cache install-artifact-from-github@https://registry.npmjs.org/install-artifact-from-github/-/install-artifact-from-github-1.8.0.tgz 0ms (cache hit)
3463 http cache lodash._objecttypes@https://registry.npmjs.org/lodash._objecttypes/-/lodash._objecttypes-2.4.1.tgz 0ms (cache hit)
3464 http cache valid-url@https://registry.npmjs.org/valid-url/-/valid-url-1.0.9.tgz 0ms (cache hit)
3465 http cache url-join@https://registry.npmjs.org/url-join/-/url-join-0.0.1.tgz 0ms (cache hit)
3466 http cache as-array@https://registry.npmjs.org/as-array/-/as-array-2.0.0.tgz 0ms (cache hit)
3467 http cache toxic@https://registry.npmjs.org/toxic/-/toxic-1.0.1.tgz 0ms (cache hit)
3468 http cache lodash.isobject@https://registry.npmjs.org/lodash.isobject/-/lodash.isobject-2.4.1.tgz 0ms (cache hit)
3469 http cache glob-slash@https://registry.npmjs.org/glob-slash/-/glob-slash-1.0.0.tgz 0ms (cache hit)
3470 http cache compressible@https://registry.npmjs.org/compressible/-/compressible-2.0.18.tgz 0ms (cache hit)
3471 http cache tsscmp@https://registry.npmjs.org/tsscmp/-/tsscmp-1.0.6.tgz 0ms (cache hit)
3472 http cache ms@https://registry.npmjs.org/ms/-/ms-2.1.3.tgz 0ms (cache hit)
3473 http cache router@https://registry.npmjs.org/router/-/router-2.2.0.tgz 0ms (cache hit)
3474 http cache path-to-regexp@https://registry.npmjs.org/path-to-regexp/-/path-to-regexp-8.4.2.tgz 0ms (cache hit)
3475 http cache debug@https://registry.npmjs.org/debug/-/debug-4.4.3.tgz 0ms (cache hit)
3476 http cache re2@https://registry.npmjs.org/re2/-/re2-1.26.1.tgz 0ms (cache hit)
3477 http cache join-path@https://registry.npmjs.org/join-path/-/join-path-1.1.1.tgz 0ms (cache hit)
3478 http cache is-url@https://registry.npmjs.org/is-url/-/is-url-1.2.4.tgz 0ms (cache hit)
3479 http cache glob-slasher@https://registry.npmjs.org/glob-slasher/-/glob-slasher-1.0.1.tgz 0ms (cache hit)
3480 http cache connect@https://registry.npmjs.org/connect/-/connect-3.7.0.tgz 0ms (cache hit)
3481 http cache statuses@https://registry.npmjs.org/statuses/-/statuses-1.5.0.tgz 0ms (cache hit)
3482 http cache on-finished@https://registry.npmjs.org/on-finished/-/on-finished-2.3.0.tgz 0ms (cache hit)
3483 http cache encodeurl@https://registry.npmjs.org/encodeurl/-/encodeurl-1.0.2.tgz 0ms (cache hit)
3484 http cache finalhandler@https://registry.npmjs.org/finalhandler/-/finalhandler-1.1.2.tgz 0ms (cache hit)
3485 http cache compression@https://registry.npmjs.org/compression/-/compression-1.8.1.tgz 0ms (cache hit)
3486 http cache negotiator@https://registry.npmjs.org/negotiator/-/negotiator-0.6.4.tgz 0ms (cache hit)
3487 http cache basic-auth-connect@https://registry.npmjs.org/basic-auth-connect/-/basic-auth-connect-1.1.0.tgz 0ms (cache hit)
3488 http cache is-fullwidth-code-point@https://registry.npmjs.org/is-fullwidth-code-point/-/is-fullwidth-code-point-3.0.0.tgz 0ms (cache hit)
3489 http cache emoji-regex@https://registry.npmjs.org/emoji-regex/-/emoji-regex-8.0.0.tgz 0ms (cache hit)
3490 http cache ret@https://registry.npmjs.org/ret/-/ret-0.1.15.tgz 0ms (cache hit)
3491 http cache discontinuous-range@https://registry.npmjs.org/discontinuous-range/-/discontinuous-range-1.0.0.tgz 0ms (cache hit)
3492 http cache randexp@https://registry.npmjs.org/randexp/-/randexp-0.4.6.tgz 0ms (cache hit)
3493 http cache railroad-diagrams@https://registry.npmjs.org/railroad-diagrams/-/railroad-diagrams-1.0.0.tgz 0ms (cache hit)
3494 http cache moo@https://registry.npmjs.org/moo/-/moo-0.5.3.tgz 0ms (cache hit)
3495 http cache nearley@https://registry.npmjs.org/nearley/-/nearley-2.20.1.tgz 0ms (cache hit)
3496 http cache commander@https://registry.npmjs.org/commander/-/commander-2.20.3.tgz 0ms (cache hit)
3497 http cache smart-buffer@https://registry.npmjs.org/smart-buffer/-/smart-buffer-4.2.0.tgz 0ms (cache hit)
3498 http cache socks@https://registry.npmjs.org/socks/-/socks-2.8.10.tgz 0ms (cache hit)
3499 http cache unicode-emoji-modifier-base@https://registry.npmjs.org/unicode-emoji-modifier-base/-/unicode-emoji-modifier-base-1.0.0.tgz 0ms (cache hit)
3500 http cache call-bound@https://registry.npmjs.org/call-bound/-/call-bound-1.0.4.tgz 0ms (cache hit)
3501 http cache side-channel-weakmap@https://registry.npmjs.org/side-channel-weakmap/-/side-channel-weakmap-1.0.2.tgz 0ms (cache hit)
3502 http cache side-channel-map@https://registry.npmjs.org/side-channel-map/-/side-channel-map-1.0.1.tgz 0ms (cache hit)
3503 http cache side-channel-list@https://registry.npmjs.org/side-channel-list/-/side-channel-list-1.0.1.tgz 0ms (cache hit)
3504 http cache object-inspect@https://registry.npmjs.org/object-inspect/-/object-inspect-1.13.4.tgz 0ms (cache hit)
3505 http cache shebang-regex@https://registry.npmjs.org/shebang-regex/-/shebang-regex-3.0.0.tgz 0ms (cache hit)
3506 http cache teeny-request@https://registry.npmjs.org/teeny-request/-/teeny-request-10.1.4.tgz 0ms (cache hit)
3507 http cache data-uri-to-buffer@https://registry.npmjs.org/data-uri-to-buffer/-/data-uri-to-buffer-4.0.1.tgz 0ms (cache hit)
3508 http cache node-fetch@https://registry.npmjs.org/node-fetch/-/node-fetch-3.3.2.tgz 0ms (cache hit)
3509 http cache mimic-fn@https://registry.npmjs.org/mimic-fn/-/mimic-fn-2.1.0.tgz 0ms (cache hit)
3510 http cache onetime@https://registry.npmjs.org/onetime/-/onetime-5.1.2.tgz 0ms (cache hit)
3511 http cache string_decoder@https://registry.npmjs.org/string_decoder/-/string_decoder-1.3.0.tgz 0ms (cache hit)
3512 http cache process@https://registry.npmjs.org/process/-/process-0.11.10.tgz 0ms (cache hit)
3513 http cache events@https://registry.npmjs.org/events/-/events-3.3.0.tgz 0ms (cache hit)
3514 http cache side-channel@https://registry.npmjs.org/side-channel/-/side-channel-1.1.1.tgz 0ms (cache hit)
3515 http cache source-map@https://registry.npmjs.org/source-map/-/source-map-0.6.1.tgz 0ms (cache hit)
3516 http cache esutils@https://registry.npmjs.org/esutils/-/esutils-2.0.3.tgz 0ms (cache hit)
3517 http cache estraverse@https://registry.npmjs.org/estraverse/-/estraverse-5.3.0.tgz 0ms (cache hit)
3518 http cache tslib@https://registry.npmjs.org/tslib/-/tslib-2.8.1.tgz 0ms (cache hit)
3519 http cache esprima@https://registry.npmjs.org/esprima/-/esprima-4.0.1.tgz 0ms (cache hit)
3520 http cache escodegen@https://registry.npmjs.org/escodegen/-/escodegen-2.1.0.tgz 0ms (cache hit)
3521 http cache ast-types@https://registry.npmjs.org/ast-types/-/ast-types-0.13.4.tgz 0ms (cache hit)
3522 http cache netmask@https://registry.npmjs.org/netmask/-/netmask-2.1.1.tgz 0ms (cache hit)
3523 http cache degenerator@https://registry.npmjs.org/degenerator/-/degenerator-5.0.1.tgz 0ms (cache hit)
3524 http cache data-uri-to-buffer@https://registry.npmjs.org/data-uri-to-buffer/-/data-uri-to-buffer-6.0.2.tgz 0ms (cache hit)
3525 http cache basic-ftp@https://registry.npmjs.org/basic-ftp/-/basic-ftp-5.3.1.tgz 0ms (cache hit)
3526 http cache pac-resolver@https://registry.npmjs.org/pac-resolver/-/pac-resolver-7.0.1.tgz 0ms (cache hit)
3527 http cache get-uri@https://registry.npmjs.org/get-uri/-/get-uri-6.0.5.tgz 0ms (cache hit)
3528 http cache debug@https://registry.npmjs.org/debug/-/debug-4.4.3.tgz 0ms (cache hit)
3529 http cache @tootallnate/quickjs-emscripten@https://registry.npmjs.org/@tootallnate/quickjs-emscripten/-/quickjs-emscripten-0.23.0.tgz 0ms (cache hit)
3530 http cache ms@https://registry.npmjs.org/ms/-/ms-2.1.3.tgz 0ms (cache hit)
3531 http cache socks-proxy-agent@https://registry.npmjs.org/socks-proxy-agent/-/socks-proxy-agent-8.0.5.tgz 0ms (cache hit)
3532 http cache ms@https://registry.npmjs.org/ms/-/ms-2.1.3.tgz 0ms (cache hit)
3533 http cache debug@https://registry.npmjs.org/debug/-/debug-4.4.3.tgz 0ms (cache hit)
3534 http cache proxy-from-env@https://registry.npmjs.org/proxy-from-env/-/proxy-from-env-1.1.0.tgz 0ms (cache hit)
3535 http cache pac-proxy-agent@https://registry.npmjs.org/pac-proxy-agent/-/pac-proxy-agent-7.2.0.tgz 0ms (cache hit)
3536 http cache debug@https://registry.npmjs.org/debug/-/debug-4.4.3.tgz 0ms (cache hit)
3537 http cache ms@https://registry.npmjs.org/ms/-/ms-2.1.3.tgz 0ms (cache hit)
3538 http cache http-proxy-agent@https://registry.npmjs.org/http-proxy-agent/-/http-proxy-agent-7.0.2.tgz 0ms (cache hit)
3539 http cache ms@https://registry.npmjs.org/ms/-/ms-2.1.3.tgz 0ms (cache hit)
3540 http cache debug@https://registry.npmjs.org/debug/-/debug-4.4.3.tgz 0ms (cache hit)
3541 http cache ipaddr.js@https://registry.npmjs.org/ipaddr.js/-/ipaddr.js-1.9.1.tgz 0ms (cache hit)
3542 http cache forwarded@https://registry.npmjs.org/forwarded/-/forwarded-0.2.0.tgz 0ms (cache hit)
3543 http cache undici-types@https://registry.npmjs.org/undici-types/-/undici-types-8.3.0.tgz 0ms (cache hit)
3544 http cache @types/node@https://registry.npmjs.org/@types/node/-/node-26.4.1.tgz 0ms (cache hit)
3545 http cache @protobufjs/utf8@https://registry.npmjs.org/@protobufjs/utf8/-/utf8-1.1.2.tgz 0ms (cache hit)
3546 http cache @protobufjs/pool@https://registry.npmjs.org/@protobufjs/pool/-/pool-1.1.0.tgz 0ms (cache hit)
3547 http cache @protobufjs/path@https://registry.npmjs.org/@protobufjs/path/-/path-1.1.2.tgz 0ms (cache hit)
3548 http cache @protobufjs/float@https://registry.npmjs.org/@protobufjs/float/-/float-1.0.2.tgz 0ms (cache hit)
3549 http cache @protobufjs/fetch@https://registry.npmjs.org/@protobufjs/fetch/-/fetch-1.1.1.tgz 0ms (cache hit)
3550 http cache @protobufjs/eventemitter@https://registry.npmjs.org/@protobufjs/eventemitter/-/eventemitter-1.1.1.tgz 0ms (cache hit)
3551 http cache @protobufjs/codegen@https://registry.npmjs.org/@protobufjs/codegen/-/codegen-2.0.5.tgz 0ms (cache hit)
3552 http cache @protobufjs/base64@https://registry.npmjs.org/@protobufjs/base64/-/base64-1.1.2.tgz 0ms (cache hit)
3553 http cache @protobufjs/aspromise@https://registry.npmjs.org/@protobufjs/aspromise/-/aspromise-1.1.2.tgz 0ms (cache hit)
3554 http cache xtend@https://registry.npmjs.org/xtend/-/xtend-4.0.2.tgz 1ms (cache hit)
3555 http cache split2@https://registry.npmjs.org/split2/-/split2-4.2.0.tgz 0ms (cache hit)
3556 http cache postgres-interval@https://registry.npmjs.org/postgres-interval/-/postgres-interval-1.2.0.tgz 0ms (cache hit)
3557 http cache postgres-date@https://registry.npmjs.org/postgres-date/-/postgres-date-1.0.7.tgz 0ms (cache hit)
3558 http cache postgres-bytea@https://registry.npmjs.org/postgres-bytea/-/postgres-bytea-1.0.1.tgz 1ms (cache hit)
3559 http cache postgres-array@https://registry.npmjs.org/postgres-array/-/postgres-array-2.0.0.tgz 0ms (cache hit)
3560 http cache pg-int8@https://registry.npmjs.org/pg-int8/-/pg-int8-1.0.1.tgz 0ms (cache hit)
3561 http cache pgpass@https://registry.npmjs.org/pgpass/-/pgpass-1.0.5.tgz 0ms (cache hit)
3562 http cache pg-types@https://registry.npmjs.org/pg-types/-/pg-types-2.2.0.tgz 0ms (cache hit)
3563 http cache pg-protocol@https://registry.npmjs.org/pg-protocol/-/pg-protocol-1.16.0.tgz 0ms (cache hit)
3564 http cache pg-pool@https://registry.npmjs.org/pg-pool/-/pg-pool-3.14.0.tgz 0ms (cache hit)
3565 http cache pg-connection-string@https://registry.npmjs.org/pg-connection-string/-/pg-connection-string-2.14.0.tgz 0ms (cache hit)
3566 http cache pg-cloudflare@https://registry.npmjs.org/pg-cloudflare/-/pg-cloudflare-1.4.0.tgz 0ms (cache hit)
3567 http cache lru-cache@https://registry.npmjs.org/lru-cache/-/lru-cache-10.4.3.tgz 0ms (cache hit)
3568 http cache restore-cursor@https://registry.npmjs.org/restore-cursor/-/restore-cursor-3.1.0.tgz 0ms (cache hit)
3569 http cache signal-exit@https://registry.npmjs.org/signal-exit/-/signal-exit-3.0.7.tgz 0ms (cache hit)
3570 http cache ieee754@https://registry.npmjs.org/ieee754/-/ieee754-1.2.1.tgz 0ms (cache hit)
3571 http cache buffer@https://registry.npmjs.org/buffer/-/buffer-5.7.1.tgz 0ms (cache hit)
3572 http cache wcwidth@https://registry.npmjs.org/wcwidth/-/wcwidth-1.0.1.tgz 0ms (cache hit)
3573 http cache log-symbols@https://registry.npmjs.org/log-symbols/-/log-symbols-4.1.0.tgz 0ms (cache hit)
3574 http cache chalk@https://registry.npmjs.org/chalk/-/chalk-4.1.2.tgz 0ms (cache hit)
3575 http cache is-unicode-supported@https://registry.npmjs.org/is-unicode-supported/-/is-unicode-supported-0.1.0.tgz 0ms (cache hit)
3576 http cache is-interactive@https://registry.npmjs.org/is-interactive/-/is-interactive-1.0.0.tgz 0ms (cache hit)
3577 http cache cli-spinners@https://registry.npmjs.org/cli-spinners/-/cli-spinners-2.9.2.tgz 0ms (cache hit)
3578 http cache cli-cursor@https://registry.npmjs.org/cli-cursor/-/cli-cursor-3.1.0.tgz 0ms (cache hit)
3579 http cache bl@https://registry.npmjs.org/bl/-/bl-4.1.0.tgz 0ms (cache hit)
3580 http cache readable-stream@https://registry.npmjs.org/readable-stream/-/readable-stream-3.6.2.tgz 0ms (cache hit)
3581 http cache is-wsl@https://registry.npmjs.org/is-wsl/-/is-wsl-1.1.0.tgz 0ms (cache hit)
3582 http cache wrappy@https://registry.npmjs.org/wrappy/-/wrappy-1.0.2.tgz 0ms (cache hit)
3583 http cache ee-first@https://registry.npmjs.org/ee-first/-/ee-first-1.1.1.tgz 0ms (cache hit)
3584 http cache whatwg-url@https://registry.npmjs.org/whatwg-url/-/whatwg-url-5.0.0.tgz 0ms (cache hit)
3585 http cache skin-tone@https://registry.npmjs.org/skin-tone/-/skin-tone-2.0.0.tgz 0ms (cache hit)
3586 http cache emojilib@https://registry.npmjs.org/emojilib/-/emojilib-2.4.0.tgz 0ms (cache hit)
3587 http cache char-regex@https://registry.npmjs.org/char-regex/-/char-regex-1.0.2.tgz 0ms (cache hit)
3588 http cache @sindresorhus/is@https://registry.npmjs.org/@sindresorhus/is/-/is-4.6.0.tgz 0ms (cache hit)
3589 http cache thenify-all@https://registry.npmjs.org/thenify-all/-/thenify-all-1.6.0.tgz 0ms (cache hit)
3590 http cache any-promise@https://registry.npmjs.org/any-promise/-/any-promise-1.3.0.tgz 0ms (cache hit)
3591 http cache on-headers@https://registry.npmjs.org/on-headers/-/on-headers-1.1.0.tgz 0ms (cache hit)
3592 http cache basic-auth@https://registry.npmjs.org/basic-auth/-/basic-auth-2.0.1.tgz 0ms (cache hit)
3593 http cache safe-buffer@https://registry.npmjs.org/safe-buffer/-/safe-buffer-5.1.2.tgz 0ms (cache hit)
3594 http cache concat-map@https://registry.npmjs.org/concat-map/-/concat-map-0.0.1.tgz 0ms (cache hit)
3595 http cache balanced-match@https://registry.npmjs.org/balanced-match/-/balanced-match-1.0.2.tgz 0ms (cache hit)
3596 http cache brace-expansion@https://registry.npmjs.org/brace-expansion/-/brace-expansion-1.1.18.tgz 0ms (cache hit)
3597 http cache mime-db@https://registry.npmjs.org/mime-db/-/mime-db-1.52.0.tgz 0ms (cache hit)
3598 http cache parse5-htmlparser2-tree-adapter@https://registry.npmjs.org/parse5-htmlparser2-tree-adapter/-/parse5-htmlparser2-tree-adapter-6.0.1.tgz 0ms (cache hit)
3599 http cache parse5@https://registry.npmjs.org/parse5/-/parse5-6.0.1.tgz 0ms (cache hit)
3600 http cache parse5@https://registry.npmjs.org/parse5/-/parse5-5.1.1.tgz 0ms (cache hit)
3601 http cache mz@https://registry.npmjs.org/mz/-/mz-2.7.0.tgz 0ms (cache hit)
3602 http cache highlight.js@https://registry.npmjs.org/highlight.js/-/highlight.js-10.7.3.tgz 0ms (cache hit)
3603 http cache environment@https://registry.npmjs.org/environment/-/environment-1.1.0.tgz 0ms (cache hit)
3604 http cache supports-hyperlinks@https://registry.npmjs.org/supports-hyperlinks/-/supports-hyperlinks-3.2.0.tgz 0ms (cache hit)
3605 http cache node-emoji@https://registry.npmjs.org/node-emoji/-/node-emoji-2.2.0.tgz 0ms (cache hit)
3606 http cache cli-highlight@https://registry.npmjs.org/cli-highlight/-/cli-highlight-2.1.11.tgz 0ms (cache hit)
3607 http cache ansi-regex@https://registry.npmjs.org/ansi-regex/-/ansi-regex-5.0.1.tgz 0ms (cache hit)
3608 http cache wrap-ansi@https://registry.npmjs.org/wrap-ansi/-/wrap-ansi-7.0.0.tgz 0ms (cache hit)
3609 http cache strip-ansi@https://registry.npmjs.org/strip-ansi/-/strip-ansi-6.0.1.tgz 0ms (cache hit)
3610 http cache yargs-parser@https://registry.npmjs.org/yargs-parser/-/yargs-parser-20.2.9.tgz 0ms (cache hit)
3611 http cache cliui@https://registry.npmjs.org/cliui/-/cliui-7.0.4.tgz 0ms (cache hit)
3612 http cache yargs@https://registry.npmjs.org/yargs/-/yargs-16.2.2.tgz 0ms (cache hit)
3613 http cache chalk@https://registry.npmjs.org/chalk/-/chalk-4.1.2.tgz 0ms (cache hit)
3614 http cache chalk@https://registry.npmjs.org/chalk/-/chalk-5.6.2.tgz 0ms (cache hit)
3615 http cache ansi-regex@https://registry.npmjs.org/ansi-regex/-/ansi-regex-6.3.0.tgz 0ms (cache hit)
3616 http cache ansi-escapes@https://registry.npmjs.org/ansi-escapes/-/ansi-escapes-7.3.0.tgz 0ms (cache hit)
3617 http cache libsodium@https://registry.npmjs.org/libsodium/-/libsodium-0.7.16.tgz 0ms (cache hit)
3618 http cache buffer-equal-constant-time@https://registry.npmjs.org/buffer-equal-constant-time/-/buffer-equal-constant-time-1.0.1.tgz 0ms (cache hit)
3619 http cache lodash.once@https://registry.npmjs.org/lodash.once/-/lodash.once-4.1.1.tgz 0ms (cache hit)
3620 http cache lodash.isstring@https://registry.npmjs.org/lodash.isstring/-/lodash.isstring-4.0.1.tgz 0ms (cache hit)
3621 http cache lodash.isplainobject@https://registry.npmjs.org/lodash.isplainobject/-/lodash.isplainobject-4.0.6.tgz 0ms (cache hit)
3622 http cache lodash.isnumber@https://registry.npmjs.org/lodash.isnumber/-/lodash.isnumber-3.0.3.tgz 0ms (cache hit)
3623 http cache lodash.isinteger@https://registry.npmjs.org/lodash.isinteger/-/lodash.isinteger-4.0.4.tgz 0ms (cache hit)
3624 http cache lodash.isboolean@https://registry.npmjs.org/lodash.isboolean/-/lodash.isboolean-3.0.3.tgz 0ms (cache hit)
3625 http cache lodash.includes@https://registry.npmjs.org/lodash.includes/-/lodash.includes-4.3.0.tgz 0ms (cache hit)
3626 http cache jju@https://registry.npmjs.org/jju/-/jju-1.4.0.tgz 0ms (cache hit)
3627 http cache bignumber.js@https://registry.npmjs.org/bignumber.js/-/bignumber.js-9.3.1.tgz 0ms (cache hit)
3628 http cache argparse@https://registry.npmjs.org/argparse/-/argparse-2.0.1.tgz 0ms (cache hit)
3629 http cache wrap-ansi-cjs@https://registry.npmjs.org/wrap-ansi/-/wrap-ansi-7.0.0.tgz 0ms (cache hit)
3630 http cache ansi-regex@https://registry.npmjs.org/ansi-regex/-/ansi-regex-5.0.1.tgz 0ms (cache hit)
3631 http cache strip-ansi@https://registry.npmjs.org/strip-ansi/-/strip-ansi-6.0.1.tgz 0ms (cache hit)
3632 http cache strip-ansi-cjs@https://registry.npmjs.org/strip-ansi/-/strip-ansi-6.0.1.tgz 0ms (cache hit)
3633 http cache ansi-regex@https://registry.npmjs.org/ansi-regex/-/ansi-regex-5.0.1.tgz 0ms (cache hit)
3634 http cache strip-ansi@https://registry.npmjs.org/strip-ansi/-/strip-ansi-7.2.0.tgz 0ms (cache hit)
3635 http cache string-width-cjs@https://registry.npmjs.org/string-width/-/string-width-4.2.3.tgz 0ms (cache hit)
3636 http cache ansi-regex@https://registry.npmjs.org/ansi-regex/-/ansi-regex-5.0.1.tgz 0ms (cache hit)
3637 http cache strip-ansi@https://registry.npmjs.org/strip-ansi/-/strip-ansi-6.0.1.tgz 0ms (cache hit)
3638 http cache @pkgjs/parseargs@https://registry.npmjs.org/@pkgjs/parseargs/-/parseargs-0.11.0.tgz 0ms (cache hit)
3639 http cache @isaacs/cliui@https://registry.npmjs.org/@isaacs/cliui/-/cliui-8.0.2.tgz 0ms (cache hit)
3640 http cache ansi-styles@https://registry.npmjs.org/ansi-styles/-/ansi-styles-6.2.3.tgz 0ms (cache hit)
3641 http cache emoji-regex@https://registry.npmjs.org/emoji-regex/-/emoji-regex-9.2.2.tgz 0ms (cache hit)
3642 http cache wrap-ansi@https://registry.npmjs.org/wrap-ansi/-/wrap-ansi-8.1.0.tgz 0ms (cache hit)
3643 http cache string-width@https://registry.npmjs.org/string-width/-/string-width-5.1.2.tgz 0ms (cache hit)
3644 http cache is-extglob@https://registry.npmjs.org/is-extglob/-/is-extglob-2.1.1.tgz 0ms (cache hit)
3645 http cache binary-extensions@https://registry.npmjs.org/binary-extensions/-/binary-extensions-2.3.0.tgz 0ms (cache hit)
3646 http cache safer-buffer@https://registry.npmjs.org/safer-buffer/-/safer-buffer-2.1.2.tgz 0ms (cache hit)
3647 http cache agent-base@https://registry.npmjs.org/agent-base/-/agent-base-7.1.4.tgz 0ms (cache hit)
3648 http cache toidentifier@https://registry.npmjs.org/toidentifier/-/toidentifier-1.0.1.tgz 0ms (cache hit)
3649 http cache url-template@https://registry.npmjs.org/url-template/-/url-template-2.0.8.tgz 0ms (cache hit)
3650 http cache once@https://registry.npmjs.org/once/-/once-1.4.0.tgz 0ms (cache hit)
3651 http cache stream-shift@https://registry.npmjs.org/stream-shift/-/stream-shift-1.0.3.tgz 0ms (cache hit)
3652 http cache inherits@https://registry.npmjs.org/inherits/-/inherits-2.0.4.tgz 0ms (cache hit)
3653 http cache end-of-stream@https://registry.npmjs.org/end-of-stream/-/end-of-stream-1.4.5.tgz 0ms (cache hit)
3654 http cache rimraf@https://registry.npmjs.org/rimraf/-/rimraf-5.0.10.tgz 0ms (cache hit)
3655 http cache retry-request@https://registry.npmjs.org/retry-request/-/retry-request-8.0.4.tgz 0ms (cache hit)
3656 http cache proto3-json-serializer@https://registry.npmjs.org/proto3-json-serializer/-/proto3-json-serializer-3.0.4.tgz 0ms (cache hit)
3657 http cache object-hash@https://registry.npmjs.org/object-hash/-/object-hash-3.0.0.tgz 0ms (cache hit)
3658 http cache duplexify@https://registry.npmjs.org/duplexify/-/duplexify-4.1.3.tgz 0ms (cache hit)
3659 http cache readable-stream@https://registry.npmjs.org/readable-stream/-/readable-stream-3.6.2.tgz 0ms (cache hit)
3660 http cache json-bigint@https://registry.npmjs.org/json-bigint/-/json-bigint-1.0.0.tgz 0ms (cache hit)
3661 http cache jws@https://registry.npmjs.org/jws/-/jws-4.0.1.tgz 0ms (cache hit)
3662 http cache gtoken@https://registry.npmjs.org/gtoken/-/gtoken-7.1.0.tgz 0ms (cache hit)
3663 http cache gcp-metadata@https://registry.npmjs.org/gcp-metadata/-/gcp-metadata-6.1.1.tgz 0ms (cache hit)
3664 http cache google-logging-utils@https://registry.npmjs.org/google-logging-utils/-/google-logging-utils-0.0.2.tgz 0ms (cache hit)
3665 http cache ecdsa-sig-formatter@https://registry.npmjs.org/ecdsa-sig-formatter/-/ecdsa-sig-formatter-1.0.11.tgz 0ms (cache hit)
3666 http cache base64-js@https://registry.npmjs.org/base64-js/-/base64-js-1.5.1.tgz 0ms (cache hit)
3667 http cache path-scurry@https://registry.npmjs.org/path-scurry/-/path-scurry-1.11.1.tgz 0ms (cache hit)
3668 http cache package-json-from-dist@https://registry.npmjs.org/package-json-from-dist/-/package-json-from-dist-1.0.1.tgz 0ms (cache hit)
3669 http cache minipass@https://registry.npmjs.org/minipass/-/minipass-7.1.3.tgz 0ms (cache hit)
3670 http cache jackspeak@https://registry.npmjs.org/jackspeak/-/jackspeak-3.4.3.tgz 0ms (cache hit)
3671 http cache foreground-child@https://registry.npmjs.org/foreground-child/-/foreground-child-3.3.1.tgz 0ms (cache hit)
3672 http cache dunder-proto@https://registry.npmjs.org/dunder-proto/-/dunder-proto-1.0.1.tgz 0ms (cache hit)
3673 http cache math-intrinsics@https://registry.npmjs.org/math-intrinsics/-/math-intrinsics-1.1.0.tgz 0ms (cache hit)
3674 http cache has-symbols@https://registry.npmjs.org/has-symbols/-/has-symbols-1.1.0.tgz 0ms (cache hit)
3675 http cache gopd@https://registry.npmjs.org/gopd/-/gopd-1.2.0.tgz 0ms (cache hit)
3676 http cache get-proto@https://registry.npmjs.org/get-proto/-/get-proto-1.0.1.tgz 0ms (cache hit)
3677 http cache function-bind@https://registry.npmjs.org/function-bind/-/function-bind-1.1.2.tgz 0ms (cache hit)
3678 http cache es-object-atoms@https://registry.npmjs.org/es-object-atoms/-/es-object-atoms-1.1.2.tgz 0ms (cache hit)
3679 http cache es-define-property@https://registry.npmjs.org/es-define-property/-/es-define-property-1.0.1.tgz 0ms (cache hit)
3680 http cache call-bind-apply-helpers@https://registry.npmjs.org/call-bind-apply-helpers/-/call-bind-apply-helpers-1.0.2.tgz 0ms (cache hit)
3681 http cache uuid@https://registry.npmjs.org/uuid/-/uuid-9.0.1.tgz 0ms (cache hit)
3682 http cache https-proxy-agent@https://registry.npmjs.org/https-proxy-agent/-/https-proxy-agent-7.0.6.tgz 0ms (cache hit)
3683 http cache ms@https://registry.npmjs.org/ms/-/ms-2.1.3.tgz 0ms (cache hit)
3684 http cache debug@https://registry.npmjs.org/debug/-/debug-4.4.3.tgz 0ms (cache hit)
3685 http cache universalify@https://registry.npmjs.org/universalify/-/universalify-2.0.1.tgz 0ms (cache hit)
3686 http cache jsonfile@https://registry.npmjs.org/jsonfile/-/jsonfile-6.2.1.tgz 0ms (cache hit)
3687 http cache has-tostringtag@https://registry.npmjs.org/has-tostringtag/-/has-tostringtag-1.0.2.tgz 0ms (cache hit)
3688 http cache get-intrinsic@https://registry.npmjs.org/get-intrinsic/-/get-intrinsic-1.3.0.tgz 0ms (cache hit)
3689 http cache es-errors@https://registry.npmjs.org/es-errors/-/es-errors-1.3.0.tgz 0ms (cache hit)
3690 http cache delayed-stream@https://registry.npmjs.org/delayed-stream/-/delayed-stream-1.0.0.tgz 0ms (cache hit)
3691 http cache hasown@https://registry.npmjs.org/hasown/-/hasown-2.0.4.tgz 0ms (cache hit)
3692 http cache es-set-tostringtag@https://registry.npmjs.org/es-set-tostringtag/-/es-set-tostringtag-2.1.0.tgz 0ms (cache hit)
3693 http cache combined-stream@https://registry.npmjs.org/combined-stream/-/combined-stream-1.0.8.tgz 0ms (cache hit)
3694 http cache asynckit@https://registry.npmjs.org/asynckit/-/asynckit-0.4.0.tgz 0ms (cache hit)
3695 http cache to-regex-range@https://registry.npmjs.org/to-regex-range/-/to-regex-range-5.0.1.tgz 0ms (cache hit)
3696 http cache ip-address@https://registry.npmjs.org/ip-address/-/ip-address-10.7.0.tgz 0ms (cache hit)
3697 http cache negotiator@https://registry.npmjs.org/negotiator/-/negotiator-0.6.3.tgz 0ms (cache hit)
3698 http cache mime-types@https://registry.npmjs.org/mime-types/-/mime-types-2.1.35.tgz 0ms (cache hit)
3699 http cache utils-merge@https://registry.npmjs.org/utils-merge/-/utils-merge-1.0.1.tgz 0ms (cache hit)
3700 http cache statuses@https://registry.npmjs.org/statuses/-/statuses-2.0.2.tgz 0ms (cache hit)
3701 http cache setprototypeof@https://registry.npmjs.org/setprototypeof/-/setprototypeof-1.2.0.tgz 0ms (cache hit)
3702 http cache serve-static@https://registry.npmjs.org/serve-static/-/serve-static-1.16.3.tgz 0ms (cache hit)
3703 http cache send@https://registry.npmjs.org/send/-/send-0.19.2.tgz 0ms (cache hit)
3704 http cache ms@https://registry.npmjs.org/ms/-/ms-2.1.3.tgz 0ms (cache hit)
3705 http cache mime@https://registry.npmjs.org/mime/-/mime-1.6.0.tgz 0ms (cache hit)
3706 http cache safe-buffer@https://registry.npmjs.org/safe-buffer/-/safe-buffer-5.2.1.tgz 0ms (cache hit)
3707 http cache range-parser@https://registry.npmjs.org/range-parser/-/range-parser-1.2.1.tgz 0ms (cache hit)
3708 http cache proxy-addr@https://registry.npmjs.org/proxy-addr/-/proxy-addr-2.0.7.tgz 0ms (cache hit)
3709 http cache path-to-regexp@https://registry.npmjs.org/path-to-regexp/-/path-to-regexp-0.1.13.tgz 0ms (cache hit)
3710 http cache parseurl@https://registry.npmjs.org/parseurl/-/parseurl-1.3.3.tgz 0ms (cache hit)
3711 http cache methods@https://registry.npmjs.org/methods/-/methods-1.1.2.tgz 0ms (cache hit)
3712 http cache merge-descriptors@https://registry.npmjs.org/merge-descriptors/-/merge-descriptors-1.0.3.tgz 0ms (cache hit)
3713 http cache fresh@https://registry.npmjs.org/fresh/-/fresh-0.5.2.tgz 0ms (cache hit)
3714 http cache finalhandler@https://registry.npmjs.org/finalhandler/-/finalhandler-1.3.2.tgz 0ms (cache hit)
3715 http cache etag@https://registry.npmjs.org/etag/-/etag-1.8.1.tgz 0ms (cache hit)
3716 http cache escape-html@https://registry.npmjs.org/escape-html/-/escape-html-1.0.3.tgz 0ms (cache hit)
3717 http cache encodeurl@https://registry.npmjs.org/encodeurl/-/encodeurl-2.0.0.tgz 0ms (cache hit)
3718 http cache cookie-signature@https://registry.npmjs.org/cookie-signature/-/cookie-signature-1.0.7.tgz 0ms (cache hit)
3719 http cache cookie@https://registry.npmjs.org/cookie/-/cookie-0.7.2.tgz 0ms (cache hit)
3720 http cache content-disposition@https://registry.npmjs.org/content-disposition/-/content-disposition-0.5.4.tgz 0ms (cache hit)
3721 http cache array-flatten@https://registry.npmjs.org/array-flatten/-/array-flatten-1.1.1.tgz 0ms (cache hit)
3722 http cache accepts@https://registry.npmjs.org/accepts/-/accepts-1.3.8.tgz 0ms (cache hit)
3723 http cache call-me-maybe@https://registry.npmjs.org/call-me-maybe/-/call-me-maybe-1.0.2.tgz 0ms (cache hit)
3724 http cache @types/json-schema@https://registry.npmjs.org/@types/json-schema/-/json-schema-7.0.15.tgz 0ms (cache hit)
3725 http cache @jsdevtools/ono@https://registry.npmjs.org/@jsdevtools/ono/-/ono-7.1.3.tgz 0ms (cache hit)
3726 http cache promise-breaker@https://registry.npmjs.org/promise-breaker/-/promise-breaker-6.0.0.tgz 0ms (cache hit)
3727 http cache openapi3-ts@https://registry.npmjs.org/openapi3-ts/-/openapi3-ts-3.2.0.tgz 0ms (cache hit)
3728 http cache json-ptr@https://registry.npmjs.org/json-ptr/-/json-ptr-3.1.1.tgz 0ms (cache hit)
3729 http cache events-listener@https://registry.npmjs.org/events-listener/-/events-listener-1.1.0.tgz 0ms (cache hit)
3730 http cache deep-freeze@https://registry.npmjs.org/deep-freeze/-/deep-freeze-0.0.1.tgz 0ms (cache hit)
3731 http cache @apidevtools/json-schema-ref-parser@https://registry.npmjs.org/@apidevtools/json-schema-ref-parser/-/json-schema-ref-parser-9.1.2.tgz 1ms (cache hit)
3732 http cache is-obj@https://registry.npmjs.org/is-obj/-/is-obj-2.0.0.tgz 0ms (cache hit)
3733 http cache ms@https://registry.npmjs.org/ms/-/ms-2.0.0.tgz 0ms (cache hit)
3734 http cache which@https://registry.npmjs.org/which/-/which-2.0.2.tgz 0ms (cache hit)
3735 http cache shebang-command@https://registry.npmjs.org/shebang-command/-/shebang-command-2.0.0.tgz 0ms (cache hit)
3736 http cache path-key@https://registry.npmjs.org/path-key/-/path-key-3.1.1.tgz 0ms (cache hit)
3737 http cache vary@https://registry.npmjs.org/vary/-/vary-1.1.2.tgz 1ms (cache hit)
3738 http cache object-assign@https://registry.npmjs.org/object-assign/-/object-assign-4.1.1.tgz 0ms (cache hit)
3739 http cache xdg-basedir@https://registry.npmjs.org/xdg-basedir/-/xdg-basedir-4.0.0.tgz 0ms (cache hit)
3740 http cache write-file-atomic@https://registry.npmjs.org/write-file-atomic/-/write-file-atomic-3.0.3.tgz 0ms (cache hit)
3741 http cache signal-exit@https://registry.npmjs.org/signal-exit/-/signal-exit-3.0.7.tgz 0ms (cache hit)
3742 http cache unique-string@https://registry.npmjs.org/unique-string/-/unique-string-2.0.0.tgz 0ms (cache hit)
3743 http cache make-dir@https://registry.npmjs.org/make-dir/-/make-dir-3.1.0.tgz 0ms (cache hit)
3744 http cache semver@https://registry.npmjs.org/semver/-/semver-6.3.1.tgz 0ms (cache hit)
3745 http cache dot-prop@https://registry.npmjs.org/dot-prop/-/dot-prop-5.3.0.tgz 0ms (cache hit)
3746 http cache string-width@https://registry.npmjs.org/string-width/-/string-width-4.2.3.tgz 0ms (cache hit)
3747 http cache ansi-regex@https://registry.npmjs.org/ansi-regex/-/ansi-regex-5.0.1.tgz 0ms (cache hit)
3748 http cache strip-ansi@https://registry.npmjs.org/strip-ansi/-/strip-ansi-6.0.1.tgz 0ms (cache hit)
3749 http cache @colors/colors@https://registry.npmjs.org/@colors/colors/-/colors-1.5.0.tgz 0ms (cache hit)
3750 http cache json-parse-helpfulerror@https://registry.npmjs.org/json-parse-helpfulerror/-/json-parse-helpfulerror-1.0.3.tgz 0ms (cache hit)
3751 http cache fill-range@https://registry.npmjs.org/fill-range/-/fill-range-7.1.1.tgz 0ms (cache hit)
3752 http cache picomatch@https://registry.npmjs.org/picomatch/-/picomatch-2.3.2.tgz 0ms (cache hit)
3753 http cache readdirp@https://registry.npmjs.org/readdirp/-/readdirp-3.6.0.tgz 0ms (cache hit)
3754 http cache is-glob@https://registry.npmjs.org/is-glob/-/is-glob-4.0.3.tgz 0ms (cache hit)
3755 http cache is-binary-path@https://registry.npmjs.org/is-binary-path/-/is-binary-path-2.1.0.tgz 0ms (cache hit)
3756 http cache glob-parent@https://registry.npmjs.org/glob-parent/-/glob-parent-5.1.2.tgz 0ms (cache hit)
3757 http cache braces@https://registry.npmjs.org/braces/-/braces-3.0.3.tgz 0ms (cache hit)
3758 http cache anymatch@https://registry.npmjs.org/anymatch/-/anymatch-3.1.3.tgz 0ms (cache hit)
3759 http cache unpipe@https://registry.npmjs.org/unpipe/-/unpipe-1.0.0.tgz 0ms (cache hit)
3760 http cache type-is@https://registry.npmjs.org/type-is/-/type-is-1.6.18.tgz 0ms (cache hit)
3761 http cache qs@https://registry.npmjs.org/qs/-/qs-6.15.3.tgz 0ms (cache hit)
3762 http cache on-finished@https://registry.npmjs.org/on-finished/-/on-finished-2.4.1.tgz 0ms (cache hit)
3763 http cache destroy@https://registry.npmjs.org/destroy/-/destroy-1.2.0.tgz 0ms (cache hit)
3764 http cache http-errors@https://registry.npmjs.org/http-errors/-/http-errors-2.0.1.tgz 0ms (cache hit)
3765 http cache depd@https://registry.npmjs.org/depd/-/depd-2.0.0.tgz 0ms (cache hit)
3766 http cache debug@https://registry.npmjs.org/debug/-/debug-2.6.9.tgz 0ms (cache hit)
3767 http cache bytes@https://registry.npmjs.org/bytes/-/bytes-3.1.2.tgz 0ms (cache hit)
3768 http cache normalize-path@https://registry.npmjs.org/normalize-path/-/normalize-path-3.0.0.tgz 0ms (cache hit)
3769 http cache lazystream@https://registry.npmjs.org/lazystream/-/lazystream-1.0.1.tgz 0ms (cache hit)
3770 http cache string_decoder@https://registry.npmjs.org/string_decoder/-/string_decoder-1.1.1.tgz 0ms (cache hit)
3771 http cache safe-buffer@https://registry.npmjs.org/safe-buffer/-/safe-buffer-5.1.2.tgz 0ms (cache hit)
3772 http cache readable-stream@https://registry.npmjs.org/readable-stream/-/readable-stream-2.3.8.tgz 0ms (cache hit)
3773 http cache is-stream@https://registry.npmjs.org/is-stream/-/is-stream-2.0.1.tgz 0ms (cache hit)
3774 http cache graceful-fs@https://registry.npmjs.org/graceful-fs/-/graceful-fs-4.2.11.tgz 0ms (cache hit)
3775 http cache zip-stream@https://registry.npmjs.org/zip-stream/-/zip-stream-6.0.1.tgz 0ms (cache hit)
3776 http cache tar-stream@https://registry.npmjs.org/tar-stream/-/tar-stream-3.2.1.tgz 0ms (cache hit)
3777 http cache readdir-glob@https://registry.npmjs.org/readdir-glob/-/readdir-glob-1.1.3.tgz 0ms (cache hit)
3778 http cache brace-expansion@https://registry.npmjs.org/brace-expansion/-/brace-expansion-2.1.4.tgz 0ms (cache hit)
3779 http cache minimatch@https://registry.npmjs.org/minimatch/-/minimatch-5.1.9.tgz 0ms (cache hit)
3780 http cache readable-stream@https://registry.npmjs.org/readable-stream/-/readable-stream-4.7.0.tgz 0ms (cache hit)
3781 http cache buffer@https://registry.npmjs.org/buffer/-/buffer-6.0.3.tgz 0ms (cache hit)
3782 http cache buffer-crc32@https://registry.npmjs.org/buffer-crc32/-/buffer-crc32-1.0.0.tgz 0ms (cache hit)
3783 http cache async@https://registry.npmjs.org/async/-/async-3.2.6.tgz 0ms (cache hit)
3784 http cache archiver-utils@https://registry.npmjs.org/archiver-utils/-/archiver-utils-5.0.2.tgz 0ms (cache hit)
3785 http cache require-from-string@https://registry.npmjs.org/require-from-string/-/require-from-string-2.0.2.tgz 0ms (cache hit)
3786 http cache json-schema-traverse@https://registry.npmjs.org/json-schema-traverse/-/json-schema-traverse-1.0.0.tgz 0ms (cache hit)
3787 http cache fast-uri@https://registry.npmjs.org/fast-uri/-/fast-uri-3.1.7.tgz 0ms (cache hit)
3788 http cache fast-deep-equal@https://registry.npmjs.org/fast-deep-equal/-/fast-deep-equal-3.1.3.tgz 0ms (cache hit)
3789 http cache event-target-shim@https://registry.npmjs.org/event-target-shim/-/event-target-shim-5.0.1.tgz 0ms (cache hit)
3790 http cache zod-to-json-schema@https://registry.npmjs.org/zod-to-json-schema/-/zod-to-json-schema-3.25.2.tgz 0ms (cache hit)
3791 http cache raw-body@https://registry.npmjs.org/raw-body/-/raw-body-3.0.2.tgz 0ms (cache hit)
3792 http cache pkce-challenge@https://registry.npmjs.org/pkce-challenge/-/pkce-challenge-5.0.1.tgz 0ms (cache hit)
3793 http cache json-schema-typed@https://registry.npmjs.org/json-schema-typed/-/json-schema-typed-8.0.2.tgz 0ms (cache hit)
3794 http cache jose@https://registry.npmjs.org/jose/-/jose-6.2.10.tgz 0ms (cache hit)
3795 http cache express-rate-limit@https://registry.npmjs.org/express-rate-limit/-/express-rate-limit-8.7.0.tgz 0ms (cache hit)
3796 http cache ms@https://registry.npmjs.org/ms/-/ms-2.1.3.tgz 0ms (cache hit)
3797 http cache debug@https://registry.npmjs.org/debug/-/debug-4.4.3.tgz 0ms (cache hit)
3798 http cache eventsource-parser@https://registry.npmjs.org/eventsource-parser/-/eventsource-parser-3.1.1.tgz 0ms (cache hit)
3799 http cache eventsource@https://registry.npmjs.org/eventsource/-/eventsource-3.0.7.tgz 0ms (cache hit)
3800 http cache content-type@https://registry.npmjs.org/content-type/-/content-type-1.0.5.tgz 0ms (cache hit)
3801 http cache hono@https://registry.npmjs.org/hono/-/hono-4.13.5.tgz 0ms (cache hit)
3802 http cache @hono/node-server@https://registry.npmjs.org/@hono/node-server/-/node-server-2.1.1.tgz 0ms (cache hit)
3803 http cache iconv-lite@https://registry.npmjs.org/iconv-lite/-/iconv-lite-0.7.3.tgz 0ms (cache hit)
3804 http cache chardet@https://registry.npmjs.org/chardet/-/chardet-2.2.0.tgz 0ms (cache hit)
3805 http cache @inquirer/external-editor@https://registry.npmjs.org/@inquirer/external-editor/-/external-editor-1.0.3.tgz 0ms (cache hit)
3806 http cache wrap-ansi@https://registry.npmjs.org/wrap-ansi/-/wrap-ansi-6.2.0.tgz 0ms (cache hit)
3807 http cache ansi-regex@https://registry.npmjs.org/ansi-regex/-/ansi-regex-5.0.1.tgz 0ms (cache hit)
3808 http cache strip-ansi@https://registry.npmjs.org/strip-ansi/-/strip-ansi-6.0.1.tgz 0ms (cache hit)
3809 http cache signal-exit@https://registry.npmjs.org/signal-exit/-/signal-exit-4.1.0.tgz 0ms (cache hit)
3810 http cache mute-stream@https://registry.npmjs.org/mute-stream/-/mute-stream-2.0.0.tgz 0ms (cache hit)
3811 http cache cli-width@https://registry.npmjs.org/cli-width/-/cli-width-4.1.0.tgz 0ms (cache hit)
3812 http cache yoctocolors-cjs@https://registry.npmjs.org/yoctocolors-cjs/-/yoctocolors-cjs-2.1.3.tgz 0ms (cache hit)
3813 http cache @inquirer/type@https://registry.npmjs.org/@inquirer/type/-/type-3.0.10.tgz 0ms (cache hit)
3814 http cache @inquirer/figures@https://registry.npmjs.org/@inquirer/figures/-/figures-1.0.15.tgz 0ms (cache hit)
3815 http cache @inquirer/core@https://registry.npmjs.org/@inquirer/core/-/core-10.3.2.tgz 0ms (cache hit)
3816 http cache @inquirer/ansi@https://registry.npmjs.org/@inquirer/ansi/-/ansi-1.0.2.tgz 0ms (cache hit)
3817 http cache @inquirer/select@https://registry.npmjs.org/@inquirer/select/-/select-4.4.2.tgz 0ms (cache hit)
3818 http cache @inquirer/search@https://registry.npmjs.org/@inquirer/search/-/search-3.2.2.tgz 0ms (cache hit)
3819 http cache @inquirer/rawlist@https://registry.npmjs.org/@inquirer/rawlist/-/rawlist-4.1.11.tgz 0ms (cache hit)
3820 http cache @inquirer/password@https://registry.npmjs.org/@inquirer/password/-/password-4.0.23.tgz 0ms (cache hit)
3821 http cache @inquirer/number@https://registry.npmjs.org/@inquirer/number/-/number-3.0.23.tgz 0ms (cache hit)
3822 http cache @inquirer/input@https://registry.npmjs.org/@inquirer/input/-/input-4.3.1.tgz 0ms (cache hit)
3823 http cache @inquirer/expand@https://registry.npmjs.org/@inquirer/expand/-/expand-4.0.23.tgz 0ms (cache hit)
3824 http cache @inquirer/editor@https://registry.npmjs.org/@inquirer/editor/-/editor-4.2.23.tgz 0ms (cache hit)
3825 http cache @inquirer/confirm@https://registry.npmjs.org/@inquirer/confirm/-/confirm-5.1.21.tgz 0ms (cache hit)
3826 http cache @inquirer/checkbox@https://registry.npmjs.org/@inquirer/checkbox/-/checkbox-4.3.2.tgz 1ms (cache hit)
3827 http cache yargs@https://registry.npmjs.org/yargs/-/yargs-17.7.3.tgz 0ms (cache hit)
3828 http cache protobufjs@https://registry.npmjs.org/protobufjs/-/protobufjs-7.6.6.tgz 0ms (cache hit)
3829 http cache lodash.camelcase@https://registry.npmjs.org/lodash.camelcase/-/lodash.camelcase-4.3.0.tgz 0ms (cache hit)
3830 http cache @js-sdsl/ordered-map@https://registry.npmjs.org/@js-sdsl/ordered-map/-/ordered-map-4.4.2.tgz 0ms (cache hit)
3831 http cache @grpc/proto-loader@https://registry.npmjs.org/@grpc/proto-loader/-/proto-loader-0.8.1.tgz 0ms (cache hit)
3832 http cache googleapis-common@https://registry.npmjs.org/googleapis-common/-/googleapis-common-8.0.3.tgz 0ms (cache hit)
3833 http cache data-uri-to-buffer@https://registry.npmjs.org/data-uri-to-buffer/-/data-uri-to-buffer-4.0.1.tgz 0ms (cache hit)
3834 http cache gtoken@https://registry.npmjs.org/gtoken/-/gtoken-8.0.0.tgz 0ms (cache hit)
3835 http cache gcp-metadata@https://registry.npmjs.org/gcp-metadata/-/gcp-metadata-8.1.4.tgz 0ms (cache hit)
3836 http cache node-fetch@https://registry.npmjs.org/node-fetch/-/node-fetch-3.3.2.tgz 0ms (cache hit)
3837 http cache google-logging-utils@https://registry.npmjs.org/google-logging-utils/-/google-logging-utils-1.1.3.tgz 0ms (cache hit)
3838 http cache google-auth-library@https://registry.npmjs.org/google-auth-library/-/google-auth-library-10.5.0.tgz 0ms (cache hit)
3839 http cache gaxios@https://registry.npmjs.org/gaxios/-/gaxios-7.1.3.tgz 0ms (cache hit)
3840 http cache long@https://registry.npmjs.org/long/-/long-5.3.2.tgz 0ms (cache hit)
3841 http cache lodash.snakecase@https://registry.npmjs.org/lodash.snakecase/-/lodash.snakecase-4.1.1.tgz 0ms (cache hit)
3842 http cache is-stream-ended@https://registry.npmjs.org/is-stream-ended/-/is-stream-ended-0.1.4.tgz 0ms (cache hit)
3843 http cache p-defer@https://registry.npmjs.org/p-defer/-/p-defer-3.0.0.tgz 0ms (cache hit)
3844 http cache heap-js@https://registry.npmjs.org/heap-js/-/heap-js-2.7.1.tgz 0ms (cache hit)
3845 http cache google-gax@https://registry.npmjs.org/google-gax/-/google-gax-5.0.8.tgz 0ms (cache hit)
3846 http cache data-uri-to-buffer@https://registry.npmjs.org/data-uri-to-buffer/-/data-uri-to-buffer-4.0.1.tgz 0ms (cache hit)
3847 http cache gtoken@https://registry.npmjs.org/gtoken/-/gtoken-8.0.0.tgz 0ms (cache hit)
3848 http cache gcp-metadata@https://registry.npmjs.org/gcp-metadata/-/gcp-metadata-8.1.4.tgz 0ms (cache hit)
3849 http cache gaxios@https://registry.npmjs.org/gaxios/-/gaxios-7.1.3.tgz 0ms (cache hit)
3850 http cache gaxios@https://registry.npmjs.org/gaxios/-/gaxios-7.3.1.tgz 1ms (cache hit)
3851 http cache node-fetch@https://registry.npmjs.org/node-fetch/-/node-fetch-3.3.2.tgz 0ms (cache hit)
3852 http cache google-logging-utils@https://registry.npmjs.org/google-logging-utils/-/google-logging-utils-1.1.3.tgz 0ms (cache hit)
3853 http cache google-auth-library@https://registry.npmjs.org/google-auth-library/-/google-auth-library-10.5.0.tgz 0ms (cache hit)
3854 http cache extend@https://registry.npmjs.org/extend/-/extend-3.0.2.tgz 0ms (cache hit)
3855 http cache arrify@https://registry.npmjs.org/arrify/-/arrify-2.0.1.tgz 0ms (cache hit)
3856 http cache @opentelemetry/semantic-conventions@https://registry.npmjs.org/@opentelemetry/semantic-conventions/-/semantic-conventions-1.39.0.tgz 0ms (cache hit)
3857 http cache @opentelemetry/core@https://registry.npmjs.org/@opentelemetry/core/-/core-1.30.1.tgz 0ms (cache hit)
3858 http cache @opentelemetry/semantic-conventions@https://registry.npmjs.org/@opentelemetry/semantic-conventions/-/semantic-conventions-1.28.0.tgz 0ms (cache hit)
3859 http cache @opentelemetry/api@https://registry.npmjs.org/@opentelemetry/api/-/api-1.9.1.tgz 0ms (cache hit)
3860 http cache @google-cloud/promisify@https://registry.npmjs.org/@google-cloud/promisify/-/promisify-5.1.0.tgz 0ms (cache hit)
3861 http cache @google-cloud/projectify@https://registry.npmjs.org/@google-cloud/projectify/-/projectify-5.2.0.tgz 0ms (cache hit)
3862 http cache @google-cloud/precise-date@https://registry.npmjs.org/@google-cloud/precise-date/-/precise-date-5.2.0.tgz 0ms (cache hit)
3863 http cache @google-cloud/paginator@https://registry.npmjs.org/@google-cloud/paginator/-/paginator-6.1.0.tgz 0ms (cache hit)
3864 http cache p-throttle@https://registry.npmjs.org/p-throttle/-/p-throttle-8.1.0.tgz 0ms (cache hit)
3865 http cache @grpc/grpc-js@https://registry.npmjs.org/@grpc/grpc-js/-/grpc-js-1.14.4.tgz 0ms (cache hit)
3866 http cache @googleapis/sqladmin@https://registry.npmjs.org/@googleapis/sqladmin/-/sqladmin-38.0.0.tgz 0ms (cache hit)
3867 http cache @google-cloud/sql@https://registry.npmjs.org/@google-cloud/sql/-/sql-0.25.0.tgz 0ms (cache hit)
3868 http cache zod@https://registry.npmjs.org/zod/-/zod-4.5.4.tgz 0ms (cache hit)
3869 http cache yaml@https://registry.npmjs.org/yaml/-/yaml-2.9.0.tgz 0ms (cache hit)
3870 http cache ws@https://registry.npmjs.org/ws/-/ws-8.21.3.tgz 0ms (cache hit)
3871 http cache winston-transport@https://registry.npmjs.org/winston-transport/-/winston-transport-4.9.0.tgz 0ms (cache hit)
3872 http cache readable-stream@https://registry.npmjs.org/readable-stream/-/readable-stream-3.6.2.tgz 0ms (cache hit)
3873 http cache winston@https://registry.npmjs.org/winston/-/winston-3.19.0.tgz 0ms (cache hit)
3874 http cache readable-stream@https://registry.npmjs.org/readable-stream/-/readable-stream-3.6.2.tgz 0ms (cache hit)
3875 http cache @colors/colors@https://registry.npmjs.org/@colors/colors/-/colors-1.6.0.tgz 0ms (cache hit)
3876 http cache update-notifier-cjs@https://registry.npmjs.org/update-notifier-cjs/-/update-notifier-cjs-5.1.7.tgz 0ms (cache hit)
3877 http cache chalk@https://registry.npmjs.org/chalk/-/chalk-4.1.2.tgz 0ms (cache hit)
3878 http cache universal-analytics@https://registry.npmjs.org/universal-analytics/-/universal-analytics-0.5.4.tgz 1ms (cache hit)
3879 http cache ms@https://registry.npmjs.org/ms/-/ms-2.1.3.tgz 0ms (cache hit)
3880 http cache uuid@https://registry.npmjs.org/uuid/-/uuid-14.0.2.tgz 0ms (cache hit)
3881 http cache debug@https://registry.npmjs.org/debug/-/debug-4.4.3.tgz 0ms (cache hit)
3882 http cache undici@https://registry.npmjs.org/undici/-/undici-6.28.0.tgz 0ms (cache hit)
3883 http cache triple-beam@https://registry.npmjs.org/triple-beam/-/triple-beam-1.4.1.tgz 0ms (cache hit)
3884 http cache tmp@https://registry.npmjs.org/tmp/-/tmp-0.2.7.tgz 0ms (cache hit)
3885 http cache tcp-port-used@https://registry.npmjs.org/tcp-port-used/-/tcp-port-used-1.0.3.tgz 0ms (cache hit)
3886 http cache ms@https://registry.npmjs.org/ms/-/ms-2.1.2.tgz 0ms (cache hit)
3887 http cache debug@https://registry.npmjs.org/debug/-/debug-4.3.1.tgz 0ms (cache hit)
3888 http cache tar@https://registry.npmjs.org/tar/-/tar-7.5.22.tgz 0ms (cache hit)
3889 http cache superstatic@https://registry.npmjs.org/superstatic/-/superstatic-10.0.0.tgz 0ms (cache hit)
3890 http cache brace-expansion@https://registry.npmjs.org/brace-expansion/-/brace-expansion-2.1.4.tgz 0ms (cache hit)
3891 http cache path-to-regexp@https://registry.npmjs.org/path-to-regexp/-/path-to-regexp-1.9.0.tgz 0ms (cache hit)
3892 http cache minimatch@https://registry.npmjs.org/minimatch/-/minimatch-6.2.3.tgz 0ms (cache hit)
3893 http cache commander@https://registry.npmjs.org/commander/-/commander-10.0.1.tgz 0ms (cache hit)
3894 http cache stream-json@https://registry.npmjs.org/stream-json/-/stream-json-1.9.1.tgz 0ms (cache hit)
3895 http cache stream-chain@https://registry.npmjs.org/stream-chain/-/stream-chain-2.2.5.tgz 0ms (cache hit)
3896 http cache sql-formatter@https://registry.npmjs.org/sql-formatter/-/sql-formatter-15.8.2.tgz 0ms (cache hit)
3897 http cache semver@https://registry.npmjs.org/semver/-/semver-7.8.5.tgz 0ms (cache hit)
3898 http cache retry@https://registry.npmjs.org/retry/-/retry-0.13.1.tgz 0ms (cache hit)
3899 http cache proxy-agent@https://registry.npmjs.org/proxy-agent/-/proxy-agent-6.5.0.tgz 0ms (cache hit)
3900 http cache ms@https://registry.npmjs.org/ms/-/ms-2.1.3.tgz 0ms (cache hit)
3901 http cache lru-cache@https://registry.npmjs.org/lru-cache/-/lru-cache-7.18.3.tgz 0ms (cache hit)
3902 http cache debug@https://registry.npmjs.org/debug/-/debug-4.4.3.tgz 0ms (cache hit)
3903 http cache progress@https://registry.npmjs.org/progress/-/progress-2.0.3.tgz 0ms (cache hit)
3904 http cache portfinder@https://registry.npmjs.org/portfinder/-/portfinder-1.0.38.tgz 0ms (cache hit)
3905 http cache ms@https://registry.npmjs.org/ms/-/ms-2.1.3.tgz 0ms (cache hit)
3906 http cache debug@https://registry.npmjs.org/debug/-/debug-4.4.3.tgz 0ms (cache hit)
3907 http cache pglite-2@https://registry.npmjs.org/@electric-sql/pglite/-/pglite-0.2.17.tgz 0ms (cache hit)
3908 http cache pg-gateway@https://registry.npmjs.org/pg-gateway/-/pg-gateway-0.3.0-beta.4.tgz 0ms (cache hit)
3909 http cache pg@https://registry.npmjs.org/pg/-/pg-8.23.0.tgz 0ms (cache hit)
3910 http cache ora@https://registry.npmjs.org/ora/-/ora-5.4.1.tgz 0ms (cache hit)
3911 http cache ansi-regex@https://registry.npmjs.org/ansi-regex/-/ansi-regex-5.0.1.tgz 0ms (cache hit)
3912 http cache strip-ansi@https://registry.npmjs.org/strip-ansi/-/strip-ansi-6.0.1.tgz 0ms (cache hit)
3913 http cache chalk@https://registry.npmjs.org/chalk/-/chalk-4.1.2.tgz 0ms (cache hit)
3914 http cache open@https://registry.npmjs.org/open/-/open-6.4.0.tgz 0ms (cache hit)
3915 http cache node-fetch@https://registry.npmjs.org/node-fetch/-/node-fetch-2.7.0.tgz 0ms (cache hit)
3916 http cache morgan@https://registry.npmjs.org/morgan/-/morgan-1.12.0.tgz 0ms (cache hit)
3917 http cache minimatch@https://registry.npmjs.org/minimatch/-/minimatch-3.1.5.tgz 0ms (cache hit)
3918 http cache mime@https://registry.npmjs.org/mime/-/mime-2.6.0.tgz 0ms (cache hit)
3919 http cache marked-terminal@https://registry.npmjs.org/marked-terminal/-/marked-terminal-7.3.0.tgz 0ms (cache hit)
3920 http cache marked@https://registry.npmjs.org/marked/-/marked-13.0.3.tgz 0ms (cache hit)
3921 http cache lsofi@https://registry.npmjs.org/lsofi/-/lsofi-2.0.0.tgz 0ms (cache hit)
3922 http cache lodash@https://registry.npmjs.org/lodash/-/lodash-4.18.1.tgz 0ms (cache hit)
3923 http cache libsodium-wrappers@https://registry.npmjs.org/libsodium-wrappers/-/libsodium-wrappers-0.7.16.tgz 0ms (cache hit)
3924 http cache jsonwebtoken@https://registry.npmjs.org/jsonwebtoken/-/jsonwebtoken-9.0.3.tgz 0ms (cache hit)
3925 http cache ms@https://registry.npmjs.org/ms/-/ms-2.1.3.tgz 0ms (cache hit)
3926 http cache js-yaml@https://registry.npmjs.org/js-yaml/-/js-yaml-4.3.2.tgz 0ms (cache hit)
3927 http cache ignore@https://registry.npmjs.org/ignore/-/ignore-7.0.8.tgz 0ms (cache hit)
3928 http cache google-auth-library@https://registry.npmjs.org/google-auth-library/-/google-auth-library-9.15.1.tgz 0ms (cache hit)
3929 http cache glob@https://registry.npmjs.org/glob/-/glob-10.5.0.tgz 0ms (cache hit)
3930 http cache brace-expansion@https://registry.npmjs.org/brace-expansion/-/brace-expansion-2.1.4.tgz 0ms (cache hit)
3931 http cache minimatch@https://registry.npmjs.org/minimatch/-/minimatch-9.0.9.tgz 0ms (cache hit)
3932 http cache gaxios@https://registry.npmjs.org/gaxios/-/gaxios-6.7.1.tgz 0ms (cache hit)
3933 http cache fuzzy@https://registry.npmjs.org/fuzzy/-/fuzzy-0.1.3.tgz 0ms (cache hit)
3934 http cache fs-extra@https://registry.npmjs.org/fs-extra/-/fs-extra-10.1.0.tgz 0ms (cache hit)
3935 http cache form-data@https://registry.npmjs.org/form-data/-/form-data-4.0.6.tgz 0ms (cache hit)
3936 http cache express@https://registry.npmjs.org/express/-/express-4.22.2.tgz 0ms (cache hit)
3937 http cache exegesis-express@https://registry.npmjs.org/exegesis-express/-/exegesis-express-4.0.0.tgz 0ms (cache hit)
3938 http cache exegesis@https://registry.npmjs.org/exegesis/-/exegesis-4.3.0.tgz 0ms (cache hit)
3939 http cache iconv-lite@https://registry.npmjs.org/iconv-lite/-/iconv-lite-0.4.24.tgz 0ms (cache hit)
3940 http cache raw-body@https://registry.npmjs.org/raw-body/-/raw-body-2.5.3.tgz 0ms (cache hit)
3941 http cache ajv-formats@https://registry.npmjs.org/ajv-formats/-/ajv-formats-2.1.1.tgz 0ms (cache hit)
3942 http cache csv-parse@https://registry.npmjs.org/csv-parse/-/csv-parse-5.6.0.tgz 0ms (cache hit)
3943 http cache cross-spawn@https://registry.npmjs.org/cross-spawn/-/cross-spawn-7.0.6.tgz 0ms (cache hit)
3944 http cache cross-env@https://registry.npmjs.org/cross-env/-/cross-env-7.0.3.tgz 0ms (cache hit)
3945 http cache cors@https://registry.npmjs.org/cors/-/cors-2.8.6.tgz 0ms (cache hit)
3946 http cache configstore@https://registry.npmjs.org/configstore/-/configstore-5.0.1.tgz 0ms (cache hit)
3947 http cache commander@https://registry.npmjs.org/commander/-/commander-5.1.0.tgz 0ms (cache hit)
3948 http cache colorette@https://registry.npmjs.org/colorette/-/colorette-2.0.20.tgz 0ms (cache hit)
3949 http cache cli-table3@https://registry.npmjs.org/cli-table3/-/cli-table3-0.6.5.tgz 0ms (cache hit)
3950 http cache cjson@https://registry.npmjs.org/cjson/-/cjson-0.3.3.tgz 0ms (cache hit)
3951 http cache chokidar@https://registry.npmjs.org/chokidar/-/chokidar-3.6.0.tgz 0ms (cache hit)
3952 http cache body-parser@https://registry.npmjs.org/body-parser/-/body-parser-1.20.6.tgz 0ms (cache hit)
3953 http cache raw-body@https://registry.npmjs.org/raw-body/-/raw-body-2.5.3.tgz 0ms (cache hit)
3954 http cache iconv-lite@https://registry.npmjs.org/iconv-lite/-/iconv-lite-0.4.24.tgz 0ms (cache hit)
3955 http cache async-lock@https://registry.npmjs.org/async-lock/-/async-lock-1.4.1.tgz 0ms (cache hit)
3956 http cache archiver@https://registry.npmjs.org/archiver/-/archiver-7.0.1.tgz 0ms (cache hit)
3957 http cache ajv-formats@https://registry.npmjs.org/ajv-formats/-/ajv-formats-3.0.1.tgz 1ms (cache hit)
3958 http cache ajv@https://registry.npmjs.org/ajv/-/ajv-8.20.0.tgz 0ms (cache hit)
3959 http cache abort-controller@https://registry.npmjs.org/abort-controller/-/abort-controller-3.0.0.tgz 0ms (cache hit)
3960 http cache @modelcontextprotocol/sdk@https://registry.npmjs.org/@modelcontextprotocol/sdk/-/sdk-1.30.0.tgz 0ms (cache hit)
3961 http cache media-typer@https://registry.npmjs.org/media-typer/-/media-typer-1.1.1.tgz 0ms (cache hit)
3962 http cache mime-db@https://registry.npmjs.org/mime-db/-/mime-db-1.54.0.tgz 0ms (cache hit)
3963 http cache ms@https://registry.npmjs.org/ms/-/ms-2.1.3.tgz 0ms (cache hit)
3964 http cache negotiator@https://registry.npmjs.org/negotiator/-/negotiator-1.1.0.tgz 0ms (cache hit)
3965 http cache content-type@https://registry.npmjs.org/content-type/-/content-type-2.1.0.tgz 0ms (cache hit)
3966 http cache type-is@https://registry.npmjs.org/type-is/-/type-is-2.1.0.tgz 0ms (cache hit)
3967 http cache content-type@https://registry.npmjs.org/content-type/-/content-type-2.1.0.tgz 0ms (cache hit)
3968 http cache serve-static@https://registry.npmjs.org/serve-static/-/serve-static-2.2.1.tgz 0ms (cache hit)
3969 http cache send@https://registry.npmjs.org/send/-/send-1.2.1.tgz 0ms (cache hit)
3970 http cache mime-types@https://registry.npmjs.org/mime-types/-/mime-types-3.0.2.tgz 0ms (cache hit)
3971 http cache merge-descriptors@https://registry.npmjs.org/merge-descriptors/-/merge-descriptors-2.0.0.tgz 0ms (cache hit)
3972 http cache fresh@https://registry.npmjs.org/fresh/-/fresh-2.0.0.tgz 0ms (cache hit)
3973 http cache finalhandler@https://registry.npmjs.org/finalhandler/-/finalhandler-2.1.1.tgz 0ms (cache hit)
3974 http cache debug@https://registry.npmjs.org/debug/-/debug-4.4.3.tgz 0ms (cache hit)
3975 http cache cookie-signature@https://registry.npmjs.org/cookie-signature/-/cookie-signature-1.2.2.tgz 0ms (cache hit)
3976 http cache content-disposition@https://registry.npmjs.org/content-disposition/-/content-disposition-1.1.0.tgz 0ms (cache hit)
3977 http cache body-parser@https://registry.npmjs.org/body-parser/-/body-parser-2.3.0.tgz 0ms (cache hit)
3978 http cache content-type@https://registry.npmjs.org/content-type/-/content-type-2.1.0.tgz 0ms (cache hit)
3979 http cache accepts@https://registry.npmjs.org/accepts/-/accepts-2.0.0.tgz 0ms (cache hit)
3980 http cache express@https://registry.npmjs.org/express/-/express-5.2.1.tgz 0ms (cache hit)
3981 http cache @inquirer/prompts@https://registry.npmjs.org/@inquirer/prompts/-/prompts-7.10.1.tgz 0ms (cache hit)
3982 http cache @google-cloud/pubsub@https://registry.npmjs.org/@google-cloud/pubsub/-/pubsub-5.3.1.tgz 0ms (cache hit)
3983 http cache data-uri-to-buffer@https://registry.npmjs.org/data-uri-to-buffer/-/data-uri-to-buffer-4.0.1.tgz 0ms (cache hit)
3984 http cache node-fetch@https://registry.npmjs.org/node-fetch/-/node-fetch-3.3.2.tgz 0ms (cache hit)
3985 http cache google-logging-utils@https://registry.npmjs.org/google-logging-utils/-/google-logging-utils-1.1.3.tgz 0ms (cache hit)
3986 http cache gcp-metadata@https://registry.npmjs.org/gcp-metadata/-/gcp-metadata-8.1.2.tgz 0ms (cache hit)
3987 http cache gaxios@https://registry.npmjs.org/gaxios/-/gaxios-7.3.1.tgz 0ms (cache hit)
3988 http cache google-auth-library@https://registry.npmjs.org/google-auth-library/-/google-auth-library-10.9.1.tgz 0ms (cache hit)
3989 http cache @google-cloud/cloud-sql-connector@https://registry.npmjs.org/@google-cloud/cloud-sql-connector/-/cloud-sql-connector-1.12.0.tgz 0ms (cache hit)
3990 http cache data-uri-to-buffer@https://registry.npmjs.org/data-uri-to-buffer/-/data-uri-to-buffer-4.0.1.tgz 0ms (cache hit)
3991 http cache google-logging-utils@https://registry.npmjs.org/google-logging-utils/-/google-logging-utils-2.0.1.tgz 0ms (cache hit)
3992 http cache gcp-metadata@https://registry.npmjs.org/gcp-metadata/-/gcp-metadata-9.0.3.tgz 0ms (cache hit)
3993 http cache gaxios@https://registry.npmjs.org/gaxios/-/gaxios-7.3.1.tgz 0ms (cache hit)
3994 http cache node-fetch@https://registry.npmjs.org/node-fetch/-/node-fetch-3.3.2.tgz 0ms (cache hit)
3995 http cache google-auth-library@https://registry.npmjs.org/google-auth-library/-/google-auth-library-11.0.2.tgz 0ms (cache hit)
3996 http cache gaxios@https://registry.npmjs.org/gaxios/-/gaxios-7.3.1.tgz 0ms (cache hit)
3997 http cache gaxios@https://registry.npmjs.org/gaxios/-/gaxios-8.0.0.tgz 0ms (cache hit)
3998 http cache @electric-sql/pglite-tools@https://registry.npmjs.org/@electric-sql/pglite-tools/-/pglite-tools-0.2.21.tgz 0ms (cache hit)
3999 http cache @electric-sql/pglite@https://registry.npmjs.org/@electric-sql/pglite/-/pglite-0.3.16.tgz 0ms (cache hit)
4000 http cache @apphosting/common@https://registry.npmjs.org/@apphosting/common/-/common-0.0.8.tgz 0ms (cache hit)
4001 silly tarball no local data for firebase-tools@https://registry.npmjs.org/firebase-tools/-/firebase-tools-15.29.0.tgz. Extracting by manifest.
4002 silly tarball no local data for process-nextick-args@https://registry.npmjs.org/process-nextick-args/-/process-nextick-args-2.0.1.tgz. Extracting by manifest.
4003 silly tarball no local data for isarray@https://registry.npmjs.org/isarray/-/isarray-1.0.0.tgz. Extracting by manifest.
4004 silly tarball no local data for core-util-is@https://registry.npmjs.org/core-util-is/-/core-util-is-1.0.3.tgz. Extracting by manifest.
4005 silly tarball no local data for util-deprecate@https://registry.npmjs.org/util-deprecate/-/util-deprecate-1.0.2.tgz. Extracting by manifest.
4006 http cache isarray@https://registry.npmjs.org/isarray/-/isarray-0.0.1.tgz 0ms (cache hit)
4007 http cache jwa@https://registry.npmjs.org/jwa/-/jwa-2.0.1.tgz 0ms (cache hit)
4008 silly tarball no local data for eastasianwidth@https://registry.npmjs.org/eastasianwidth/-/eastasianwidth-0.2.0.tgz. Extracting by manifest.
4009 silly tarball no local data for web-streams-polyfill@https://registry.npmjs.org/web-streams-polyfill/-/web-streams-polyfill-3.3.3.tgz. Extracting by manifest.
4010 silly tarball no local data for node-domexception@https://registry.npmjs.org/node-domexception/-/node-domexception-1.0.0.tgz. Extracting by manifest.
4011 silly tarball no local data for formdata-polyfill@https://registry.npmjs.org/formdata-polyfill/-/formdata-polyfill-4.0.10.tgz. Extracting by manifest.
4012 silly tarball no local data for fetch-blob@https://registry.npmjs.org/fetch-blob/-/fetch-blob-3.2.0.tgz. Extracting by manifest.
4013 silly tarball no local data for crc32-stream@https://registry.npmjs.org/crc32-stream/-/crc32-stream-6.0.0.tgz. Extracting by manifest.
4014 silly tarball no local data for crc-32@https://registry.npmjs.org/crc-32/-/crc-32-1.2.2.tgz. Extracting by manifest.
4015 silly tarball no local data for compress-commons@https://registry.npmjs.org/compress-commons/-/compress-commons-6.0.2.tgz. Extracting by manifest.
4016 silly tarball no local data for yargs-parser@https://registry.npmjs.org/yargs-parser/-/yargs-parser-21.1.1.tgz. Extracting by manifest.
4017 silly tarball no local data for y18n@https://registry.npmjs.org/y18n/-/y18n-5.0.8.tgz. Extracting by manifest.
4018 silly tarball no local data for require-directory@https://registry.npmjs.org/require-directory/-/require-directory-2.1.1.tgz. Extracting by manifest.
4019 silly tarball no local data for get-caller-file@https://registry.npmjs.org/get-caller-file/-/get-caller-file-2.0.5.tgz. Extracting by manifest.
4020 silly tarball no local data for escalade@https://registry.npmjs.org/escalade/-/escalade-3.2.0.tgz. Extracting by manifest.
4021 silly tarball no local data for cliui@https://registry.npmjs.org/cliui/-/cliui-8.0.1.tgz. Extracting by manifest.
4022 silly tarball no local data for ansi-regex@https://registry.npmjs.org/ansi-regex/-/ansi-regex-5.0.1.tgz. Extracting by manifest.
4023 silly tarball no local data for wrap-ansi@https://registry.npmjs.org/wrap-ansi/-/wrap-ansi-7.0.0.tgz. Extracting by manifest.
4024 silly tarball no local data for strip-ansi@https://registry.npmjs.org/strip-ansi/-/strip-ansi-6.0.1.tgz. Extracting by manifest.
4025 silly tarball no local data for typedarray-to-buffer@https://registry.npmjs.org/typedarray-to-buffer/-/typedarray-to-buffer-3.1.5.tgz. Extracting by manifest.
4026 silly tarball no local data for is-typedarray@https://registry.npmjs.org/is-typedarray/-/is-typedarray-1.0.0.tgz. Extracting by manifest.
4027 silly tarball no local data for imurmurhash@https://registry.npmjs.org/imurmurhash/-/imurmurhash-0.1.4.tgz. Extracting by manifest.
4028 silly tarball no local data for ansi-styles@https://registry.npmjs.org/ansi-styles/-/ansi-styles-4.3.0.tgz. Extracting by manifest.
4029 silly tarball no local data for color-name@https://registry.npmjs.org/color-name/-/color-name-1.1.4.tgz. Extracting by manifest.
4030 silly tarball no local data for color-convert@https://registry.npmjs.org/color-convert/-/color-convert-2.0.1.tgz. Extracting by manifest.
4031 silly tarball no local data for fn.name@https://registry.npmjs.org/fn.name/-/fn.name-1.1.0.tgz. Extracting by manifest.
4032 silly tarball no local data for fecha@https://registry.npmjs.org/fecha/-/fecha-4.2.3.tgz. Extracting by manifest.
4033 silly tarball no local data for @types/triple-beam@https://registry.npmjs.org/@types/triple-beam/-/triple-beam-1.3.5.tgz. Extracting by manifest.
4034 silly tarball no local data for color-name@https://registry.npmjs.org/color-name/-/color-name-2.1.1.tgz. Extracting by manifest.
4035 silly tarball no local data for color-string@https://registry.npmjs.org/color-string/-/color-string-2.1.4.tgz. Extracting by manifest.
4036 silly tarball no local data for color-convert@https://registry.npmjs.org/color-convert/-/color-convert-3.1.3.tgz. Extracting by manifest.
4037 silly tarball no local data for text-hex@https://registry.npmjs.org/text-hex/-/text-hex-1.0.0.tgz. Extracting by manifest.
4038 silly tarball no local data for color@https://registry.npmjs.org/color/-/color-5.0.3.tgz. Extracting by manifest.
4039 silly tarball no local data for kuler@https://registry.npmjs.org/kuler/-/kuler-2.0.0.tgz. Extracting by manifest.
4040 silly tarball no local data for enabled@https://registry.npmjs.org/enabled/-/enabled-2.0.0.tgz. Extracting by manifest.
4041 silly tarball no local data for @so-ric/colorspace@https://registry.npmjs.org/@so-ric/colorspace/-/colorspace-1.1.6.tgz. Extracting by manifest.
4042 silly tarball no local data for stack-trace@https://registry.npmjs.org/stack-trace/-/stack-trace-0.0.10.tgz. Extracting by manifest.
4043 silly tarball no local data for safe-stable-stringify@https://registry.npmjs.org/safe-stable-stringify/-/safe-stable-stringify-2.5.0.tgz. Extracting by manifest.
4044 silly tarball no local data for one-time@https://registry.npmjs.org/one-time/-/one-time-1.0.0.tgz. Extracting by manifest.
4045 silly tarball no local data for logform@https://registry.npmjs.org/logform/-/logform-2.7.0.tgz. Extracting by manifest.
4046 silly tarball no local data for ms@https://registry.npmjs.org/ms/-/ms-2.1.3.tgz. Extracting by manifest.
4047 silly tarball no local data for @colors/colors@https://registry.npmjs.org/@colors/colors/-/colors-1.6.0.tgz. Extracting by manifest.
4048 silly tarball no local data for @dabh/diagnostics@https://registry.npmjs.org/@dabh/diagnostics/-/diagnostics-2.0.8.tgz. Extracting by manifest.
4049 silly tarball no local data for isexe@https://registry.npmjs.org/isexe/-/isexe-2.0.0.tgz. Extracting by manifest.
4050 silly tarball no local data for webidl-conversions@https://registry.npmjs.org/webidl-conversions/-/webidl-conversions-3.0.1.tgz. Extracting by manifest.
4051 silly tarball no local data for tr46@https://registry.npmjs.org/tr46/-/tr46-0.0.3.tgz. Extracting by manifest.
4052 silly tarball no local data for clone@https://registry.npmjs.org/clone/-/clone-1.0.4.tgz. Extracting by manifest.
4053 silly tarball no local data for defaults@https://registry.npmjs.org/defaults/-/defaults-1.0.4.tgz. Extracting by manifest.
4054 silly tarball no local data for strip-json-comments@https://registry.npmjs.org/strip-json-comments/-/strip-json-comments-2.0.1.tgz. Extracting by manifest.
4055 silly tarball no local data for minimist@https://registry.npmjs.org/minimist/-/minimist-1.2.8.tgz. Extracting by manifest.
4056 silly tarball no local data for deep-extend@https://registry.npmjs.org/deep-extend/-/deep-extend-0.6.0.tgz. Extracting by manifest.
4057 silly tarball no local data for rc@https://registry.npmjs.org/rc/-/rc-1.2.8.tgz. Extracting by manifest.
4058 silly tarball no local data for ini@https://registry.npmjs.org/ini/-/ini-1.3.8.tgz. Extracting by manifest.
4059 silly tarball no local data for proto-list@https://registry.npmjs.org/proto-list/-/proto-list-1.2.4.tgz. Extracting by manifest.
4060 silly tarball no local data for config-chain@https://registry.npmjs.org/config-chain/-/config-chain-1.1.13.tgz. Extracting by manifest.
4061 silly tarball no local data for ini@https://registry.npmjs.org/ini/-/ini-1.3.8.tgz. Extracting by manifest.
4062 silly tarball no local data for @pnpm/network.ca-file@https://registry.npmjs.org/@pnpm/network.ca-file/-/network.ca-file-1.0.2.tgz. Extracting by manifest.
4063 silly tarball no local data for graceful-fs@https://registry.npmjs.org/graceful-fs/-/graceful-fs-4.2.10.tgz. Extracting by manifest.
4064 silly tarball no local data for @pnpm/config.env-replace@https://registry.npmjs.org/@pnpm/config.env-replace/-/config.env-replace-1.1.0.tgz. Extracting by manifest.
4065 silly tarball no local data for @pnpm/npm-conf@https://registry.npmjs.org/@pnpm/npm-conf/-/npm-conf-3.0.3.tgz. Extracting by manifest.
4066 silly tarball no local data for escape-goat@https://registry.npmjs.org/escape-goat/-/escape-goat-2.1.1.tgz. Extracting by manifest.
4067 silly tarball no local data for whatwg-fetch@https://registry.npmjs.org/whatwg-fetch/-/whatwg-fetch-3.6.20.tgz. Extracting by manifest.
4068 silly tarball no local data for ini@https://registry.npmjs.org/ini/-/ini-2.0.0.tgz. Extracting by manifest.
4069 silly tarball no local data for is-path-inside@https://registry.npmjs.org/is-path-inside/-/is-path-inside-3.0.3.tgz. Extracting by manifest.
4070 silly tarball no local data for global-dirs@https://registry.npmjs.org/global-dirs/-/global-dirs-3.0.1.tgz. Extracting by manifest.
4071 silly tarball no local data for ci-info@https://registry.npmjs.org/ci-info/-/ci-info-2.0.0.tgz. Extracting by manifest.
4072 silly tarball no local data for widest-line@https://registry.npmjs.org/widest-line/-/widest-line-3.1.0.tgz. Extracting by manifest.
4073 silly tarball no local data for type-fest@https://registry.npmjs.org/type-fest/-/type-fest-0.20.2.tgz. Extracting by manifest.
4074 silly tarball no local data for cli-boxes@https://registry.npmjs.org/cli-boxes/-/cli-boxes-2.2.1.tgz. Extracting by manifest.
4075 silly tarball no local data for camelcase@https://registry.npmjs.org/camelcase/-/camelcase-6.3.0.tgz. Extracting by manifest.
4076 silly tarball no local data for ansi-align@https://registry.npmjs.org/ansi-align/-/ansi-align-3.0.1.tgz. Extracting by manifest.
4077 silly tarball no local data for semver-diff@https://registry.npmjs.org/semver-diff/-/semver-diff-3.1.1.tgz. Extracting by manifest.
4078 silly tarball no local data for semver@https://registry.npmjs.org/semver/-/semver-6.3.1.tgz. Extracting by manifest.
4079 silly tarball no local data for registry-url@https://registry.npmjs.org/registry-url/-/registry-url-5.1.0.tgz. Extracting by manifest.
4080 silly tarball no local data for registry-auth-token@https://registry.npmjs.org/registry-auth-token/-/registry-auth-token-5.1.1.tgz. Extracting by manifest.
4081 silly tarball no local data for pupa@https://registry.npmjs.org/pupa/-/pupa-2.1.1.tgz. Extracting by manifest.
4082 silly tarball no local data for isomorphic-fetch@https://registry.npmjs.org/isomorphic-fetch/-/isomorphic-fetch-3.0.0.tgz. Extracting by manifest.
4083 silly tarball no local data for is-yarn-global@https://registry.npmjs.org/is-yarn-global/-/is-yarn-global-0.3.0.tgz. Extracting by manifest.
4084 silly tarball no local data for is-npm@https://registry.npmjs.org/is-npm/-/is-npm-5.0.0.tgz. Extracting by manifest.
4085 silly tarball no local data for is-installed-globally@https://registry.npmjs.org/is-installed-globally/-/is-installed-globally-0.4.0.tgz. Extracting by manifest.
4086 silly tarball no local data for is-ci@https://registry.npmjs.org/is-ci/-/is-ci-2.0.0.tgz. Extracting by manifest.
4087 silly tarball no local data for import-lazy@https://registry.npmjs.org/import-lazy/-/import-lazy-2.1.0.tgz. Extracting by manifest.
4088 silly tarball no local data for has-yarn@https://registry.npmjs.org/has-yarn/-/has-yarn-2.1.0.tgz. Extracting by manifest.
4089 silly tarball no local data for boxen@https://registry.npmjs.org/boxen/-/boxen-5.1.2.tgz. Extracting by manifest.
4090 silly tarball no local data for ansi-regex@https://registry.npmjs.org/ansi-regex/-/ansi-regex-5.0.1.tgz. Extracting by manifest.
4091 silly tarball no local data for strip-ansi@https://registry.npmjs.org/strip-ansi/-/strip-ansi-6.0.1.tgz. Extracting by manifest.
4092 silly tarball no local data for wrap-ansi@https://registry.npmjs.org/wrap-ansi/-/wrap-ansi-7.0.0.tgz. Extracting by manifest.
4093 silly tarball no local data for chalk@https://registry.npmjs.org/chalk/-/chalk-4.1.2.tgz. Extracting by manifest.
4094 silly tarball no local data for crypto-random-string@https://registry.npmjs.org/crypto-random-string/-/crypto-random-string-2.0.0.tgz. Extracting by manifest.
4095 silly tarball no local data for media-typer@https://registry.npmjs.org/media-typer/-/media-typer-0.3.0.tgz. Extracting by manifest.
4096 silly tarball no local data for is-number@https://registry.npmjs.org/is-number/-/is-number-7.0.0.tgz. Extracting by manifest.
4097 silly tarball no local data for thenify@https://registry.npmjs.org/thenify/-/thenify-3.3.1.tgz. Extracting by manifest.
4098 silly tarball no local data for stubs@https://registry.npmjs.org/stubs/-/stubs-3.0.0.tgz. Extracting by manifest.
4099 silly tarball no local data for stream-events@https://registry.npmjs.org/stream-events/-/stream-events-1.0.5.tgz. Extracting by manifest.
4100 silly tarball no local data for ip-regex@https://registry.npmjs.org/ip-regex/-/ip-regex-2.1.0.tgz. Extracting by manifest.
4101 silly tarball no local data for deep-is@https://registry.npmjs.org/deep-is/-/deep-is-0.1.4.tgz. Extracting by manifest.
4102 silly tarball no local data for is2@https://registry.npmjs.org/is2/-/is2-2.0.1.tgz. Extracting by manifest.
4103 silly tarball no local data for text-decoder@https://registry.npmjs.org/text-decoder/-/text-decoder-1.2.7.tgz. Extracting by manifest.
4104 silly tarball no local data for events-universal@https://registry.npmjs.org/events-universal/-/events-universal-1.0.1.tgz. Extracting by manifest.
4105 silly tarball no local data for teex@https://registry.npmjs.org/teex/-/teex-1.0.1.tgz. Extracting by manifest.
4106 silly tarball no local data for bare-url@https://registry.npmjs.org/bare-url/-/bare-url-2.5.4.tgz. Extracting by manifest.
4107 silly tarball no local data for bare-stream@https://registry.npmjs.org/bare-stream/-/bare-stream-2.13.4.tgz. Extracting by manifest.
4108 silly tarball no local data for bare-path@https://registry.npmjs.org/bare-path/-/bare-path-3.1.2.tgz. Extracting by manifest.
4109 silly tarball no local data for bare-events@https://registry.npmjs.org/bare-events/-/bare-events-2.9.2.tgz. Extracting by manifest.
4110 silly tarball no local data for streamx@https://registry.npmjs.org/streamx/-/streamx-2.28.1.tgz. Extracting by manifest.
4111 silly tarball no local data for fast-fifo@https://registry.npmjs.org/fast-fifo/-/fast-fifo-1.3.2.tgz. Extracting by manifest.
4112 silly tarball no local data for bare-fs@https://registry.npmjs.org/bare-fs/-/bare-fs-4.8.1.tgz. Extracting by manifest.
4113 silly tarball no local data for b4a@https://registry.npmjs.org/b4a/-/b4a-1.8.1.tgz. Extracting by manifest.
4114 silly tarball no local data for yallist@https://registry.npmjs.org/yallist/-/yallist-5.0.0.tgz. Extracting by manifest.
4115 silly tarball no local data for minizlib@https://registry.npmjs.org/minizlib/-/minizlib-3.1.0.tgz. Extracting by manifest.
4116 silly tarball no local data for chownr@https://registry.npmjs.org/chownr/-/chownr-3.0.0.tgz. Extracting by manifest.
4117 silly tarball no local data for @isaacs/fs-minipass@https://registry.npmjs.org/@isaacs/fs-minipass/-/fs-minipass-4.0.1.tgz. Extracting by manifest.
4118 silly tarball no local data for supports-color@https://registry.npmjs.org/supports-color/-/supports-color-7.2.0.tgz. Extracting by manifest.
4119 silly tarball no local data for has-flag@https://registry.npmjs.org/has-flag/-/has-flag-4.0.0.tgz. Extracting by manifest.
4120 silly tarball no local data for is-promise@https://registry.npmjs.org/is-promise/-/is-promise-4.0.0.tgz. Extracting by manifest.
4121 silly tarball no local data for abbrev@https://registry.npmjs.org/abbrev/-/abbrev-5.0.0.tgz. Extracting by manifest.
4122 silly tarball no local data for tinyglobby@https://registry.npmjs.org/tinyglobby/-/tinyglobby-0.2.17.tgz. Extracting by manifest.
4123 silly tarball no local data for picomatch@https://registry.npmjs.org/picomatch/-/picomatch-4.0.7.tgz. Extracting by manifest.
4124 silly tarball no local data for fdir@https://registry.npmjs.org/fdir/-/fdir-6.5.0.tgz. Extracting by manifest.
4125 silly tarball no local data for proc-log@https://registry.npmjs.org/proc-log/-/proc-log-7.0.0.tgz. Extracting by manifest.
4126 silly tarball no local data for nopt@https://registry.npmjs.org/nopt/-/nopt-10.0.1.tgz. Extracting by manifest.
4127 silly tarball no local data for exponential-backoff@https://registry.npmjs.org/exponential-backoff/-/exponential-backoff-3.1.3.tgz. Extracting by manifest.
4128 silly tarball no local data for env-paths@https://registry.npmjs.org/env-paths/-/env-paths-2.2.1.tgz. Extracting by manifest.
4129 silly tarball no local data for node-gyp@https://registry.npmjs.org/node-gyp/-/node-gyp-13.0.2.tgz. Extracting by manifest.
4130 silly tarball no local data for isexe@https://registry.npmjs.org/isexe/-/isexe-4.0.0.tgz. Extracting by manifest.
4131 silly tarball no local data for which@https://registry.npmjs.org/which/-/which-7.0.0.tgz. Extracting by manifest.
4132 silly tarball no local data for undici@https://registry.npmjs.org/undici/-/undici-8.10.1.tgz. Extracting by manifest.
4133 silly tarball no local data for nan@https://registry.npmjs.org/nan/-/nan-2.28.0.tgz. Extracting by manifest.
4134 silly tarball no local data for install-artifact-from-github@https://registry.npmjs.org/install-artifact-from-github/-/install-artifact-from-github-1.8.0.tgz. Extracting by manifest.
4135 silly tarball no local data for lodash._objecttypes@https://registry.npmjs.org/lodash._objecttypes/-/lodash._objecttypes-2.4.1.tgz. Extracting by manifest.
4136 silly tarball no local data for valid-url@https://registry.npmjs.org/valid-url/-/valid-url-1.0.9.tgz. Extracting by manifest.
4137 silly tarball no local data for url-join@https://registry.npmjs.org/url-join/-/url-join-0.0.1.tgz. Extracting by manifest.
4138 silly tarball no local data for as-array@https://registry.npmjs.org/as-array/-/as-array-2.0.0.tgz. Extracting by manifest.
4139 silly tarball no local data for toxic@https://registry.npmjs.org/toxic/-/toxic-1.0.1.tgz. Extracting by manifest.
4140 silly tarball no local data for lodash.isobject@https://registry.npmjs.org/lodash.isobject/-/lodash.isobject-2.4.1.tgz. Extracting by manifest.
4141 silly tarball no local data for glob-slash@https://registry.npmjs.org/glob-slash/-/glob-slash-1.0.0.tgz. Extracting by manifest.
4142 silly tarball no local data for compressible@https://registry.npmjs.org/compressible/-/compressible-2.0.18.tgz. Extracting by manifest.
4143 silly tarball no local data for tsscmp@https://registry.npmjs.org/tsscmp/-/tsscmp-1.0.6.tgz. Extracting by manifest.
4144 silly tarball no local data for ms@https://registry.npmjs.org/ms/-/ms-2.1.3.tgz. Extracting by manifest.
4145 silly tarball no local data for router@https://registry.npmjs.org/router/-/router-2.2.0.tgz. Extracting by manifest.
4146 silly tarball no local data for path-to-regexp@https://registry.npmjs.org/path-to-regexp/-/path-to-regexp-8.4.2.tgz. Extracting by manifest.
4147 silly tarball no local data for debug@https://registry.npmjs.org/debug/-/debug-4.4.3.tgz. Extracting by manifest.
4148 silly tarball no local data for re2@https://registry.npmjs.org/re2/-/re2-1.26.1.tgz. Extracting by manifest.
4149 silly tarball no local data for join-path@https://registry.npmjs.org/join-path/-/join-path-1.1.1.tgz. Extracting by manifest.
4150 silly tarball no local data for is-url@https://registry.npmjs.org/is-url/-/is-url-1.2.4.tgz. Extracting by manifest.
4151 silly tarball no local data for glob-slasher@https://registry.npmjs.org/glob-slasher/-/glob-slasher-1.0.1.tgz. Extracting by manifest.
4152 silly tarball no local data for connect@https://registry.npmjs.org/connect/-/connect-3.7.0.tgz. Extracting by manifest.
4153 silly tarball no local data for statuses@https://registry.npmjs.org/statuses/-/statuses-1.5.0.tgz. Extracting by manifest.
4154 silly tarball no local data for on-finished@https://registry.npmjs.org/on-finished/-/on-finished-2.3.0.tgz. Extracting by manifest.
4155 silly tarball no local data for encodeurl@https://registry.npmjs.org/encodeurl/-/encodeurl-1.0.2.tgz. Extracting by manifest.
4156 silly tarball no local data for finalhandler@https://registry.npmjs.org/finalhandler/-/finalhandler-1.1.2.tgz. Extracting by manifest.
4157 silly tarball no local data for compression@https://registry.npmjs.org/compression/-/compression-1.8.1.tgz. Extracting by manifest.
4158 silly tarball no local data for negotiator@https://registry.npmjs.org/negotiator/-/negotiator-0.6.4.tgz. Extracting by manifest.
4159 silly tarball no local data for basic-auth-connect@https://registry.npmjs.org/basic-auth-connect/-/basic-auth-connect-1.1.0.tgz. Extracting by manifest.
4160 silly tarball no local data for is-fullwidth-code-point@https://registry.npmjs.org/is-fullwidth-code-point/-/is-fullwidth-code-point-3.0.0.tgz. Extracting by manifest.
4161 silly tarball no local data for emoji-regex@https://registry.npmjs.org/emoji-regex/-/emoji-regex-8.0.0.tgz. Extracting by manifest.
4162 silly tarball no local data for ret@https://registry.npmjs.org/ret/-/ret-0.1.15.tgz. Extracting by manifest.
4163 silly tarball no local data for discontinuous-range@https://registry.npmjs.org/discontinuous-range/-/discontinuous-range-1.0.0.tgz. Extracting by manifest.
4164 silly tarball no local data for randexp@https://registry.npmjs.org/randexp/-/randexp-0.4.6.tgz. Extracting by manifest.
4165 silly tarball no local data for railroad-diagrams@https://registry.npmjs.org/railroad-diagrams/-/railroad-diagrams-1.0.0.tgz. Extracting by manifest.
4166 silly tarball no local data for moo@https://registry.npmjs.org/moo/-/moo-0.5.3.tgz. Extracting by manifest.
4167 silly tarball no local data for nearley@https://registry.npmjs.org/nearley/-/nearley-2.20.1.tgz. Extracting by manifest.
4168 silly tarball no local data for commander@https://registry.npmjs.org/commander/-/commander-2.20.3.tgz. Extracting by manifest.
4169 silly tarball no local data for smart-buffer@https://registry.npmjs.org/smart-buffer/-/smart-buffer-4.2.0.tgz. Extracting by manifest.
4170 silly tarball no local data for socks@https://registry.npmjs.org/socks/-/socks-2.8.10.tgz. Extracting by manifest.
4171 silly tarball no local data for unicode-emoji-modifier-base@https://registry.npmjs.org/unicode-emoji-modifier-base/-/unicode-emoji-modifier-base-1.0.0.tgz. Extracting by manifest.
4172 silly tarball no local data for call-bound@https://registry.npmjs.org/call-bound/-/call-bound-1.0.4.tgz. Extracting by manifest.
4173 silly tarball no local data for side-channel-weakmap@https://registry.npmjs.org/side-channel-weakmap/-/side-channel-weakmap-1.0.2.tgz. Extracting by manifest.
4174 silly tarball no local data for side-channel-map@https://registry.npmjs.org/side-channel-map/-/side-channel-map-1.0.1.tgz. Extracting by manifest.
4175 silly tarball no local data for side-channel-list@https://registry.npmjs.org/side-channel-list/-/side-channel-list-1.0.1.tgz. Extracting by manifest.
4176 silly tarball no local data for object-inspect@https://registry.npmjs.org/object-inspect/-/object-inspect-1.13.4.tgz. Extracting by manifest.
4177 silly tarball no local data for shebang-regex@https://registry.npmjs.org/shebang-regex/-/shebang-regex-3.0.0.tgz. Extracting by manifest.
4178 silly tarball no local data for teeny-request@https://registry.npmjs.org/teeny-request/-/teeny-request-10.1.4.tgz. Extracting by manifest.
4179 silly tarball no local data for data-uri-to-buffer@https://registry.npmjs.org/data-uri-to-buffer/-/data-uri-to-buffer-4.0.1.tgz. Extracting by manifest.
4180 silly tarball no local data for node-fetch@https://registry.npmjs.org/node-fetch/-/node-fetch-3.3.2.tgz. Extracting by manifest.
4181 silly tarball no local data for mimic-fn@https://registry.npmjs.org/mimic-fn/-/mimic-fn-2.1.0.tgz. Extracting by manifest.
4182 silly tarball no local data for onetime@https://registry.npmjs.org/onetime/-/onetime-5.1.2.tgz. Extracting by manifest.
4183 silly tarball no local data for string_decoder@https://registry.npmjs.org/string_decoder/-/string_decoder-1.3.0.tgz. Extracting by manifest.
4184 silly tarball no local data for process@https://registry.npmjs.org/process/-/process-0.11.10.tgz. Extracting by manifest.
4185 silly tarball no local data for events@https://registry.npmjs.org/events/-/events-3.3.0.tgz. Extracting by manifest.
4186 silly tarball no local data for side-channel@https://registry.npmjs.org/side-channel/-/side-channel-1.1.1.tgz. Extracting by manifest.
4187 silly tarball no local data for source-map@https://registry.npmjs.org/source-map/-/source-map-0.6.1.tgz. Extracting by manifest.
4188 silly tarball no local data for esutils@https://registry.npmjs.org/esutils/-/esutils-2.0.3.tgz. Extracting by manifest.
4189 silly tarball no local data for estraverse@https://registry.npmjs.org/estraverse/-/estraverse-5.3.0.tgz. Extracting by manifest.
4190 silly tarball no local data for tslib@https://registry.npmjs.org/tslib/-/tslib-2.8.1.tgz. Extracting by manifest.
4191 silly tarball no local data for esprima@https://registry.npmjs.org/esprima/-/esprima-4.0.1.tgz. Extracting by manifest.
4192 silly tarball no local data for escodegen@https://registry.npmjs.org/escodegen/-/escodegen-2.1.0.tgz. Extracting by manifest.
4193 silly tarball no local data for ast-types@https://registry.npmjs.org/ast-types/-/ast-types-0.13.4.tgz. Extracting by manifest.
4194 silly tarball no local data for netmask@https://registry.npmjs.org/netmask/-/netmask-2.1.1.tgz. Extracting by manifest.
4195 silly tarball no local data for degenerator@https://registry.npmjs.org/degenerator/-/degenerator-5.0.1.tgz. Extracting by manifest.
4196 silly tarball no local data for data-uri-to-buffer@https://registry.npmjs.org/data-uri-to-buffer/-/data-uri-to-buffer-6.0.2.tgz. Extracting by manifest.
4197 silly tarball no local data for basic-ftp@https://registry.npmjs.org/basic-ftp/-/basic-ftp-5.3.1.tgz. Extracting by manifest.
4198 silly tarball no local data for pac-resolver@https://registry.npmjs.org/pac-resolver/-/pac-resolver-7.0.1.tgz. Extracting by manifest.
4199 silly tarball no local data for get-uri@https://registry.npmjs.org/get-uri/-/get-uri-6.0.5.tgz. Extracting by manifest.
4200 silly tarball no local data for debug@https://registry.npmjs.org/debug/-/debug-4.4.3.tgz. Extracting by manifest.
4201 silly tarball no local data for @tootallnate/quickjs-emscripten@https://registry.npmjs.org/@tootallnate/quickjs-emscripten/-/quickjs-emscripten-0.23.0.tgz. Extracting by manifest.
4202 silly tarball no local data for ms@https://registry.npmjs.org/ms/-/ms-2.1.3.tgz. Extracting by manifest.
4203 silly tarball no local data for socks-proxy-agent@https://registry.npmjs.org/socks-proxy-agent/-/socks-proxy-agent-8.0.5.tgz. Extracting by manifest.
4204 silly tarball no local data for ms@https://registry.npmjs.org/ms/-/ms-2.1.3.tgz. Extracting by manifest.
4205 silly tarball no local data for debug@https://registry.npmjs.org/debug/-/debug-4.4.3.tgz. Extracting by manifest.
4206 silly tarball no local data for proxy-from-env@https://registry.npmjs.org/proxy-from-env/-/proxy-from-env-1.1.0.tgz. Extracting by manifest.
4207 silly tarball no local data for pac-proxy-agent@https://registry.npmjs.org/pac-proxy-agent/-/pac-proxy-agent-7.2.0.tgz. Extracting by manifest.
4208 silly tarball no local data for debug@https://registry.npmjs.org/debug/-/debug-4.4.3.tgz. Extracting by manifest.
4209 silly tarball no local data for ms@https://registry.npmjs.org/ms/-/ms-2.1.3.tgz. Extracting by manifest.
4210 silly tarball no local data for http-proxy-agent@https://registry.npmjs.org/http-proxy-agent/-/http-proxy-agent-7.0.2.tgz. Extracting by manifest.
4211 silly tarball no local data for ms@https://registry.npmjs.org/ms/-/ms-2.1.3.tgz. Extracting by manifest.
4212 silly tarball no local data for debug@https://registry.npmjs.org/debug/-/debug-4.4.3.tgz. Extracting by manifest.
4213 silly tarball no local data for ipaddr.js@https://registry.npmjs.org/ipaddr.js/-/ipaddr.js-1.9.1.tgz. Extracting by manifest.
4214 silly tarball no local data for forwarded@https://registry.npmjs.org/forwarded/-/forwarded-0.2.0.tgz. Extracting by manifest.
4215 silly tarball no local data for undici-types@https://registry.npmjs.org/undici-types/-/undici-types-8.3.0.tgz. Extracting by manifest.
4216 silly tarball no local data for @types/node@https://registry.npmjs.org/@types/node/-/node-26.4.1.tgz. Extracting by manifest.
4217 silly tarball no local data for @protobufjs/utf8@https://registry.npmjs.org/@protobufjs/utf8/-/utf8-1.1.2.tgz. Extracting by manifest.
4218 silly tarball no local data for @protobufjs/pool@https://registry.npmjs.org/@protobufjs/pool/-/pool-1.1.0.tgz. Extracting by manifest.
4219 silly tarball no local data for @protobufjs/path@https://registry.npmjs.org/@protobufjs/path/-/path-1.1.2.tgz. Extracting by manifest.
4220 silly tarball no local data for @protobufjs/float@https://registry.npmjs.org/@protobufjs/float/-/float-1.0.2.tgz. Extracting by manifest.
4221 silly tarball no local data for @protobufjs/fetch@https://registry.npmjs.org/@protobufjs/fetch/-/fetch-1.1.1.tgz. Extracting by manifest.
4222 silly tarball no local data for @protobufjs/eventemitter@https://registry.npmjs.org/@protobufjs/eventemitter/-/eventemitter-1.1.1.tgz. Extracting by manifest.
4223 silly tarball no local data for @protobufjs/codegen@https://registry.npmjs.org/@protobufjs/codegen/-/codegen-2.0.5.tgz. Extracting by manifest.
4224 silly tarball no local data for @protobufjs/base64@https://registry.npmjs.org/@protobufjs/base64/-/base64-1.1.2.tgz. Extracting by manifest.
4225 silly tarball no local data for @protobufjs/aspromise@https://registry.npmjs.org/@protobufjs/aspromise/-/aspromise-1.1.2.tgz. Extracting by manifest.
4226 silly tarball no local data for xtend@https://registry.npmjs.org/xtend/-/xtend-4.0.2.tgz. Extracting by manifest.
4227 silly tarball no local data for split2@https://registry.npmjs.org/split2/-/split2-4.2.0.tgz. Extracting by manifest.
4228 silly tarball no local data for postgres-interval@https://registry.npmjs.org/postgres-interval/-/postgres-interval-1.2.0.tgz. Extracting by manifest.
4229 silly tarball no local data for postgres-date@https://registry.npmjs.org/postgres-date/-/postgres-date-1.0.7.tgz. Extracting by manifest.
4230 silly tarball no local data for postgres-bytea@https://registry.npmjs.org/postgres-bytea/-/postgres-bytea-1.0.1.tgz. Extracting by manifest.
4231 silly tarball no local data for postgres-array@https://registry.npmjs.org/postgres-array/-/postgres-array-2.0.0.tgz. Extracting by manifest.
4232 silly tarball no local data for pg-int8@https://registry.npmjs.org/pg-int8/-/pg-int8-1.0.1.tgz. Extracting by manifest.
4233 silly tarball no local data for pgpass@https://registry.npmjs.org/pgpass/-/pgpass-1.0.5.tgz. Extracting by manifest.
4234 silly tarball no local data for pg-types@https://registry.npmjs.org/pg-types/-/pg-types-2.2.0.tgz. Extracting by manifest.
4235 silly tarball no local data for pg-protocol@https://registry.npmjs.org/pg-protocol/-/pg-protocol-1.16.0.tgz. Extracting by manifest.
4236 silly tarball no local data for pg-pool@https://registry.npmjs.org/pg-pool/-/pg-pool-3.14.0.tgz. Extracting by manifest.
4237 silly tarball no local data for pg-connection-string@https://registry.npmjs.org/pg-connection-string/-/pg-connection-string-2.14.0.tgz. Extracting by manifest.
4238 silly tarball no local data for pg-cloudflare@https://registry.npmjs.org/pg-cloudflare/-/pg-cloudflare-1.4.0.tgz. Extracting by manifest.
4239 silly tarball no local data for lru-cache@https://registry.npmjs.org/lru-cache/-/lru-cache-10.4.3.tgz. Extracting by manifest.
4240 silly tarball no local data for restore-cursor@https://registry.npmjs.org/restore-cursor/-/restore-cursor-3.1.0.tgz. Extracting by manifest.
4241 silly tarball no local data for signal-exit@https://registry.npmjs.org/signal-exit/-/signal-exit-3.0.7.tgz. Extracting by manifest.
4242 silly tarball no local data for ieee754@https://registry.npmjs.org/ieee754/-/ieee754-1.2.1.tgz. Extracting by manifest.
4243 silly tarball no local data for buffer@https://registry.npmjs.org/buffer/-/buffer-5.7.1.tgz. Extracting by manifest.
4244 silly tarball no local data for wcwidth@https://registry.npmjs.org/wcwidth/-/wcwidth-1.0.1.tgz. Extracting by manifest.
4245 silly tarball no local data for log-symbols@https://registry.npmjs.org/log-symbols/-/log-symbols-4.1.0.tgz. Extracting by manifest.
4246 silly tarball no local data for chalk@https://registry.npmjs.org/chalk/-/chalk-4.1.2.tgz. Extracting by manifest.
4247 silly tarball no local data for is-unicode-supported@https://registry.npmjs.org/is-unicode-supported/-/is-unicode-supported-0.1.0.tgz. Extracting by manifest.
4248 silly tarball no local data for is-interactive@https://registry.npmjs.org/is-interactive/-/is-interactive-1.0.0.tgz. Extracting by manifest.
4249 silly tarball no local data for cli-spinners@https://registry.npmjs.org/cli-spinners/-/cli-spinners-2.9.2.tgz. Extracting by manifest.
4250 silly tarball no local data for cli-cursor@https://registry.npmjs.org/cli-cursor/-/cli-cursor-3.1.0.tgz. Extracting by manifest.
4251 silly tarball no local data for bl@https://registry.npmjs.org/bl/-/bl-4.1.0.tgz. Extracting by manifest.
4252 silly tarball no local data for readable-stream@https://registry.npmjs.org/readable-stream/-/readable-stream-3.6.2.tgz. Extracting by manifest.
4253 silly tarball no local data for is-wsl@https://registry.npmjs.org/is-wsl/-/is-wsl-1.1.0.tgz. Extracting by manifest.
4254 silly tarball no local data for wrappy@https://registry.npmjs.org/wrappy/-/wrappy-1.0.2.tgz. Extracting by manifest.
4255 silly tarball no local data for ee-first@https://registry.npmjs.org/ee-first/-/ee-first-1.1.1.tgz. Extracting by manifest.
4256 silly tarball no local data for whatwg-url@https://registry.npmjs.org/whatwg-url/-/whatwg-url-5.0.0.tgz. Extracting by manifest.
4257 silly tarball no local data for skin-tone@https://registry.npmjs.org/skin-tone/-/skin-tone-2.0.0.tgz. Extracting by manifest.
4258 silly tarball no local data for emojilib@https://registry.npmjs.org/emojilib/-/emojilib-2.4.0.tgz. Extracting by manifest.
4259 silly tarball no local data for char-regex@https://registry.npmjs.org/char-regex/-/char-regex-1.0.2.tgz. Extracting by manifest.
4260 silly tarball no local data for @sindresorhus/is@https://registry.npmjs.org/@sindresorhus/is/-/is-4.6.0.tgz. Extracting by manifest.
4261 silly tarball no local data for thenify-all@https://registry.npmjs.org/thenify-all/-/thenify-all-1.6.0.tgz. Extracting by manifest.
4262 silly tarball no local data for any-promise@https://registry.npmjs.org/any-promise/-/any-promise-1.3.0.tgz. Extracting by manifest.
4263 silly tarball no local data for on-headers@https://registry.npmjs.org/on-headers/-/on-headers-1.1.0.tgz. Extracting by manifest.
4264 silly tarball no local data for basic-auth@https://registry.npmjs.org/basic-auth/-/basic-auth-2.0.1.tgz. Extracting by manifest.
4265 silly tarball no local data for safe-buffer@https://registry.npmjs.org/safe-buffer/-/safe-buffer-5.1.2.tgz. Extracting by manifest.
4266 silly tarball no local data for concat-map@https://registry.npmjs.org/concat-map/-/concat-map-0.0.1.tgz. Extracting by manifest.
4267 silly tarball no local data for balanced-match@https://registry.npmjs.org/balanced-match/-/balanced-match-1.0.2.tgz. Extracting by manifest.
4268 silly tarball no local data for brace-expansion@https://registry.npmjs.org/brace-expansion/-/brace-expansion-1.1.18.tgz. Extracting by manifest.
4269 silly tarball no local data for mime-db@https://registry.npmjs.org/mime-db/-/mime-db-1.52.0.tgz. Extracting by manifest.
4270 silly tarball no local data for parse5-htmlparser2-tree-adapter@https://registry.npmjs.org/parse5-htmlparser2-tree-adapter/-/parse5-htmlparser2-tree-adapter-6.0.1.tgz. Extracting by manifest.
4271 silly tarball no local data for parse5@https://registry.npmjs.org/parse5/-/parse5-6.0.1.tgz. Extracting by manifest.
4272 silly tarball no local data for parse5@https://registry.npmjs.org/parse5/-/parse5-5.1.1.tgz. Extracting by manifest.
4273 silly tarball no local data for mz@https://registry.npmjs.org/mz/-/mz-2.7.0.tgz. Extracting by manifest.
4274 silly tarball no local data for highlight.js@https://registry.npmjs.org/highlight.js/-/highlight.js-10.7.3.tgz. Extracting by manifest.
4275 silly tarball no local data for environment@https://registry.npmjs.org/environment/-/environment-1.1.0.tgz. Extracting by manifest.
4276 silly tarball no local data for supports-hyperlinks@https://registry.npmjs.org/supports-hyperlinks/-/supports-hyperlinks-3.2.0.tgz. Extracting by manifest.
4277 silly tarball no local data for node-emoji@https://registry.npmjs.org/node-emoji/-/node-emoji-2.2.0.tgz. Extracting by manifest.
4278 silly tarball no local data for cli-highlight@https://registry.npmjs.org/cli-highlight/-/cli-highlight-2.1.11.tgz. Extracting by manifest.
4279 silly tarball no local data for ansi-regex@https://registry.npmjs.org/ansi-regex/-/ansi-regex-5.0.1.tgz. Extracting by manifest.
4280 silly tarball no local data for wrap-ansi@https://registry.npmjs.org/wrap-ansi/-/wrap-ansi-7.0.0.tgz. Extracting by manifest.
4281 silly tarball no local data for strip-ansi@https://registry.npmjs.org/strip-ansi/-/strip-ansi-6.0.1.tgz. Extracting by manifest.
4282 silly tarball no local data for yargs-parser@https://registry.npmjs.org/yargs-parser/-/yargs-parser-20.2.9.tgz. Extracting by manifest.
4283 silly tarball no local data for cliui@https://registry.npmjs.org/cliui/-/cliui-7.0.4.tgz. Extracting by manifest.
4284 silly tarball no local data for yargs@https://registry.npmjs.org/yargs/-/yargs-16.2.2.tgz. Extracting by manifest.
4285 silly tarball no local data for chalk@https://registry.npmjs.org/chalk/-/chalk-4.1.2.tgz. Extracting by manifest.
4286 silly tarball no local data for chalk@https://registry.npmjs.org/chalk/-/chalk-5.6.2.tgz. Extracting by manifest.
4287 silly tarball no local data for ansi-regex@https://registry.npmjs.org/ansi-regex/-/ansi-regex-6.3.0.tgz. Extracting by manifest.
4288 silly tarball no local data for ansi-escapes@https://registry.npmjs.org/ansi-escapes/-/ansi-escapes-7.3.0.tgz. Extracting by manifest.
4289 silly tarball no local data for libsodium@https://registry.npmjs.org/libsodium/-/libsodium-0.7.16.tgz. Extracting by manifest.
4290 silly tarball no local data for buffer-equal-constant-time@https://registry.npmjs.org/buffer-equal-constant-time/-/buffer-equal-constant-time-1.0.1.tgz. Extracting by manifest.
4291 silly tarball no local data for lodash.once@https://registry.npmjs.org/lodash.once/-/lodash.once-4.1.1.tgz. Extracting by manifest.
4292 silly tarball no local data for lodash.isstring@https://registry.npmjs.org/lodash.isstring/-/lodash.isstring-4.0.1.tgz. Extracting by manifest.
4293 silly tarball no local data for lodash.isplainobject@https://registry.npmjs.org/lodash.isplainobject/-/lodash.isplainobject-4.0.6.tgz. Extracting by manifest.
4294 silly tarball no local data for lodash.isnumber@https://registry.npmjs.org/lodash.isnumber/-/lodash.isnumber-3.0.3.tgz. Extracting by manifest.
4295 silly tarball no local data for lodash.isinteger@https://registry.npmjs.org/lodash.isinteger/-/lodash.isinteger-4.0.4.tgz. Extracting by manifest.
4296 silly tarball no local data for lodash.isboolean@https://registry.npmjs.org/lodash.isboolean/-/lodash.isboolean-3.0.3.tgz. Extracting by manifest.
4297 silly tarball no local data for lodash.includes@https://registry.npmjs.org/lodash.includes/-/lodash.includes-4.3.0.tgz. Extracting by manifest.
4298 silly tarball no local data for jju@https://registry.npmjs.org/jju/-/jju-1.4.0.tgz. Extracting by manifest.
4299 silly tarball no local data for bignumber.js@https://registry.npmjs.org/bignumber.js/-/bignumber.js-9.3.1.tgz. Extracting by manifest.
4300 silly tarball no local data for argparse@https://registry.npmjs.org/argparse/-/argparse-2.0.1.tgz. Extracting by manifest.
4301 silly tarball no local data for wrap-ansi-cjs@https://registry.npmjs.org/wrap-ansi/-/wrap-ansi-7.0.0.tgz. Extracting by manifest.
4302 silly tarball no local data for ansi-regex@https://registry.npmjs.org/ansi-regex/-/ansi-regex-5.0.1.tgz. Extracting by manifest.
4303 silly tarball no local data for strip-ansi@https://registry.npmjs.org/strip-ansi/-/strip-ansi-6.0.1.tgz. Extracting by manifest.
4304 silly tarball no local data for strip-ansi-cjs@https://registry.npmjs.org/strip-ansi/-/strip-ansi-6.0.1.tgz. Extracting by manifest.
4305 silly tarball no local data for ansi-regex@https://registry.npmjs.org/ansi-regex/-/ansi-regex-5.0.1.tgz. Extracting by manifest.
4306 silly tarball no local data for strip-ansi@https://registry.npmjs.org/strip-ansi/-/strip-ansi-7.2.0.tgz. Extracting by manifest.
4307 silly tarball no local data for string-width-cjs@https://registry.npmjs.org/string-width/-/string-width-4.2.3.tgz. Extracting by manifest.
4308 silly tarball no local data for ansi-regex@https://registry.npmjs.org/ansi-regex/-/ansi-regex-5.0.1.tgz. Extracting by manifest.
4309 silly tarball no local data for strip-ansi@https://registry.npmjs.org/strip-ansi/-/strip-ansi-6.0.1.tgz. Extracting by manifest.
4310 silly tarball no local data for @pkgjs/parseargs@https://registry.npmjs.org/@pkgjs/parseargs/-/parseargs-0.11.0.tgz. Extracting by manifest.
4311 silly tarball no local data for @isaacs/cliui@https://registry.npmjs.org/@isaacs/cliui/-/cliui-8.0.2.tgz. Extracting by manifest.
4312 silly tarball no local data for ansi-styles@https://registry.npmjs.org/ansi-styles/-/ansi-styles-6.2.3.tgz. Extracting by manifest.
4313 silly tarball no local data for emoji-regex@https://registry.npmjs.org/emoji-regex/-/emoji-regex-9.2.2.tgz. Extracting by manifest.
4314 silly tarball no local data for wrap-ansi@https://registry.npmjs.org/wrap-ansi/-/wrap-ansi-8.1.0.tgz. Extracting by manifest.
4315 silly tarball no local data for string-width@https://registry.npmjs.org/string-width/-/string-width-5.1.2.tgz. Extracting by manifest.
4316 silly tarball no local data for is-extglob@https://registry.npmjs.org/is-extglob/-/is-extglob-2.1.1.tgz. Extracting by manifest.
4317 silly tarball no local data for binary-extensions@https://registry.npmjs.org/binary-extensions/-/binary-extensions-2.3.0.tgz. Extracting by manifest.
4318 silly tarball no local data for safer-buffer@https://registry.npmjs.org/safer-buffer/-/safer-buffer-2.1.2.tgz. Extracting by manifest.
4319 silly tarball no local data for agent-base@https://registry.npmjs.org/agent-base/-/agent-base-7.1.4.tgz. Extracting by manifest.
4320 silly tarball no local data for toidentifier@https://registry.npmjs.org/toidentifier/-/toidentifier-1.0.1.tgz. Extracting by manifest.
4321 silly tarball no local data for url-template@https://registry.npmjs.org/url-template/-/url-template-2.0.8.tgz. Extracting by manifest.
4322 silly tarball no local data for once@https://registry.npmjs.org/once/-/once-1.4.0.tgz. Extracting by manifest.
4323 silly tarball no local data for stream-shift@https://registry.npmjs.org/stream-shift/-/stream-shift-1.0.3.tgz. Extracting by manifest.
4324 silly tarball no local data for inherits@https://registry.npmjs.org/inherits/-/inherits-2.0.4.tgz. Extracting by manifest.
4325 silly tarball no local data for end-of-stream@https://registry.npmjs.org/end-of-stream/-/end-of-stream-1.4.5.tgz. Extracting by manifest.
4326 silly tarball no local data for rimraf@https://registry.npmjs.org/rimraf/-/rimraf-5.0.10.tgz. Extracting by manifest.
4327 silly tarball no local data for retry-request@https://registry.npmjs.org/retry-request/-/retry-request-8.0.4.tgz. Extracting by manifest.
4328 silly tarball no local data for proto3-json-serializer@https://registry.npmjs.org/proto3-json-serializer/-/proto3-json-serializer-3.0.4.tgz. Extracting by manifest.
4329 silly tarball no local data for object-hash@https://registry.npmjs.org/object-hash/-/object-hash-3.0.0.tgz. Extracting by manifest.
4330 silly tarball no local data for duplexify@https://registry.npmjs.org/duplexify/-/duplexify-4.1.3.tgz. Extracting by manifest.
4331 silly tarball no local data for readable-stream@https://registry.npmjs.org/readable-stream/-/readable-stream-3.6.2.tgz. Extracting by manifest.
4332 silly tarball no local data for json-bigint@https://registry.npmjs.org/json-bigint/-/json-bigint-1.0.0.tgz. Extracting by manifest.
4333 silly tarball no local data for jws@https://registry.npmjs.org/jws/-/jws-4.0.1.tgz. Extracting by manifest.
4334 silly tarball no local data for gtoken@https://registry.npmjs.org/gtoken/-/gtoken-7.1.0.tgz. Extracting by manifest.
4335 silly tarball no local data for gcp-metadata@https://registry.npmjs.org/gcp-metadata/-/gcp-metadata-6.1.1.tgz. Extracting by manifest.
4336 silly tarball no local data for google-logging-utils@https://registry.npmjs.org/google-logging-utils/-/google-logging-utils-0.0.2.tgz. Extracting by manifest.
4337 silly tarball no local data for ecdsa-sig-formatter@https://registry.npmjs.org/ecdsa-sig-formatter/-/ecdsa-sig-formatter-1.0.11.tgz. Extracting by manifest.
4338 silly tarball no local data for base64-js@https://registry.npmjs.org/base64-js/-/base64-js-1.5.1.tgz. Extracting by manifest.
4339 silly tarball no local data for path-scurry@https://registry.npmjs.org/path-scurry/-/path-scurry-1.11.1.tgz. Extracting by manifest.
4340 silly tarball no local data for package-json-from-dist@https://registry.npmjs.org/package-json-from-dist/-/package-json-from-dist-1.0.1.tgz. Extracting by manifest.
4341 silly tarball no local data for minipass@https://registry.npmjs.org/minipass/-/minipass-7.1.3.tgz. Extracting by manifest.
4342 silly tarball no local data for jackspeak@https://registry.npmjs.org/jackspeak/-/jackspeak-3.4.3.tgz. Extracting by manifest.
4343 silly tarball no local data for foreground-child@https://registry.npmjs.org/foreground-child/-/foreground-child-3.3.1.tgz. Extracting by manifest.
4344 silly tarball no local data for dunder-proto@https://registry.npmjs.org/dunder-proto/-/dunder-proto-1.0.1.tgz. Extracting by manifest.
4345 silly tarball no local data for math-intrinsics@https://registry.npmjs.org/math-intrinsics/-/math-intrinsics-1.1.0.tgz. Extracting by manifest.
4346 silly tarball no local data for has-symbols@https://registry.npmjs.org/has-symbols/-/has-symbols-1.1.0.tgz. Extracting by manifest.
4347 silly tarball no local data for gopd@https://registry.npmjs.org/gopd/-/gopd-1.2.0.tgz. Extracting by manifest.
4348 silly tarball no local data for get-proto@https://registry.npmjs.org/get-proto/-/get-proto-1.0.1.tgz. Extracting by manifest.
4349 silly tarball no local data for function-bind@https://registry.npmjs.org/function-bind/-/function-bind-1.1.2.tgz. Extracting by manifest.
4350 silly tarball no local data for es-object-atoms@https://registry.npmjs.org/es-object-atoms/-/es-object-atoms-1.1.2.tgz. Extracting by manifest.
4351 silly tarball no local data for es-define-property@https://registry.npmjs.org/es-define-property/-/es-define-property-1.0.1.tgz. Extracting by manifest.
4352 silly tarball no local data for call-bind-apply-helpers@https://registry.npmjs.org/call-bind-apply-helpers/-/call-bind-apply-helpers-1.0.2.tgz. Extracting by manifest.
4353 silly tarball no local data for uuid@https://registry.npmjs.org/uuid/-/uuid-9.0.1.tgz. Extracting by manifest.
4354 silly tarball no local data for https-proxy-agent@https://registry.npmjs.org/https-proxy-agent/-/https-proxy-agent-7.0.6.tgz. Extracting by manifest.
4355 silly tarball no local data for ms@https://registry.npmjs.org/ms/-/ms-2.1.3.tgz. Extracting by manifest.
4356 silly tarball no local data for debug@https://registry.npmjs.org/debug/-/debug-4.4.3.tgz. Extracting by manifest.
4357 silly tarball no local data for universalify@https://registry.npmjs.org/universalify/-/universalify-2.0.1.tgz. Extracting by manifest.
4358 silly tarball no local data for jsonfile@https://registry.npmjs.org/jsonfile/-/jsonfile-6.2.1.tgz. Extracting by manifest.
4359 silly tarball no local data for has-tostringtag@https://registry.npmjs.org/has-tostringtag/-/has-tostringtag-1.0.2.tgz. Extracting by manifest.
4360 silly tarball no local data for get-intrinsic@https://registry.npmjs.org/get-intrinsic/-/get-intrinsic-1.3.0.tgz. Extracting by manifest.
4361 silly tarball no local data for es-errors@https://registry.npmjs.org/es-errors/-/es-errors-1.3.0.tgz. Extracting by manifest.
4362 silly tarball no local data for delayed-stream@https://registry.npmjs.org/delayed-stream/-/delayed-stream-1.0.0.tgz. Extracting by manifest.
4363 silly tarball no local data for hasown@https://registry.npmjs.org/hasown/-/hasown-2.0.4.tgz. Extracting by manifest.
4364 silly tarball no local data for es-set-tostringtag@https://registry.npmjs.org/es-set-tostringtag/-/es-set-tostringtag-2.1.0.tgz. Extracting by manifest.
4365 silly tarball no local data for combined-stream@https://registry.npmjs.org/combined-stream/-/combined-stream-1.0.8.tgz. Extracting by manifest.
4366 silly tarball no local data for asynckit@https://registry.npmjs.org/asynckit/-/asynckit-0.4.0.tgz. Extracting by manifest.
4367 silly tarball no local data for to-regex-range@https://registry.npmjs.org/to-regex-range/-/to-regex-range-5.0.1.tgz. Extracting by manifest.
4368 silly tarball no local data for ip-address@https://registry.npmjs.org/ip-address/-/ip-address-10.7.0.tgz. Extracting by manifest.
4369 silly tarball no local data for negotiator@https://registry.npmjs.org/negotiator/-/negotiator-0.6.3.tgz. Extracting by manifest.
4370 silly tarball no local data for mime-types@https://registry.npmjs.org/mime-types/-/mime-types-2.1.35.tgz. Extracting by manifest.
4371 silly tarball no local data for utils-merge@https://registry.npmjs.org/utils-merge/-/utils-merge-1.0.1.tgz. Extracting by manifest.
4372 silly tarball no local data for statuses@https://registry.npmjs.org/statuses/-/statuses-2.0.2.tgz. Extracting by manifest.
4373 silly tarball no local data for setprototypeof@https://registry.npmjs.org/setprototypeof/-/setprototypeof-1.2.0.tgz. Extracting by manifest.
4374 silly tarball no local data for serve-static@https://registry.npmjs.org/serve-static/-/serve-static-1.16.3.tgz. Extracting by manifest.
4375 silly tarball no local data for send@https://registry.npmjs.org/send/-/send-0.19.2.tgz. Extracting by manifest.
4376 silly tarball no local data for ms@https://registry.npmjs.org/ms/-/ms-2.1.3.tgz. Extracting by manifest.
4377 silly tarball no local data for mime@https://registry.npmjs.org/mime/-/mime-1.6.0.tgz. Extracting by manifest.
4378 silly tarball no local data for safe-buffer@https://registry.npmjs.org/safe-buffer/-/safe-buffer-5.2.1.tgz. Extracting by manifest.
4379 silly tarball no local data for range-parser@https://registry.npmjs.org/range-parser/-/range-parser-1.2.1.tgz. Extracting by manifest.
4380 silly tarball no local data for proxy-addr@https://registry.npmjs.org/proxy-addr/-/proxy-addr-2.0.7.tgz. Extracting by manifest.
4381 silly tarball no local data for path-to-regexp@https://registry.npmjs.org/path-to-regexp/-/path-to-regexp-0.1.13.tgz. Extracting by manifest.
4382 silly tarball no local data for parseurl@https://registry.npmjs.org/parseurl/-/parseurl-1.3.3.tgz. Extracting by manifest.
4383 silly tarball no local data for methods@https://registry.npmjs.org/methods/-/methods-1.1.2.tgz. Extracting by manifest.
4384 silly tarball no local data for merge-descriptors@https://registry.npmjs.org/merge-descriptors/-/merge-descriptors-1.0.3.tgz. Extracting by manifest.
4385 silly tarball no local data for fresh@https://registry.npmjs.org/fresh/-/fresh-0.5.2.tgz. Extracting by manifest.
4386 silly tarball no local data for finalhandler@https://registry.npmjs.org/finalhandler/-/finalhandler-1.3.2.tgz. Extracting by manifest.
4387 silly tarball no local data for etag@https://registry.npmjs.org/etag/-/etag-1.8.1.tgz. Extracting by manifest.
4388 silly tarball no local data for escape-html@https://registry.npmjs.org/escape-html/-/escape-html-1.0.3.tgz. Extracting by manifest.
4389 silly tarball no local data for encodeurl@https://registry.npmjs.org/encodeurl/-/encodeurl-2.0.0.tgz. Extracting by manifest.
4390 silly tarball no local data for cookie-signature@https://registry.npmjs.org/cookie-signature/-/cookie-signature-1.0.7.tgz. Extracting by manifest.
4391 silly tarball no local data for cookie@https://registry.npmjs.org/cookie/-/cookie-0.7.2.tgz. Extracting by manifest.
4392 silly tarball no local data for content-disposition@https://registry.npmjs.org/content-disposition/-/content-disposition-0.5.4.tgz. Extracting by manifest.
4393 silly tarball no local data for array-flatten@https://registry.npmjs.org/array-flatten/-/array-flatten-1.1.1.tgz. Extracting by manifest.
4394 silly tarball no local data for accepts@https://registry.npmjs.org/accepts/-/accepts-1.3.8.tgz. Extracting by manifest.
4395 silly tarball no local data for call-me-maybe@https://registry.npmjs.org/call-me-maybe/-/call-me-maybe-1.0.2.tgz. Extracting by manifest.
4396 silly tarball no local data for @types/json-schema@https://registry.npmjs.org/@types/json-schema/-/json-schema-7.0.15.tgz. Extracting by manifest.
4397 silly tarball no local data for @jsdevtools/ono@https://registry.npmjs.org/@jsdevtools/ono/-/ono-7.1.3.tgz. Extracting by manifest.
4398 silly tarball no local data for promise-breaker@https://registry.npmjs.org/promise-breaker/-/promise-breaker-6.0.0.tgz. Extracting by manifest.
4399 silly tarball no local data for openapi3-ts@https://registry.npmjs.org/openapi3-ts/-/openapi3-ts-3.2.0.tgz. Extracting by manifest.
4400 silly tarball no local data for json-ptr@https://registry.npmjs.org/json-ptr/-/json-ptr-3.1.1.tgz. Extracting by manifest.
4401 silly tarball no local data for events-listener@https://registry.npmjs.org/events-listener/-/events-listener-1.1.0.tgz. Extracting by manifest.
4402 silly tarball no local data for deep-freeze@https://registry.npmjs.org/deep-freeze/-/deep-freeze-0.0.1.tgz. Extracting by manifest.
4403 silly tarball no local data for @apidevtools/json-schema-ref-parser@https://registry.npmjs.org/@apidevtools/json-schema-ref-parser/-/json-schema-ref-parser-9.1.2.tgz. Extracting by manifest.
4404 silly tarball no local data for is-obj@https://registry.npmjs.org/is-obj/-/is-obj-2.0.0.tgz. Extracting by manifest.
4405 silly tarball no local data for ms@https://registry.npmjs.org/ms/-/ms-2.0.0.tgz. Extracting by manifest.
4406 silly tarball no local data for which@https://registry.npmjs.org/which/-/which-2.0.2.tgz. Extracting by manifest.
4407 silly tarball no local data for shebang-command@https://registry.npmjs.org/shebang-command/-/shebang-command-2.0.0.tgz. Extracting by manifest.
4408 silly tarball no local data for path-key@https://registry.npmjs.org/path-key/-/path-key-3.1.1.tgz. Extracting by manifest.
4409 silly tarball no local data for vary@https://registry.npmjs.org/vary/-/vary-1.1.2.tgz. Extracting by manifest.
4410 silly tarball no local data for object-assign@https://registry.npmjs.org/object-assign/-/object-assign-4.1.1.tgz. Extracting by manifest.
4411 silly tarball no local data for xdg-basedir@https://registry.npmjs.org/xdg-basedir/-/xdg-basedir-4.0.0.tgz. Extracting by manifest.
4412 silly tarball no local data for write-file-atomic@https://registry.npmjs.org/write-file-atomic/-/write-file-atomic-3.0.3.tgz. Extracting by manifest.
4413 silly tarball no local data for signal-exit@https://registry.npmjs.org/signal-exit/-/signal-exit-3.0.7.tgz. Extracting by manifest.
4414 silly tarball no local data for unique-string@https://registry.npmjs.org/unique-string/-/unique-string-2.0.0.tgz. Extracting by manifest.
4415 silly tarball no local data for make-dir@https://registry.npmjs.org/make-dir/-/make-dir-3.1.0.tgz. Extracting by manifest.
4416 silly tarball no local data for semver@https://registry.npmjs.org/semver/-/semver-6.3.1.tgz. Extracting by manifest.
4417 silly tarball no local data for dot-prop@https://registry.npmjs.org/dot-prop/-/dot-prop-5.3.0.tgz. Extracting by manifest.
4418 silly tarball no local data for string-width@https://registry.npmjs.org/string-width/-/string-width-4.2.3.tgz. Extracting by manifest.
4419 silly tarball no local data for ansi-regex@https://registry.npmjs.org/ansi-regex/-/ansi-regex-5.0.1.tgz. Extracting by manifest.
4420 silly tarball no local data for strip-ansi@https://registry.npmjs.org/strip-ansi/-/strip-ansi-6.0.1.tgz. Extracting by manifest.
4421 silly tarball no local data for @colors/colors@https://registry.npmjs.org/@colors/colors/-/colors-1.5.0.tgz. Extracting by manifest.
4422 silly tarball no local data for json-parse-helpfulerror@https://registry.npmjs.org/json-parse-helpfulerror/-/json-parse-helpfulerror-1.0.3.tgz. Extracting by manifest.
4423 silly tarball no local data for fill-range@https://registry.npmjs.org/fill-range/-/fill-range-7.1.1.tgz. Extracting by manifest.
4424 silly tarball no local data for picomatch@https://registry.npmjs.org/picomatch/-/picomatch-2.3.2.tgz. Extracting by manifest.
4425 silly tarball no local data for readdirp@https://registry.npmjs.org/readdirp/-/readdirp-3.6.0.tgz. Extracting by manifest.
4426 silly tarball no local data for is-glob@https://registry.npmjs.org/is-glob/-/is-glob-4.0.3.tgz. Extracting by manifest.
4427 silly tarball no local data for is-binary-path@https://registry.npmjs.org/is-binary-path/-/is-binary-path-2.1.0.tgz. Extracting by manifest.
4428 silly tarball no local data for glob-parent@https://registry.npmjs.org/glob-parent/-/glob-parent-5.1.2.tgz. Extracting by manifest.
4429 silly tarball no local data for braces@https://registry.npmjs.org/braces/-/braces-3.0.3.tgz. Extracting by manifest.
4430 silly tarball no local data for anymatch@https://registry.npmjs.org/anymatch/-/anymatch-3.1.3.tgz. Extracting by manifest.
4431 silly tarball no local data for unpipe@https://registry.npmjs.org/unpipe/-/unpipe-1.0.0.tgz. Extracting by manifest.
4432 silly tarball no local data for type-is@https://registry.npmjs.org/type-is/-/type-is-1.6.18.tgz. Extracting by manifest.
4433 silly tarball no local data for qs@https://registry.npmjs.org/qs/-/qs-6.15.3.tgz. Extracting by manifest.
4434 silly tarball no local data for on-finished@https://registry.npmjs.org/on-finished/-/on-finished-2.4.1.tgz. Extracting by manifest.
4435 silly tarball no local data for destroy@https://registry.npmjs.org/destroy/-/destroy-1.2.0.tgz. Extracting by manifest.
4436 silly tarball no local data for http-errors@https://registry.npmjs.org/http-errors/-/http-errors-2.0.1.tgz. Extracting by manifest.
4437 silly tarball no local data for depd@https://registry.npmjs.org/depd/-/depd-2.0.0.tgz. Extracting by manifest.
4438 silly tarball no local data for debug@https://registry.npmjs.org/debug/-/debug-2.6.9.tgz. Extracting by manifest.
4439 silly tarball no local data for bytes@https://registry.npmjs.org/bytes/-/bytes-3.1.2.tgz. Extracting by manifest.
4440 silly tarball no local data for normalize-path@https://registry.npmjs.org/normalize-path/-/normalize-path-3.0.0.tgz. Extracting by manifest.
4441 silly tarball no local data for lazystream@https://registry.npmjs.org/lazystream/-/lazystream-1.0.1.tgz. Extracting by manifest.
4442 silly tarball no local data for string_decoder@https://registry.npmjs.org/string_decoder/-/string_decoder-1.1.1.tgz. Extracting by manifest.
4443 silly tarball no local data for safe-buffer@https://registry.npmjs.org/safe-buffer/-/safe-buffer-5.1.2.tgz. Extracting by manifest.
4444 silly tarball no local data for readable-stream@https://registry.npmjs.org/readable-stream/-/readable-stream-2.3.8.tgz. Extracting by manifest.
4445 silly tarball no local data for is-stream@https://registry.npmjs.org/is-stream/-/is-stream-2.0.1.tgz. Extracting by manifest.
4446 silly tarball no local data for graceful-fs@https://registry.npmjs.org/graceful-fs/-/graceful-fs-4.2.11.tgz. Extracting by manifest.
4447 silly tarball no local data for zip-stream@https://registry.npmjs.org/zip-stream/-/zip-stream-6.0.1.tgz. Extracting by manifest.
4448 silly tarball no local data for tar-stream@https://registry.npmjs.org/tar-stream/-/tar-stream-3.2.1.tgz. Extracting by manifest.
4449 silly tarball no local data for readdir-glob@https://registry.npmjs.org/readdir-glob/-/readdir-glob-1.1.3.tgz. Extracting by manifest.
4450 silly tarball no local data for brace-expansion@https://registry.npmjs.org/brace-expansion/-/brace-expansion-2.1.4.tgz. Extracting by manifest.
4451 silly tarball no local data for minimatch@https://registry.npmjs.org/minimatch/-/minimatch-5.1.9.tgz. Extracting by manifest.
4452 silly tarball no local data for readable-stream@https://registry.npmjs.org/readable-stream/-/readable-stream-4.7.0.tgz. Extracting by manifest.
4453 silly tarball no local data for buffer@https://registry.npmjs.org/buffer/-/buffer-6.0.3.tgz. Extracting by manifest.
4454 silly tarball no local data for buffer-crc32@https://registry.npmjs.org/buffer-crc32/-/buffer-crc32-1.0.0.tgz. Extracting by manifest.
4455 silly tarball no local data for async@https://registry.npmjs.org/async/-/async-3.2.6.tgz. Extracting by manifest.
4456 silly tarball no local data for archiver-utils@https://registry.npmjs.org/archiver-utils/-/archiver-utils-5.0.2.tgz. Extracting by manifest.
4457 silly tarball no local data for require-from-string@https://registry.npmjs.org/require-from-string/-/require-from-string-2.0.2.tgz. Extracting by manifest.
4458 silly tarball no local data for json-schema-traverse@https://registry.npmjs.org/json-schema-traverse/-/json-schema-traverse-1.0.0.tgz. Extracting by manifest.
4459 silly tarball no local data for fast-uri@https://registry.npmjs.org/fast-uri/-/fast-uri-3.1.7.tgz. Extracting by manifest.
4460 silly tarball no local data for fast-deep-equal@https://registry.npmjs.org/fast-deep-equal/-/fast-deep-equal-3.1.3.tgz. Extracting by manifest.
4461 silly tarball no local data for event-target-shim@https://registry.npmjs.org/event-target-shim/-/event-target-shim-5.0.1.tgz. Extracting by manifest.
4462 silly tarball no local data for zod-to-json-schema@https://registry.npmjs.org/zod-to-json-schema/-/zod-to-json-schema-3.25.2.tgz. Extracting by manifest.
4463 silly tarball no local data for raw-body@https://registry.npmjs.org/raw-body/-/raw-body-3.0.2.tgz. Extracting by manifest.
4464 silly tarball no local data for pkce-challenge@https://registry.npmjs.org/pkce-challenge/-/pkce-challenge-5.0.1.tgz. Extracting by manifest.
4465 silly tarball no local data for json-schema-typed@https://registry.npmjs.org/json-schema-typed/-/json-schema-typed-8.0.2.tgz. Extracting by manifest.
4466 silly tarball no local data for jose@https://registry.npmjs.org/jose/-/jose-6.2.10.tgz. Extracting by manifest.
4467 silly tarball no local data for express-rate-limit@https://registry.npmjs.org/express-rate-limit/-/express-rate-limit-8.7.0.tgz. Extracting by manifest.
4468 silly tarball no local data for ms@https://registry.npmjs.org/ms/-/ms-2.1.3.tgz. Extracting by manifest.
4469 silly tarball no local data for debug@https://registry.npmjs.org/debug/-/debug-4.4.3.tgz. Extracting by manifest.
4470 silly tarball no local data for eventsource-parser@https://registry.npmjs.org/eventsource-parser/-/eventsource-parser-3.1.1.tgz. Extracting by manifest.
4471 silly tarball no local data for eventsource@https://registry.npmjs.org/eventsource/-/eventsource-3.0.7.tgz. Extracting by manifest.
4472 silly tarball no local data for content-type@https://registry.npmjs.org/content-type/-/content-type-1.0.5.tgz. Extracting by manifest.
4473 silly tarball no local data for hono@https://registry.npmjs.org/hono/-/hono-4.13.5.tgz. Extracting by manifest.
4474 silly tarball no local data for @hono/node-server@https://registry.npmjs.org/@hono/node-server/-/node-server-2.1.1.tgz. Extracting by manifest.
4475 silly tarball no local data for iconv-lite@https://registry.npmjs.org/iconv-lite/-/iconv-lite-0.7.3.tgz. Extracting by manifest.
4476 silly tarball no local data for chardet@https://registry.npmjs.org/chardet/-/chardet-2.2.0.tgz. Extracting by manifest.
4477 silly tarball no local data for @inquirer/external-editor@https://registry.npmjs.org/@inquirer/external-editor/-/external-editor-1.0.3.tgz. Extracting by manifest.
4478 silly tarball no local data for wrap-ansi@https://registry.npmjs.org/wrap-ansi/-/wrap-ansi-6.2.0.tgz. Extracting by manifest.
4479 silly tarball no local data for ansi-regex@https://registry.npmjs.org/ansi-regex/-/ansi-regex-5.0.1.tgz. Extracting by manifest.
4480 silly tarball no local data for strip-ansi@https://registry.npmjs.org/strip-ansi/-/strip-ansi-6.0.1.tgz. Extracting by manifest.
4481 silly tarball no local data for signal-exit@https://registry.npmjs.org/signal-exit/-/signal-exit-4.1.0.tgz. Extracting by manifest.
4482 silly tarball no local data for mute-stream@https://registry.npmjs.org/mute-stream/-/mute-stream-2.0.0.tgz. Extracting by manifest.
4483 silly tarball no local data for cli-width@https://registry.npmjs.org/cli-width/-/cli-width-4.1.0.tgz. Extracting by manifest.
4484 silly tarball no local data for yoctocolors-cjs@https://registry.npmjs.org/yoctocolors-cjs/-/yoctocolors-cjs-2.1.3.tgz. Extracting by manifest.
4485 silly tarball no local data for @inquirer/type@https://registry.npmjs.org/@inquirer/type/-/type-3.0.10.tgz. Extracting by manifest.
4486 silly tarball no local data for @inquirer/figures@https://registry.npmjs.org/@inquirer/figures/-/figures-1.0.15.tgz. Extracting by manifest.
4487 silly tarball no local data for @inquirer/core@https://registry.npmjs.org/@inquirer/core/-/core-10.3.2.tgz. Extracting by manifest.
4488 silly tarball no local data for @inquirer/ansi@https://registry.npmjs.org/@inquirer/ansi/-/ansi-1.0.2.tgz. Extracting by manifest.
4489 silly tarball no local data for @inquirer/select@https://registry.npmjs.org/@inquirer/select/-/select-4.4.2.tgz. Extracting by manifest.
4490 silly tarball no local data for @inquirer/search@https://registry.npmjs.org/@inquirer/search/-/search-3.2.2.tgz. Extracting by manifest.
4491 silly tarball no local data for @inquirer/rawlist@https://registry.npmjs.org/@inquirer/rawlist/-/rawlist-4.1.11.tgz. Extracting by manifest.
4492 silly tarball no local data for @inquirer/password@https://registry.npmjs.org/@inquirer/password/-/password-4.0.23.tgz. Extracting by manifest.
4493 silly tarball no local data for @inquirer/number@https://registry.npmjs.org/@inquirer/number/-/number-3.0.23.tgz. Extracting by manifest.
4494 silly tarball no local data for @inquirer/input@https://registry.npmjs.org/@inquirer/input/-/input-4.3.1.tgz. Extracting by manifest.
4495 silly tarball no local data for @inquirer/expand@https://registry.npmjs.org/@inquirer/expand/-/expand-4.0.23.tgz. Extracting by manifest.
4496 silly tarball no local data for @inquirer/editor@https://registry.npmjs.org/@inquirer/editor/-/editor-4.2.23.tgz. Extracting by manifest.
4497 silly tarball no local data for @inquirer/confirm@https://registry.npmjs.org/@inquirer/confirm/-/confirm-5.1.21.tgz. Extracting by manifest.
4498 silly tarball no local data for @inquirer/checkbox@https://registry.npmjs.org/@inquirer/checkbox/-/checkbox-4.3.2.tgz. Extracting by manifest.
4499 silly tarball no local data for yargs@https://registry.npmjs.org/yargs/-/yargs-17.7.3.tgz. Extracting by manifest.
4500 silly tarball no local data for protobufjs@https://registry.npmjs.org/protobufjs/-/protobufjs-7.6.6.tgz. Extracting by manifest.
4501 silly tarball no local data for lodash.camelcase@https://registry.npmjs.org/lodash.camelcase/-/lodash.camelcase-4.3.0.tgz. Extracting by manifest.
4502 silly tarball no local data for @js-sdsl/ordered-map@https://registry.npmjs.org/@js-sdsl/ordered-map/-/ordered-map-4.4.2.tgz. Extracting by manifest.
4503 silly tarball no local data for @grpc/proto-loader@https://registry.npmjs.org/@grpc/proto-loader/-/proto-loader-0.8.1.tgz. Extracting by manifest.
4504 silly tarball no local data for googleapis-common@https://registry.npmjs.org/googleapis-common/-/googleapis-common-8.0.3.tgz. Extracting by manifest.
4505 silly tarball no local data for data-uri-to-buffer@https://registry.npmjs.org/data-uri-to-buffer/-/data-uri-to-buffer-4.0.1.tgz. Extracting by manifest.
4506 silly tarball no local data for gtoken@https://registry.npmjs.org/gtoken/-/gtoken-8.0.0.tgz. Extracting by manifest.
4507 silly tarball no local data for gcp-metadata@https://registry.npmjs.org/gcp-metadata/-/gcp-metadata-8.1.4.tgz. Extracting by manifest.
4508 silly tarball no local data for node-fetch@https://registry.npmjs.org/node-fetch/-/node-fetch-3.3.2.tgz. Extracting by manifest.
4509 silly tarball no local data for google-logging-utils@https://registry.npmjs.org/google-logging-utils/-/google-logging-utils-1.1.3.tgz. Extracting by manifest.
4510 silly tarball no local data for google-auth-library@https://registry.npmjs.org/google-auth-library/-/google-auth-library-10.5.0.tgz. Extracting by manifest.
4511 silly tarball no local data for gaxios@https://registry.npmjs.org/gaxios/-/gaxios-7.1.3.tgz. Extracting by manifest.
4512 silly tarball no local data for long@https://registry.npmjs.org/long/-/long-5.3.2.tgz. Extracting by manifest.
4513 silly tarball no local data for lodash.snakecase@https://registry.npmjs.org/lodash.snakecase/-/lodash.snakecase-4.1.1.tgz. Extracting by manifest.
4514 silly tarball no local data for is-stream-ended@https://registry.npmjs.org/is-stream-ended/-/is-stream-ended-0.1.4.tgz. Extracting by manifest.
4515 silly tarball no local data for p-defer@https://registry.npmjs.org/p-defer/-/p-defer-3.0.0.tgz. Extracting by manifest.
4516 silly tarball no local data for heap-js@https://registry.npmjs.org/heap-js/-/heap-js-2.7.1.tgz. Extracting by manifest.
4517 silly tarball no local data for google-gax@https://registry.npmjs.org/google-gax/-/google-gax-5.0.8.tgz. Extracting by manifest.
4518 silly tarball no local data for data-uri-to-buffer@https://registry.npmjs.org/data-uri-to-buffer/-/data-uri-to-buffer-4.0.1.tgz. Extracting by manifest.
4519 silly tarball no local data for gtoken@https://registry.npmjs.org/gtoken/-/gtoken-8.0.0.tgz. Extracting by manifest.
4520 silly tarball no local data for gcp-metadata@https://registry.npmjs.org/gcp-metadata/-/gcp-metadata-8.1.4.tgz. Extracting by manifest.
4521 silly tarball no local data for gaxios@https://registry.npmjs.org/gaxios/-/gaxios-7.1.3.tgz. Extracting by manifest.
4522 silly tarball no local data for gaxios@https://registry.npmjs.org/gaxios/-/gaxios-7.3.1.tgz. Extracting by manifest.
4523 silly tarball no local data for node-fetch@https://registry.npmjs.org/node-fetch/-/node-fetch-3.3.2.tgz. Extracting by manifest.
4524 silly tarball no local data for google-logging-utils@https://registry.npmjs.org/google-logging-utils/-/google-logging-utils-1.1.3.tgz. Extracting by manifest.
4525 silly tarball no local data for google-auth-library@https://registry.npmjs.org/google-auth-library/-/google-auth-library-10.5.0.tgz. Extracting by manifest.
4526 silly tarball no local data for extend@https://registry.npmjs.org/extend/-/extend-3.0.2.tgz. Extracting by manifest.
4527 silly tarball no local data for arrify@https://registry.npmjs.org/arrify/-/arrify-2.0.1.tgz. Extracting by manifest.
4528 silly tarball no local data for @opentelemetry/semantic-conventions@https://registry.npmjs.org/@opentelemetry/semantic-conventions/-/semantic-conventions-1.39.0.tgz. Extracting by manifest.
4529 silly tarball no local data for @opentelemetry/core@https://registry.npmjs.org/@opentelemetry/core/-/core-1.30.1.tgz. Extracting by manifest.
4530 silly tarball no local data for @opentelemetry/semantic-conventions@https://registry.npmjs.org/@opentelemetry/semantic-conventions/-/semantic-conventions-1.28.0.tgz. Extracting by manifest.
4531 silly tarball no local data for @opentelemetry/api@https://registry.npmjs.org/@opentelemetry/api/-/api-1.9.1.tgz. Extracting by manifest.
4532 silly tarball no local data for @google-cloud/promisify@https://registry.npmjs.org/@google-cloud/promisify/-/promisify-5.1.0.tgz. Extracting by manifest.
4533 silly tarball no local data for @google-cloud/projectify@https://registry.npmjs.org/@google-cloud/projectify/-/projectify-5.2.0.tgz. Extracting by manifest.
4534 silly tarball no local data for @google-cloud/precise-date@https://registry.npmjs.org/@google-cloud/precise-date/-/precise-date-5.2.0.tgz. Extracting by manifest.
4535 silly tarball no local data for @google-cloud/paginator@https://registry.npmjs.org/@google-cloud/paginator/-/paginator-6.1.0.tgz. Extracting by manifest.
4536 silly tarball no local data for p-throttle@https://registry.npmjs.org/p-throttle/-/p-throttle-8.1.0.tgz. Extracting by manifest.
4537 silly tarball no local data for @grpc/grpc-js@https://registry.npmjs.org/@grpc/grpc-js/-/grpc-js-1.14.4.tgz. Extracting by manifest.
4538 silly tarball no local data for @googleapis/sqladmin@https://registry.npmjs.org/@googleapis/sqladmin/-/sqladmin-38.0.0.tgz. Extracting by manifest.
4539 silly tarball no local data for @google-cloud/sql@https://registry.npmjs.org/@google-cloud/sql/-/sql-0.25.0.tgz. Extracting by manifest.
4540 silly tarball no local data for zod@https://registry.npmjs.org/zod/-/zod-4.5.4.tgz. Extracting by manifest.
4541 silly tarball no local data for yaml@https://registry.npmjs.org/yaml/-/yaml-2.9.0.tgz. Extracting by manifest.
4542 silly tarball no local data for ws@https://registry.npmjs.org/ws/-/ws-8.21.3.tgz. Extracting by manifest.
4543 silly tarball no local data for winston-transport@https://registry.npmjs.org/winston-transport/-/winston-transport-4.9.0.tgz. Extracting by manifest.
4544 silly tarball no local data for readable-stream@https://registry.npmjs.org/readable-stream/-/readable-stream-3.6.2.tgz. Extracting by manifest.
4545 silly tarball no local data for winston@https://registry.npmjs.org/winston/-/winston-3.19.0.tgz. Extracting by manifest.
4546 silly tarball no local data for readable-stream@https://registry.npmjs.org/readable-stream/-/readable-stream-3.6.2.tgz. Extracting by manifest.
4547 silly tarball no local data for @colors/colors@https://registry.npmjs.org/@colors/colors/-/colors-1.6.0.tgz. Extracting by manifest.
4548 silly tarball no local data for update-notifier-cjs@https://registry.npmjs.org/update-notifier-cjs/-/update-notifier-cjs-5.1.7.tgz. Extracting by manifest.
4549 silly tarball no local data for chalk@https://registry.npmjs.org/chalk/-/chalk-4.1.2.tgz. Extracting by manifest.
4550 silly tarball no local data for universal-analytics@https://registry.npmjs.org/universal-analytics/-/universal-analytics-0.5.4.tgz. Extracting by manifest.
4551 silly tarball no local data for ms@https://registry.npmjs.org/ms/-/ms-2.1.3.tgz. Extracting by manifest.
4552 silly tarball no local data for uuid@https://registry.npmjs.org/uuid/-/uuid-14.0.2.tgz. Extracting by manifest.
4553 silly tarball no local data for debug@https://registry.npmjs.org/debug/-/debug-4.4.3.tgz. Extracting by manifest.
4554 silly tarball no local data for undici@https://registry.npmjs.org/undici/-/undici-6.28.0.tgz. Extracting by manifest.
4555 silly tarball no local data for triple-beam@https://registry.npmjs.org/triple-beam/-/triple-beam-1.4.1.tgz. Extracting by manifest.
4556 silly tarball no local data for tmp@https://registry.npmjs.org/tmp/-/tmp-0.2.7.tgz. Extracting by manifest.
4557 silly tarball no local data for tcp-port-used@https://registry.npmjs.org/tcp-port-used/-/tcp-port-used-1.0.3.tgz. Extracting by manifest.
4558 silly tarball no local data for ms@https://registry.npmjs.org/ms/-/ms-2.1.2.tgz. Extracting by manifest.
4559 silly tarball no local data for debug@https://registry.npmjs.org/debug/-/debug-4.3.1.tgz. Extracting by manifest.
4560 silly tarball no local data for tar@https://registry.npmjs.org/tar/-/tar-7.5.22.tgz. Extracting by manifest.
4561 silly tarball no local data for superstatic@https://registry.npmjs.org/superstatic/-/superstatic-10.0.0.tgz. Extracting by manifest.
4562 silly tarball no local data for brace-expansion@https://registry.npmjs.org/brace-expansion/-/brace-expansion-2.1.4.tgz. Extracting by manifest.
4563 silly tarball no local data for path-to-regexp@https://registry.npmjs.org/path-to-regexp/-/path-to-regexp-1.9.0.tgz. Extracting by manifest.
4564 silly tarball no local data for minimatch@https://registry.npmjs.org/minimatch/-/minimatch-6.2.3.tgz. Extracting by manifest.
4565 silly tarball no local data for commander@https://registry.npmjs.org/commander/-/commander-10.0.1.tgz. Extracting by manifest.
4566 silly tarball no local data for stream-json@https://registry.npmjs.org/stream-json/-/stream-json-1.9.1.tgz. Extracting by manifest.
4567 silly tarball no local data for stream-chain@https://registry.npmjs.org/stream-chain/-/stream-chain-2.2.5.tgz. Extracting by manifest.
4568 silly tarball no local data for sql-formatter@https://registry.npmjs.org/sql-formatter/-/sql-formatter-15.8.2.tgz. Extracting by manifest.
4569 silly tarball no local data for semver@https://registry.npmjs.org/semver/-/semver-7.8.5.tgz. Extracting by manifest.
4570 silly tarball no local data for retry@https://registry.npmjs.org/retry/-/retry-0.13.1.tgz. Extracting by manifest.
4571 silly tarball no local data for proxy-agent@https://registry.npmjs.org/proxy-agent/-/proxy-agent-6.5.0.tgz. Extracting by manifest.
4572 silly tarball no local data for ms@https://registry.npmjs.org/ms/-/ms-2.1.3.tgz. Extracting by manifest.
4573 silly tarball no local data for lru-cache@https://registry.npmjs.org/lru-cache/-/lru-cache-7.18.3.tgz. Extracting by manifest.
4574 silly tarball no local data for debug@https://registry.npmjs.org/debug/-/debug-4.4.3.tgz. Extracting by manifest.
4575 silly tarball no local data for progress@https://registry.npmjs.org/progress/-/progress-2.0.3.tgz. Extracting by manifest.
4576 silly tarball no local data for portfinder@https://registry.npmjs.org/portfinder/-/portfinder-1.0.38.tgz. Extracting by manifest.
4577 silly tarball no local data for ms@https://registry.npmjs.org/ms/-/ms-2.1.3.tgz. Extracting by manifest.
4578 silly tarball no local data for debug@https://registry.npmjs.org/debug/-/debug-4.4.3.tgz. Extracting by manifest.
4579 silly tarball no local data for pglite-2@https://registry.npmjs.org/@electric-sql/pglite/-/pglite-0.2.17.tgz. Extracting by manifest.
4580 silly tarball no local data for pg-gateway@https://registry.npmjs.org/pg-gateway/-/pg-gateway-0.3.0-beta.4.tgz. Extracting by manifest.
4581 silly tarball no local data for pg@https://registry.npmjs.org/pg/-/pg-8.23.0.tgz. Extracting by manifest.
4582 silly tarball no local data for ora@https://registry.npmjs.org/ora/-/ora-5.4.1.tgz. Extracting by manifest.
4583 silly tarball no local data for ansi-regex@https://registry.npmjs.org/ansi-regex/-/ansi-regex-5.0.1.tgz. Extracting by manifest.
4584 silly tarball no local data for strip-ansi@https://registry.npmjs.org/strip-ansi/-/strip-ansi-6.0.1.tgz. Extracting by manifest.
4585 silly tarball no local data for chalk@https://registry.npmjs.org/chalk/-/chalk-4.1.2.tgz. Extracting by manifest.
4586 silly tarball no local data for open@https://registry.npmjs.org/open/-/open-6.4.0.tgz. Extracting by manifest.
4587 silly tarball no local data for node-fetch@https://registry.npmjs.org/node-fetch/-/node-fetch-2.7.0.tgz. Extracting by manifest.
4588 silly tarball no local data for morgan@https://registry.npmjs.org/morgan/-/morgan-1.12.0.tgz. Extracting by manifest.
4589 silly tarball no local data for minimatch@https://registry.npmjs.org/minimatch/-/minimatch-3.1.5.tgz. Extracting by manifest.
4590 silly tarball no local data for mime@https://registry.npmjs.org/mime/-/mime-2.6.0.tgz. Extracting by manifest.
4591 silly tarball no local data for marked-terminal@https://registry.npmjs.org/marked-terminal/-/marked-terminal-7.3.0.tgz. Extracting by manifest.
4592 silly tarball no local data for marked@https://registry.npmjs.org/marked/-/marked-13.0.3.tgz. Extracting by manifest.
4593 silly tarball no local data for lsofi@https://registry.npmjs.org/lsofi/-/lsofi-2.0.0.tgz. Extracting by manifest.
4594 silly tarball no local data for lodash@https://registry.npmjs.org/lodash/-/lodash-4.18.1.tgz. Extracting by manifest.
4595 silly tarball no local data for libsodium-wrappers@https://registry.npmjs.org/libsodium-wrappers/-/libsodium-wrappers-0.7.16.tgz. Extracting by manifest.
4596 silly tarball no local data for jsonwebtoken@https://registry.npmjs.org/jsonwebtoken/-/jsonwebtoken-9.0.3.tgz. Extracting by manifest.
4597 silly tarball no local data for ms@https://registry.npmjs.org/ms/-/ms-2.1.3.tgz. Extracting by manifest.
4598 silly tarball no local data for js-yaml@https://registry.npmjs.org/js-yaml/-/js-yaml-4.3.2.tgz. Extracting by manifest.
4599 silly tarball no local data for ignore@https://registry.npmjs.org/ignore/-/ignore-7.0.8.tgz. Extracting by manifest.
4600 silly tarball no local data for google-auth-library@https://registry.npmjs.org/google-auth-library/-/google-auth-library-9.15.1.tgz. Extracting by manifest.
4601 silly tarball no local data for glob@https://registry.npmjs.org/glob/-/glob-10.5.0.tgz. Extracting by manifest.
4602 silly tarball no local data for brace-expansion@https://registry.npmjs.org/brace-expansion/-/brace-expansion-2.1.4.tgz. Extracting by manifest.
4603 silly tarball no local data for minimatch@https://registry.npmjs.org/minimatch/-/minimatch-9.0.9.tgz. Extracting by manifest.
4604 silly tarball no local data for gaxios@https://registry.npmjs.org/gaxios/-/gaxios-6.7.1.tgz. Extracting by manifest.
4605 silly tarball no local data for fuzzy@https://registry.npmjs.org/fuzzy/-/fuzzy-0.1.3.tgz. Extracting by manifest.
4606 silly tarball no local data for fs-extra@https://registry.npmjs.org/fs-extra/-/fs-extra-10.1.0.tgz. Extracting by manifest.
4607 silly tarball no local data for form-data@https://registry.npmjs.org/form-data/-/form-data-4.0.6.tgz. Extracting by manifest.
4608 silly tarball no local data for express@https://registry.npmjs.org/express/-/express-4.22.2.tgz. Extracting by manifest.
4609 silly tarball no local data for exegesis-express@https://registry.npmjs.org/exegesis-express/-/exegesis-express-4.0.0.tgz. Extracting by manifest.
4610 silly tarball no local data for exegesis@https://registry.npmjs.org/exegesis/-/exegesis-4.3.0.tgz. Extracting by manifest.
4611 silly tarball no local data for iconv-lite@https://registry.npmjs.org/iconv-lite/-/iconv-lite-0.4.24.tgz. Extracting by manifest.
4612 silly tarball no local data for raw-body@https://registry.npmjs.org/raw-body/-/raw-body-2.5.3.tgz. Extracting by manifest.
4613 silly tarball no local data for ajv-formats@https://registry.npmjs.org/ajv-formats/-/ajv-formats-2.1.1.tgz. Extracting by manifest.
4614 silly tarball no local data for csv-parse@https://registry.npmjs.org/csv-parse/-/csv-parse-5.6.0.tgz. Extracting by manifest.
4615 silly tarball no local data for cross-spawn@https://registry.npmjs.org/cross-spawn/-/cross-spawn-7.0.6.tgz. Extracting by manifest.
4616 silly tarball no local data for cross-env@https://registry.npmjs.org/cross-env/-/cross-env-7.0.3.tgz. Extracting by manifest.
4617 silly tarball no local data for cors@https://registry.npmjs.org/cors/-/cors-2.8.6.tgz. Extracting by manifest.
4618 silly tarball no local data for configstore@https://registry.npmjs.org/configstore/-/configstore-5.0.1.tgz. Extracting by manifest.
4619 silly tarball no local data for commander@https://registry.npmjs.org/commander/-/commander-5.1.0.tgz. Extracting by manifest.
4620 silly tarball no local data for colorette@https://registry.npmjs.org/colorette/-/colorette-2.0.20.tgz. Extracting by manifest.
4621 silly tarball no local data for cli-table3@https://registry.npmjs.org/cli-table3/-/cli-table3-0.6.5.tgz. Extracting by manifest.
4622 silly tarball no local data for cjson@https://registry.npmjs.org/cjson/-/cjson-0.3.3.tgz. Extracting by manifest.
4623 silly tarball no local data for chokidar@https://registry.npmjs.org/chokidar/-/chokidar-3.6.0.tgz. Extracting by manifest.
4624 silly tarball no local data for body-parser@https://registry.npmjs.org/body-parser/-/body-parser-1.20.6.tgz. Extracting by manifest.
4625 silly tarball no local data for raw-body@https://registry.npmjs.org/raw-body/-/raw-body-2.5.3.tgz. Extracting by manifest.
4626 silly tarball no local data for iconv-lite@https://registry.npmjs.org/iconv-lite/-/iconv-lite-0.4.24.tgz. Extracting by manifest.
4627 silly tarball no local data for async-lock@https://registry.npmjs.org/async-lock/-/async-lock-1.4.1.tgz. Extracting by manifest.
4628 silly tarball no local data for archiver@https://registry.npmjs.org/archiver/-/archiver-7.0.1.tgz. Extracting by manifest.
4629 silly tarball no local data for ajv-formats@https://registry.npmjs.org/ajv-formats/-/ajv-formats-3.0.1.tgz. Extracting by manifest.
4630 silly tarball no local data for ajv@https://registry.npmjs.org/ajv/-/ajv-8.20.0.tgz. Extracting by manifest.
4631 silly tarball no local data for abort-controller@https://registry.npmjs.org/abort-controller/-/abort-controller-3.0.0.tgz. Extracting by manifest.
4632 silly tarball no local data for @modelcontextprotocol/sdk@https://registry.npmjs.org/@modelcontextprotocol/sdk/-/sdk-1.30.0.tgz. Extracting by manifest.
4633 silly tarball no local data for media-typer@https://registry.npmjs.org/media-typer/-/media-typer-1.1.1.tgz. Extracting by manifest.
4634 silly tarball no local data for mime-db@https://registry.npmjs.org/mime-db/-/mime-db-1.54.0.tgz. Extracting by manifest.
4635 silly tarball no local data for ms@https://registry.npmjs.org/ms/-/ms-2.1.3.tgz. Extracting by manifest.
4636 silly tarball no local data for negotiator@https://registry.npmjs.org/negotiator/-/negotiator-1.1.0.tgz. Extracting by manifest.
4637 silly tarball no local data for content-type@https://registry.npmjs.org/content-type/-/content-type-2.1.0.tgz. Extracting by manifest.
4638 silly tarball no local data for type-is@https://registry.npmjs.org/type-is/-/type-is-2.1.0.tgz. Extracting by manifest.
4639 silly tarball no local data for content-type@https://registry.npmjs.org/content-type/-/content-type-2.1.0.tgz. Extracting by manifest.
4640 silly tarball no local data for serve-static@https://registry.npmjs.org/serve-static/-/serve-static-2.2.1.tgz. Extracting by manifest.
4641 silly tarball no local data for send@https://registry.npmjs.org/send/-/send-1.2.1.tgz. Extracting by manifest.
4642 silly tarball no local data for mime-types@https://registry.npmjs.org/mime-types/-/mime-types-3.0.2.tgz. Extracting by manifest.
4643 silly tarball no local data for merge-descriptors@https://registry.npmjs.org/merge-descriptors/-/merge-descriptors-2.0.0.tgz. Extracting by manifest.
4644 silly tarball no local data for fresh@https://registry.npmjs.org/fresh/-/fresh-2.0.0.tgz. Extracting by manifest.
4645 silly tarball no local data for finalhandler@https://registry.npmjs.org/finalhandler/-/finalhandler-2.1.1.tgz. Extracting by manifest.
4646 silly tarball no local data for debug@https://registry.npmjs.org/debug/-/debug-4.4.3.tgz. Extracting by manifest.
4647 silly tarball no local data for cookie-signature@https://registry.npmjs.org/cookie-signature/-/cookie-signature-1.2.2.tgz. Extracting by manifest.
4648 silly tarball no local data for content-disposition@https://registry.npmjs.org/content-disposition/-/content-disposition-1.1.0.tgz. Extracting by manifest.
4649 silly tarball no local data for body-parser@https://registry.npmjs.org/body-parser/-/body-parser-2.3.0.tgz. Extracting by manifest.
4650 silly tarball no local data for content-type@https://registry.npmjs.org/content-type/-/content-type-2.1.0.tgz. Extracting by manifest.
4651 silly tarball no local data for accepts@https://registry.npmjs.org/accepts/-/accepts-2.0.0.tgz. Extracting by manifest.
4652 silly tarball no local data for express@https://registry.npmjs.org/express/-/express-5.2.1.tgz. Extracting by manifest.
4653 silly tarball no local data for @inquirer/prompts@https://registry.npmjs.org/@inquirer/prompts/-/prompts-7.10.1.tgz. Extracting by manifest.
4654 silly tarball no local data for @google-cloud/pubsub@https://registry.npmjs.org/@google-cloud/pubsub/-/pubsub-5.3.1.tgz. Extracting by manifest.
4655 silly tarball no local data for data-uri-to-buffer@https://registry.npmjs.org/data-uri-to-buffer/-/data-uri-to-buffer-4.0.1.tgz. Extracting by manifest.
4656 silly tarball no local data for node-fetch@https://registry.npmjs.org/node-fetch/-/node-fetch-3.3.2.tgz. Extracting by manifest.
4657 silly tarball no local data for google-logging-utils@https://registry.npmjs.org/google-logging-utils/-/google-logging-utils-1.1.3.tgz. Extracting by manifest.
4658 silly tarball no local data for gcp-metadata@https://registry.npmjs.org/gcp-metadata/-/gcp-metadata-8.1.2.tgz. Extracting by manifest.
4659 silly tarball no local data for gaxios@https://registry.npmjs.org/gaxios/-/gaxios-7.3.1.tgz. Extracting by manifest.
4660 silly tarball no local data for google-auth-library@https://registry.npmjs.org/google-auth-library/-/google-auth-library-10.9.1.tgz. Extracting by manifest.
4661 silly tarball no local data for @google-cloud/cloud-sql-connector@https://registry.npmjs.org/@google-cloud/cloud-sql-connector/-/cloud-sql-connector-1.12.0.tgz. Extracting by manifest.
4662 silly tarball no local data for data-uri-to-buffer@https://registry.npmjs.org/data-uri-to-buffer/-/data-uri-to-buffer-4.0.1.tgz. Extracting by manifest.
4663 silly tarball no local data for google-logging-utils@https://registry.npmjs.org/google-logging-utils/-/google-logging-utils-2.0.1.tgz. Extracting by manifest.
4664 silly tarball no local data for gcp-metadata@https://registry.npmjs.org/gcp-metadata/-/gcp-metadata-9.0.3.tgz. Extracting by manifest.
4665 silly tarball no local data for gaxios@https://registry.npmjs.org/gaxios/-/gaxios-7.3.1.tgz. Extracting by manifest.
4666 silly tarball no local data for node-fetch@https://registry.npmjs.org/node-fetch/-/node-fetch-3.3.2.tgz. Extracting by manifest.
4667 silly tarball no local data for google-auth-library@https://registry.npmjs.org/google-auth-library/-/google-auth-library-11.0.2.tgz. Extracting by manifest.
4668 silly tarball no local data for gaxios@https://registry.npmjs.org/gaxios/-/gaxios-7.3.1.tgz. Extracting by manifest.
4669 silly tarball no local data for gaxios@https://registry.npmjs.org/gaxios/-/gaxios-8.0.0.tgz. Extracting by manifest.
4670 silly tarball no local data for @electric-sql/pglite-tools@https://registry.npmjs.org/@electric-sql/pglite-tools/-/pglite-tools-0.2.21.tgz. Extracting by manifest.
4671 silly tarball no local data for @electric-sql/pglite@https://registry.npmjs.org/@electric-sql/pglite/-/pglite-0.3.16.tgz. Extracting by manifest.
4672 silly tarball no local data for @apphosting/common@https://registry.npmjs.org/@apphosting/common/-/common-0.0.8.tgz. Extracting by manifest.
4673 silly tarball no local data for isarray@https://registry.npmjs.org/isarray/-/isarray-0.0.1.tgz. Extracting by manifest.
4674 silly tarball no local data for jwa@https://registry.npmjs.org/jwa/-/jwa-2.0.1.tgz. Extracting by manifest.
4675 http fetch GET 200 https://registry.npmjs.org/process-nextick-args/-/process-nextick-args-2.0.1.tgz 1374ms (cache miss)
4676 http fetch GET 200 https://registry.npmjs.org/require-directory/-/require-directory-2.1.1.tgz 1375ms (cache miss)
4677 http fetch GET 200 https://registry.npmjs.org/get-caller-file/-/get-caller-file-2.0.5.tgz 1442ms (cache miss)
4678 http fetch GET 200 https://registry.npmjs.org/isarray/-/isarray-1.0.0.tgz 1594ms (cache miss)
4679 http fetch GET 200 https://registry.npmjs.org/core-util-is/-/core-util-is-1.0.3.tgz 1593ms (cache miss)
4680 http fetch GET 200 https://registry.npmjs.org/ansi-regex/-/ansi-regex-5.0.1.tgz 1561ms (cache miss)
4681 http fetch GET 200 https://registry.npmjs.org/escalade/-/escalade-3.2.0.tgz 1640ms (cache miss)
4682 http fetch GET 200 https://registry.npmjs.org/eastasianwidth/-/eastasianwidth-0.2.0.tgz 1691ms (cache miss)
4683 http fetch GET 200 https://registry.npmjs.org/crc32-stream/-/crc32-stream-6.0.0.tgz 1687ms (cache miss)
4684 http fetch GET 200 https://registry.npmjs.org/cliui/-/cliui-8.0.1.tgz 1683ms (cache miss)
4685 http fetch GET 200 https://registry.npmjs.org/color-convert/-/color-convert-2.0.1.tgz 1680ms (cache miss)
4686 http fetch GET 200 https://registry.npmjs.org/util-deprecate/-/util-deprecate-1.0.2.tgz 1699ms (cache miss)
4687 http fetch GET 200 https://registry.npmjs.org/wrap-ansi/-/wrap-ansi-7.0.0.tgz 1725ms (cache miss)
4688 http fetch GET 200 https://registry.npmjs.org/strip-ansi/-/strip-ansi-6.0.1.tgz 1725ms (cache miss)
4689 http fetch GET 200 https://registry.npmjs.org/is-typedarray/-/is-typedarray-1.0.0.tgz 1725ms (cache miss)
4690 http fetch GET 200 https://registry.npmjs.org/typedarray-to-buffer/-/typedarray-to-buffer-3.1.5.tgz 1765ms (cache miss)
4691 http fetch GET 200 https://registry.npmjs.org/imurmurhash/-/imurmurhash-0.1.4.tgz 1765ms (cache miss)
4692 http fetch GET 200 https://registry.npmjs.org/@types/triple-beam/-/triple-beam-1.3.5.tgz 1762ms (cache miss)
4693 http fetch GET 200 https://registry.npmjs.org/text-hex/-/text-hex-1.0.0.tgz 1761ms (cache miss)
4694 http fetch GET 200 https://registry.npmjs.org/one-time/-/one-time-1.0.0.tgz 1758ms (cache miss)
4695 http fetch GET 200 https://registry.npmjs.org/safe-stable-stringify/-/safe-stable-stringify-2.5.0.tgz 1758ms (cache miss)
4696 http fetch GET 200 https://registry.npmjs.org/ansi-styles/-/ansi-styles-4.3.0.tgz 1803ms (cache miss)
4697 http fetch GET 200 https://registry.npmjs.org/color-name/-/color-name-2.1.1.tgz 1799ms (cache miss)
4698 http fetch GET 200 https://registry.npmjs.org/fn.name/-/fn.name-1.1.0.tgz 1843ms (cache miss)
4699 http fetch GET 200 https://registry.npmjs.org/color-name/-/color-name-1.1.4.tgz 1844ms (cache miss)
4700 http fetch GET 200 https://registry.npmjs.org/kuler/-/kuler-2.0.0.tgz 1839ms (cache miss)
4701 http fetch GET 200 https://registry.npmjs.org/rc/-/rc-1.2.8.tgz 1831ms (cache miss)
4702 http fetch GET 200 https://registry.npmjs.org/color-string/-/color-string-2.1.4.tgz 1875ms (cache miss)
4703 http fetch GET 200 https://registry.npmjs.org/stack-trace/-/stack-trace-0.0.10.tgz 1872ms (cache miss)
4704 http fetch GET 200 https://registry.npmjs.org/ms/-/ms-2.1.3.tgz 1870ms (cache miss)
4705 http fetch GET 200 https://registry.npmjs.org/enabled/-/enabled-2.0.0.tgz 1874ms (cache miss)
4706 http fetch GET 200 https://registry.npmjs.org/fetch-blob/-/fetch-blob-3.2.0.tgz 1928ms (cache miss)
4707 http fetch GET 200 https://registry.npmjs.org/defaults/-/defaults-1.0.4.tgz 1907ms (cache miss)
4708 http fetch GET 200 https://registry.npmjs.org/strip-json-comments/-/strip-json-comments-2.0.1.tgz 1907ms (cache miss)
4709 http fetch GET 200 https://registry.npmjs.org/widest-line/-/widest-line-3.1.0.tgz 1895ms (cache miss)
4710 http fetch GET 200 https://registry.npmjs.org/ini/-/ini-2.0.0.tgz 1898ms (cache miss)
4711 http fetch GET 200 https://registry.npmjs.org/formdata-polyfill/-/formdata-polyfill-4.0.10.tgz 1964ms (cache miss)
4712 http fetch GET 200 https://registry.npmjs.org/deep-extend/-/deep-extend-0.6.0.tgz 1942ms (cache miss)
4713 http fetch GET 200 https://registry.npmjs.org/proto-list/-/proto-list-1.2.4.tgz 1940ms (cache miss)
4714 http fetch GET 200 https://registry.npmjs.org/isexe/-/isexe-2.0.0.tgz 1984ms (cache miss)
4715 http fetch GET 200 https://registry.npmjs.org/webidl-conversions/-/webidl-conversions-3.0.1.tgz 1984ms (cache miss)
4716 http fetch GET 200 https://registry.npmjs.org/ini/-/ini-1.3.8.tgz 1980ms (cache miss)
4717 http fetch GET 200 https://registry.npmjs.org/escape-goat/-/escape-goat-2.1.1.tgz 1975ms (cache miss)
4718 http fetch GET 200 https://registry.npmjs.org/graceful-fs/-/graceful-fs-4.2.10.tgz 1978ms (cache miss)
4719 http fetch GET 200 https://registry.npmjs.org/global-dirs/-/global-dirs-3.0.1.tgz 1974ms (cache miss)
4720 http fetch GET 200 https://registry.npmjs.org/isomorphic-fetch/-/isomorphic-fetch-3.0.0.tgz 1968ms (cache miss)
4721 http fetch GET 200 https://registry.npmjs.org/is-installed-globally/-/is-installed-globally-0.4.0.tgz 1968ms (cache miss)
4722 http fetch GET 200 https://registry.npmjs.org/semver-diff/-/semver-diff-3.1.1.tgz 2012ms (cache miss)
4723 http fetch GET 200 https://registry.npmjs.org/cli-boxes/-/cli-boxes-2.2.1.tgz 2014ms (cache miss)
4724 http fetch GET 200 https://registry.npmjs.org/color/-/color-5.0.3.tgz 2074ms (cache miss)
4725 http fetch GET 200 https://registry.npmjs.org/is-path-inside/-/is-path-inside-3.0.3.tgz 2056ms (cache miss)
4726 http fetch GET 200 https://registry.npmjs.org/camelcase/-/camelcase-6.3.0.tgz 2057ms (cache miss)
4727 http fetch GET 200 https://registry.npmjs.org/ansi-align/-/ansi-align-3.0.1.tgz 2056ms (cache miss)
4728 http fetch GET 200 https://registry.npmjs.org/pupa/-/pupa-2.1.1.tgz 2055ms (cache miss)
4729 http fetch GET 200 https://registry.npmjs.org/registry-url/-/registry-url-5.1.0.tgz 2056ms (cache miss)
4730 http fetch GET 200 https://registry.npmjs.org/is-npm/-/is-npm-5.0.0.tgz 2054ms (cache miss)
4731 http fetch GET 200 https://registry.npmjs.org/media-typer/-/media-typer-0.3.0.tgz 2050ms (cache miss)
4732 http fetch GET 200 https://registry.npmjs.org/boxen/-/boxen-5.1.2.tgz 2054ms (cache miss)
4733 http fetch GET 200 https://registry.npmjs.org/thenify/-/thenify-3.3.1.tgz 2050ms (cache miss)
4734 http fetch GET 200 https://registry.npmjs.org/clone/-/clone-1.0.4.tgz 2111ms (cache miss)
4735 http fetch GET 200 https://registry.npmjs.org/config-chain/-/config-chain-1.1.13.tgz 2105ms (cache miss)
4736 http fetch GET 200 https://registry.npmjs.org/is-yarn-global/-/is-yarn-global-0.3.0.tgz 2093ms (cache miss)
4737 http fetch GET 200 https://registry.npmjs.org/has-yarn/-/has-yarn-2.1.0.tgz 2091ms (cache miss)
4738 http fetch GET 200 https://registry.npmjs.org/import-lazy/-/import-lazy-2.1.0.tgz 2092ms (cache miss)
4739 http fetch GET 200 https://registry.npmjs.org/is-ci/-/is-ci-2.0.0.tgz 2092ms (cache miss)
4740 http fetch GET 200 https://registry.npmjs.org/strip-ansi/-/strip-ansi-6.0.1.tgz 2091ms (cache miss)
4741 http fetch GET 200 https://registry.npmjs.org/ansi-regex/-/ansi-regex-5.0.1.tgz 2091ms (cache miss)
4742 http fetch GET 200 https://registry.npmjs.org/stream-events/-/stream-events-1.0.5.tgz 2087ms (cache miss)
4743 http fetch GET 200 https://registry.npmjs.org/y18n/-/y18n-5.0.8.tgz 2195ms (cache miss)
4744 http fetch GET 200 https://registry.npmjs.org/color-convert/-/color-convert-3.1.3.tgz 2185ms (cache miss)
4745 http fetch GET 200 https://registry.npmjs.org/ini/-/ini-1.3.8.tgz 2171ms (cache miss)
4746 http fetch GET 200 https://registry.npmjs.org/semver/-/semver-6.3.1.tgz 2161ms (cache miss)
4747 http fetch GET 200 https://registry.npmjs.org/registry-auth-token/-/registry-auth-token-5.1.1.tgz 2160ms (cache miss)
4748 http fetch GET 200 https://registry.npmjs.org/wrap-ansi/-/wrap-ansi-7.0.0.tgz 2155ms (cache miss)
4749 http fetch GET 200 https://registry.npmjs.org/crypto-random-string/-/crypto-random-string-2.0.0.tgz 2154ms (cache miss)
4750 http fetch GET 200 https://registry.npmjs.org/events-universal/-/events-universal-1.0.1.tgz 2148ms (cache miss)
4751 http fetch GET 200 https://registry.npmjs.org/bare-events/-/bare-events-2.9.2.tgz 2147ms (cache miss)
4752 http fetch GET 200 https://registry.npmjs.org/teex/-/teex-1.0.1.tgz 2185ms (cache miss)
4753 http fetch GET 200 https://registry.npmjs.org/supports-color/-/supports-color-7.2.0.tgz 2180ms (cache miss)
4754 http fetch GET 200 https://registry.npmjs.org/abbrev/-/abbrev-5.0.0.tgz 2179ms (cache miss)
4755 http fetch GET 200 https://registry.npmjs.org/tinyglobby/-/tinyglobby-0.2.17.tgz 2179ms (cache miss)
4756 http fetch GET 200 https://registry.npmjs.org/ci-info/-/ci-info-2.0.0.tgz 2252ms (cache miss)
4757 http fetch GET 200 https://registry.npmjs.org/ip-regex/-/ip-regex-2.1.0.tgz 2237ms (cache miss)
4758 http fetch GET 200 https://registry.npmjs.org/deep-is/-/deep-is-0.1.4.tgz 2237ms (cache miss)
4759 http fetch GET 200 https://registry.npmjs.org/fast-fifo/-/fast-fifo-1.3.2.tgz 2232ms (cache miss)
4760 http fetch GET 200 https://registry.npmjs.org/is-promise/-/is-promise-4.0.0.tgz 2228ms (cache miss)
4761 http fetch GET 200 https://registry.npmjs.org/fdir/-/fdir-6.5.0.tgz 2227ms (cache miss)
4762 http fetch GET 200 https://registry.npmjs.org/proc-log/-/proc-log-7.0.0.tgz 2227ms (cache miss)
4763 http fetch GET 200 https://registry.npmjs.org/exponential-backoff/-/exponential-backoff-3.1.3.tgz 2226ms (cache miss)
4764 http fetch GET 200 https://registry.npmjs.org/@so-ric/colorspace/-/colorspace-1.1.6.tgz 2310ms (cache miss)
4765 http fetch GET 200 https://registry.npmjs.org/chalk/-/chalk-4.1.2.tgz 2280ms (cache miss)
4766 http fetch GET 200 https://registry.npmjs.org/is-number/-/is-number-7.0.0.tgz 2278ms (cache miss)
4767 http fetch GET 200 https://registry.npmjs.org/has-flag/-/has-flag-4.0.0.tgz 2268ms (cache miss)
4768 http fetch GET 200 https://registry.npmjs.org/stubs/-/stubs-3.0.0.tgz 2321ms (cache miss)
4769 http fetch GET 200 https://registry.npmjs.org/bare-stream/-/bare-stream-2.13.4.tgz 2318ms (cache miss)
4770 http fetch GET 200 https://registry.npmjs.org/which/-/which-7.0.0.tgz 2308ms (cache miss)
4771 http fetch GET 200 https://registry.npmjs.org/lodash._objecttypes/-/lodash._objecttypes-2.4.1.tgz 2307ms (cache miss)
4772 http fetch GET 200 https://registry.npmjs.org/toxic/-/toxic-1.0.1.tgz 2305ms (cache miss)
4773 http fetch GET 200 https://registry.npmjs.org/glob-slash/-/glob-slash-1.0.0.tgz 2304ms (cache miss)
4774 http fetch GET 200 https://registry.npmjs.org/as-array/-/as-array-2.0.0.tgz 2307ms (cache miss)
4775 http fetch GET 200 https://registry.npmjs.org/crc-32/-/crc-32-1.2.2.tgz 2408ms (cache miss)
4776 http fetch GET 200 https://registry.npmjs.org/fecha/-/fecha-4.2.3.tgz 2398ms (cache miss)
4777 http fetch GET 200 https://registry.npmjs.org/env-paths/-/env-paths-2.2.1.tgz 2348ms (cache miss)
4778 http fetch GET 200 https://registry.npmjs.org/valid-url/-/valid-url-1.0.9.tgz 2345ms (cache miss)
4779 http fetch GET 200 https://registry.npmjs.org/url-join/-/url-join-0.0.1.tgz 2345ms (cache miss)
4780 http fetch GET 200 https://registry.npmjs.org/tsscmp/-/tsscmp-1.0.6.tgz 2342ms (cache miss)
4781 http fetch GET 200 https://registry.npmjs.org/router/-/router-2.2.0.tgz 2341ms (cache miss)
4782 http fetch GET 200 https://registry.npmjs.org/ms/-/ms-2.1.3.tgz 2343ms (cache miss)
4783 http fetch GET 200 https://registry.npmjs.org/is-url/-/is-url-1.2.4.tgz 2339ms (cache miss)
4784 http fetch GET 200 https://registry.npmjs.org/streamx/-/streamx-2.28.1.tgz 2400ms (cache miss)
4785 http fetch GET 200 https://registry.npmjs.org/compressible/-/compressible-2.0.18.tgz 2385ms (cache miss)
4786 http fetch GET 200 https://registry.npmjs.org/lodash.isobject/-/lodash.isobject-2.4.1.tgz 2386ms (cache miss)
4787 http fetch GET 200 https://registry.npmjs.org/debug/-/debug-4.4.3.tgz 2383ms (cache miss)
4788 http fetch GET 200 https://registry.npmjs.org/statuses/-/statuses-1.5.0.tgz 2380ms (cache miss)
4789 http fetch GET 200 https://registry.npmjs.org/finalhandler/-/finalhandler-1.1.2.tgz 2379ms (cache miss)
4790 http fetch GET 200 https://registry.npmjs.org/nopt/-/nopt-10.0.1.tgz 2430ms (cache miss)
4791 http fetch GET 200 https://registry.npmjs.org/join-path/-/join-path-1.1.1.tgz 2419ms (cache miss)
4792 http fetch GET 200 https://registry.npmjs.org/on-finished/-/on-finished-2.3.0.tgz 2417ms (cache miss)
4793 http fetch GET 200 https://registry.npmjs.org/encodeurl/-/encodeurl-1.0.2.tgz 2417ms (cache miss)
4794 http fetch GET 200 https://registry.npmjs.org/negotiator/-/negotiator-0.6.4.tgz 2415ms (cache miss)
4795 http fetch GET 200 https://registry.npmjs.org/basic-auth-connect/-/basic-auth-connect-1.1.0.tgz 2416ms (cache miss)
4796 http fetch GET 200 https://registry.npmjs.org/is-fullwidth-code-point/-/is-fullwidth-code-point-3.0.0.tgz 2416ms (cache miss)
4797 http fetch GET 200 https://registry.npmjs.org/ret/-/ret-0.1.15.tgz 2415ms (cache miss)
4798 http fetch GET 200 https://registry.npmjs.org/emoji-regex/-/emoji-regex-8.0.0.tgz 2415ms (cache miss)
4799 http fetch GET 200 https://registry.npmjs.org/path-to-regexp/-/path-to-regexp-8.4.2.tgz 2457ms (cache miss)
4800 http fetch GET 200 https://registry.npmjs.org/glob-slasher/-/glob-slasher-1.0.1.tgz 2456ms (cache miss)
4801 http fetch GET 200 https://registry.npmjs.org/side-channel-weakmap/-/side-channel-weakmap-1.0.2.tgz 2445ms (cache miss)
4802 http fetch GET 200 https://registry.npmjs.org/randexp/-/randexp-0.4.6.tgz 2450ms (cache miss)
4803 http fetch GET 200 https://registry.npmjs.org/side-channel-list/-/side-channel-list-1.0.1.tgz 2445ms (cache miss)
4804 http fetch GET 200 https://registry.npmjs.org/unicode-emoji-modifier-base/-/unicode-emoji-modifier-base-1.0.0.tgz 2448ms (cache miss)
4805 http fetch GET 200 https://registry.npmjs.org/discontinuous-range/-/discontinuous-range-1.0.0.tgz 2485ms (cache miss)
4806 http fetch GET 200 https://registry.npmjs.org/commander/-/commander-2.20.3.tgz 2484ms (cache miss)
4807 http fetch GET 200 https://registry.npmjs.org/call-bound/-/call-bound-1.0.4.tgz 2482ms (cache miss)
4808 http fetch GET 200 https://registry.npmjs.org/shebang-regex/-/shebang-regex-3.0.0.tgz 2480ms (cache miss)
4809 http fetch GET 200 https://registry.npmjs.org/teeny-request/-/teeny-request-10.1.4.tgz 2479ms (cache miss)
4810 http fetch GET 200 https://registry.npmjs.org/mimic-fn/-/mimic-fn-2.1.0.tgz 2511ms (cache miss)
4811 http fetch GET 200 https://registry.npmjs.org/debug/-/debug-4.4.3.tgz 2505ms (cache miss)
4812 http fetch GET 200 https://registry.npmjs.org/railroad-diagrams/-/railroad-diagrams-1.0.0.tgz 2523ms (cache miss)
4813 http fetch GET 200 https://registry.npmjs.org/moo/-/moo-0.5.3.tgz 2524ms (cache miss)
4814 http fetch GET 200 https://registry.npmjs.org/data-uri-to-buffer/-/data-uri-to-buffer-4.0.1.tgz 2517ms (cache miss)
4815 http fetch GET 200 https://registry.npmjs.org/process/-/process-0.11.10.tgz 2515ms (cache miss)
4816 http fetch GET 200 https://registry.npmjs.org/side-channel/-/side-channel-1.1.1.tgz 2515ms (cache miss)
4817 http fetch GET 200 https://registry.npmjs.org/text-decoder/-/text-decoder-1.2.7.tgz 2602ms (cache miss)
4818 http fetch GET 200 https://registry.npmjs.org/compression/-/compression-1.8.1.tgz 2576ms (cache miss)
4819 http fetch GET 200 https://registry.npmjs.org/side-channel-map/-/side-channel-map-1.0.1.tgz 2567ms (cache miss)
4820 http fetch GET 200 https://registry.npmjs.org/string_decoder/-/string_decoder-1.3.0.tgz 2565ms (cache miss)
4821 http fetch GET 200 https://registry.npmjs.org/esutils/-/esutils-2.0.3.tgz 2564ms (cache miss)
4822 http fetch GET 200 https://registry.npmjs.org/netmask/-/netmask-2.1.1.tgz 2562ms (cache miss)
4823 http fetch GET 200 https://registry.npmjs.org/whatwg-fetch/-/whatwg-fetch-3.6.20.tgz 2768ms (cache miss)
4824 http fetch GET 200 https://registry.npmjs.org/connect/-/connect-3.7.0.tgz 2729ms (cache miss)
4825 http fetch GET 200 https://registry.npmjs.org/onetime/-/onetime-5.1.2.tgz 2714ms (cache miss)
4826 http fetch GET 200 https://registry.npmjs.org/escodegen/-/escodegen-2.1.0.tgz 2712ms (cache miss)
4827 http fetch GET 200 https://registry.npmjs.org/ms/-/ms-2.1.3.tgz 2707ms (cache miss)
4828 http fetch GET 200 https://registry.npmjs.org/ms/-/ms-2.1.3.tgz 2709ms (cache miss)
4829 http fetch GET 200 https://registry.npmjs.org/ms/-/ms-2.1.3.tgz 2705ms (cache miss)
4830 http fetch GET 200 https://registry.npmjs.org/ms/-/ms-2.1.3.tgz 2705ms (cache miss)
4831 http fetch GET 200 https://registry.npmjs.org/estraverse/-/estraverse-5.3.0.tgz 2772ms (cache miss)
4832 http fetch GET 200 https://registry.npmjs.org/install-artifact-from-github/-/install-artifact-from-github-1.8.0.tgz 2834ms (cache miss)
4833 http fetch GET 200 https://registry.npmjs.org/socks-proxy-agent/-/socks-proxy-agent-8.0.5.tgz 2799ms (cache miss)
4834 http fetch GET 200 https://registry.npmjs.org/http-proxy-agent/-/http-proxy-agent-7.0.2.tgz 2797ms (cache miss)
4835 http fetch GET 200 https://registry.npmjs.org/debug/-/debug-4.4.3.tgz 2795ms (cache miss)
4836 http fetch GET 200 https://registry.npmjs.org/debug/-/debug-4.4.3.tgz 2800ms (cache miss)
4837 http fetch GET 200 https://registry.npmjs.org/debug/-/debug-4.4.3.tgz 2799ms (cache miss)
4838 http fetch GET 200 https://registry.npmjs.org/is2/-/is2-2.0.1.tgz 2900ms (cache miss)
4839 http fetch GET 200 https://registry.npmjs.org/proxy-from-env/-/proxy-from-env-1.1.0.tgz 2848ms (cache miss)
4840 http fetch GET 200 https://registry.npmjs.org/@protobufjs/float/-/float-1.0.2.tgz 2841ms (cache miss)
4841 http fetch GET 200 https://registry.npmjs.org/@protobufjs/path/-/path-1.1.2.tgz 2842ms (cache miss)
4842 http fetch GET 200 https://registry.npmjs.org/@protobufjs/codegen/-/codegen-2.0.5.tgz 2840ms (cache miss)
4843 http fetch GET 200 https://registry.npmjs.org/xtend/-/xtend-4.0.2.tgz 2839ms (cache miss)
4844 http fetch GET 200 https://registry.npmjs.org/@protobufjs/base64/-/base64-1.1.2.tgz 2841ms (cache miss)
4845 http fetch GET 200 https://registry.npmjs.org/forwarded/-/forwarded-0.2.0.tgz 2875ms (cache miss)
4846 http fetch GET 200 https://registry.npmjs.org/@protobufjs/pool/-/pool-1.1.0.tgz 2874ms (cache miss)
4847 http fetch GET 200 https://registry.npmjs.org/@protobufjs/fetch/-/fetch-1.1.1.tgz 2872ms (cache miss)
4848 http fetch GET 200 https://registry.npmjs.org/@protobufjs/eventemitter/-/eventemitter-1.1.1.tgz 2873ms (cache miss)
4849 http fetch GET 200 https://registry.npmjs.org/split2/-/split2-4.2.0.tgz 2870ms (cache miss)
4850 http fetch GET 200 https://registry.npmjs.org/@protobufjs/aspromise/-/aspromise-1.1.2.tgz 2872ms (cache miss)
4851 http fetch GET 200 https://registry.npmjs.org/postgres-interval/-/postgres-interval-1.2.0.tgz 2868ms (cache miss)
4852 http fetch GET 200 https://registry.npmjs.org/postgres-bytea/-/postgres-bytea-1.0.1.tgz 2868ms (cache miss)
4853 http fetch GET 200 https://registry.npmjs.org/pgpass/-/pgpass-1.0.5.tgz 2866ms (cache miss)
4854 http fetch GET 200 https://registry.npmjs.org/postgres-array/-/postgres-array-2.0.0.tgz 2867ms (cache miss)
4855 http fetch GET 200 https://registry.npmjs.org/pg-int8/-/pg-int8-1.0.1.tgz 2868ms (cache miss)
4856 http fetch GET 200 https://registry.npmjs.org/ipaddr.js/-/ipaddr.js-1.9.1.tgz 2918ms (cache miss)
4857 http fetch GET 200 https://registry.npmjs.org/@protobufjs/utf8/-/utf8-1.1.2.tgz 2916ms (cache miss)
4858 http fetch GET 200 https://registry.npmjs.org/pg-connection-string/-/pg-connection-string-2.14.0.tgz 2903ms (cache miss)
4859 http fetch GET 200 https://registry.npmjs.org/pg-types/-/pg-types-2.2.0.tgz 2905ms (cache miss)
4860 http fetch GET 200 https://registry.npmjs.org/pg-cloudflare/-/pg-cloudflare-1.4.0.tgz 2903ms (cache miss)
4861 http fetch GET 200 https://registry.npmjs.org/restore-cursor/-/restore-cursor-3.1.0.tgz 2903ms (cache miss)
4862 http fetch GET 200 https://registry.npmjs.org/postgres-date/-/postgres-date-1.0.7.tgz 2942ms (cache miss)
4863 http fetch GET 200 https://registry.npmjs.org/signal-exit/-/signal-exit-3.0.7.tgz 2937ms (cache miss)
4864 http fetch GET 200 https://registry.npmjs.org/wcwidth/-/wcwidth-1.0.1.tgz 2935ms (cache miss)
4865 http fetch GET 200 https://registry.npmjs.org/log-symbols/-/log-symbols-4.1.0.tgz 2936ms (cache miss)
4866 http fetch GET 200 https://registry.npmjs.org/ieee754/-/ieee754-1.2.1.tgz 2937ms (cache miss)
4867 http fetch GET 200 https://registry.npmjs.org/is-interactive/-/is-interactive-1.0.0.tgz 2935ms (cache miss)
4868 http fetch GET 200 https://registry.npmjs.org/@dabh/diagnostics/-/diagnostics-2.0.8.tgz 3079ms (cache miss)
4869 http fetch GET 200 https://registry.npmjs.org/@pnpm/npm-conf/-/npm-conf-3.0.3.tgz 3069ms (cache miss)
4870 http fetch GET 200 https://registry.npmjs.org/pac-proxy-agent/-/pac-proxy-agent-7.2.0.tgz 2996ms (cache miss)
4871 http fetch GET 200 https://registry.npmjs.org/pg-pool/-/pg-pool-3.14.0.tgz 2979ms (cache miss)
4872 http fetch GET 200 https://registry.npmjs.org/buffer/-/buffer-5.7.1.tgz 2976ms (cache miss)
4873 http fetch GET 200 https://registry.npmjs.org/cli-spinners/-/cli-spinners-2.9.2.tgz 2974ms (cache miss)
4874 http fetch GET 200 https://registry.npmjs.org/wrappy/-/wrappy-1.0.2.tgz 2971ms (cache miss)
4875 http fetch GET 200 https://registry.npmjs.org/cli-cursor/-/cli-cursor-3.1.0.tgz 2974ms (cache miss)
4876 http fetch GET 200 https://registry.npmjs.org/is-wsl/-/is-wsl-1.1.0.tgz 2973ms (cache miss)
4877 http fetch GET 200 https://registry.npmjs.org/ee-first/-/ee-first-1.1.1.tgz 2972ms (cache miss)
4878 http fetch GET 200 https://registry.npmjs.org/chalk/-/chalk-4.1.2.tgz 3009ms (cache miss)
4879 http fetch GET 200 https://registry.npmjs.org/is-unicode-supported/-/is-unicode-supported-0.1.0.tgz 3009ms (cache miss)
4880 http fetch GET 200 https://registry.npmjs.org/char-regex/-/char-regex-1.0.2.tgz 3003ms (cache miss)
4881 http fetch GET 200 https://registry.npmjs.org/skin-tone/-/skin-tone-2.0.0.tgz 3005ms (cache miss)
4882 http fetch GET 200 https://registry.npmjs.org/thenify-all/-/thenify-all-1.6.0.tgz 3003ms (cache miss)
4883 http fetch GET 200 https://registry.npmjs.org/any-promise/-/any-promise-1.3.0.tgz 3003ms (cache miss)
4884 http fetch GET 200 https://registry.npmjs.org/on-headers/-/on-headers-1.1.0.tgz 3036ms (cache miss)
4885 http fetch GET 200 https://registry.npmjs.org/concat-map/-/concat-map-0.0.1.tgz 3036ms (cache miss)
4886 http fetch GET 200 https://registry.npmjs.org/basic-auth/-/basic-auth-2.0.1.tgz 3037ms (cache miss)
4887 http fetch GET 200 https://registry.npmjs.org/balanced-match/-/balanced-match-1.0.2.tgz 3036ms (cache miss)
4888 http fetch GET 200 https://registry.npmjs.org/bl/-/bl-4.1.0.tgz 3081ms (cache miss)
4889 http fetch GET 200 https://registry.npmjs.org/parse5-htmlparser2-tree-adapter/-/parse5-htmlparser2-tree-adapter-6.0.1.tgz 3072ms (cache miss)
4890 http fetch GET 200 https://registry.npmjs.org/environment/-/environment-1.1.0.tgz 3070ms (cache miss)
4891 http fetch GET 200 https://registry.npmjs.org/picomatch/-/picomatch-4.0.7.tgz 3187ms (cache miss)
4892 http fetch GET 200 https://registry.npmjs.org/whatwg-url/-/whatwg-url-5.0.0.tgz 3116ms (cache miss)
4893 http fetch GET 200 https://registry.npmjs.org/mz/-/mz-2.7.0.tgz 3108ms (cache miss)
4894 http fetch GET 200 https://registry.npmjs.org/brace-expansion/-/brace-expansion-1.1.18.tgz 3112ms (cache miss)
4895 http fetch GET 200 https://registry.npmjs.org/wrap-ansi/-/wrap-ansi-7.0.0.tgz 3106ms (cache miss)
4896 http fetch GET 200 https://registry.npmjs.org/strip-ansi/-/strip-ansi-6.0.1.tgz 3106ms (cache miss)
4897 http fetch GET 200 https://registry.npmjs.org/ansi-regex/-/ansi-regex-5.0.1.tgz 3108ms (cache miss)
4898 http fetch GET 200 https://registry.npmjs.org/mime-db/-/mime-db-1.52.0.tgz 3167ms (cache miss)
4899 http fetch GET 200 https://registry.npmjs.org/chalk/-/chalk-4.1.2.tgz 3160ms (cache miss)
4900 http fetch GET 200 https://registry.npmjs.org/ansi-regex/-/ansi-regex-6.3.0.tgz 3159ms (cache miss)
4901 http fetch GET 200 https://registry.npmjs.org/ansi-escapes/-/ansi-escapes-7.3.0.tgz 3159ms (cache miss)
4902 http fetch GET 200 https://registry.npmjs.org/lodash.isplainobject/-/lodash.isplainobject-4.0.6.tgz 3157ms (cache miss)
4903 http fetch GET 200 https://registry.npmjs.org/lodash.isstring/-/lodash.isstring-4.0.1.tgz 3157ms (cache miss)
4904 http fetch GET 200 https://registry.npmjs.org/@sindresorhus/is/-/is-4.6.0.tgz 3210ms (cache miss)
4905 http fetch GET 200 https://registry.npmjs.org/safe-buffer/-/safe-buffer-5.1.2.tgz 3208ms (cache miss)
4906 http fetch GET 200 https://registry.npmjs.org/supports-hyperlinks/-/supports-hyperlinks-3.2.0.tgz 3202ms (cache miss)
4907 http fetch GET 200 https://registry.npmjs.org/cliui/-/cliui-7.0.4.tgz 3200ms (cache miss)
4908 http fetch GET 200 https://registry.npmjs.org/lodash.once/-/lodash.once-4.1.1.tgz 3197ms (cache miss)
4909 http fetch GET 200 https://registry.npmjs.org/lodash.isnumber/-/lodash.isnumber-3.0.3.tgz 3195ms (cache miss)
4910 http fetch GET 200 https://registry.npmjs.org/lodash.isinteger/-/lodash.isinteger-4.0.4.tgz 3196ms (cache miss)
4911 http fetch GET 200 https://registry.npmjs.org/lodash.isboolean/-/lodash.isboolean-3.0.3.tgz 3195ms (cache miss)
4912 http fetch GET 200 https://registry.npmjs.org/tslib/-/tslib-2.8.1.tgz 3286ms (cache miss)
4913 http fetch GET 200 https://registry.npmjs.org/node-emoji/-/node-emoji-2.2.0.tgz 3240ms (cache miss)
4914 http fetch GET 200 https://registry.npmjs.org/buffer-equal-constant-time/-/buffer-equal-constant-time-1.0.1.tgz 3233ms (cache miss)
4915 http fetch GET 200 https://registry.npmjs.org/lodash.includes/-/lodash.includes-4.3.0.tgz 3231ms (cache miss)
4916 http fetch GET 200 https://registry.npmjs.org/wrap-ansi/-/wrap-ansi-7.0.0.tgz 3229ms (cache miss)
4917 http fetch GET 200 https://registry.npmjs.org/ansi-regex/-/ansi-regex-5.0.1.tgz 3229ms (cache miss)
4918 http fetch GET 200 https://registry.npmjs.org/ansi-regex/-/ansi-regex-5.0.1.tgz 3229ms (cache miss)
4919 http fetch GET 200 https://registry.npmjs.org/ansi-regex/-/ansi-regex-5.0.1.tgz 3227ms (cache miss)
4920 http fetch GET 200 https://registry.npmjs.org/strip-ansi/-/strip-ansi-6.0.1.tgz 3230ms (cache miss)
4921 http fetch GET 200 https://registry.npmjs.org/strip-ansi/-/strip-ansi-6.0.1.tgz 3229ms (cache miss)
4922 http fetch GET 200 https://registry.npmjs.org/strip-ansi/-/strip-ansi-6.0.1.tgz 3228ms (cache miss)
4923 http fetch GET 200 https://registry.npmjs.org/strip-ansi/-/strip-ansi-7.2.0.tgz 3229ms (cache miss)
4924 http fetch GET 200 https://registry.npmjs.org/argparse/-/argparse-2.0.1.tgz 3269ms (cache miss)
4925 http fetch GET 200 https://registry.npmjs.org/ansi-styles/-/ansi-styles-6.2.3.tgz 3263ms (cache miss)
4926 http fetch GET 200 https://registry.npmjs.org/wrap-ansi/-/wrap-ansi-8.1.0.tgz 3263ms (cache miss)
4927 http fetch GET 200 https://registry.npmjs.org/@pnpm/config.env-replace/-/config.env-replace-1.1.0.tgz 3426ms (cache miss)
4928 http fetch GET 200 https://registry.npmjs.org/string-width/-/string-width-4.2.3.tgz 3299ms (cache miss)
4929 http fetch GET 200 https://registry.npmjs.org/string-width/-/string-width-5.1.2.tgz 3295ms (cache miss)
4930 http fetch GET 200 https://registry.npmjs.org/binary-extensions/-/binary-extensions-2.3.0.tgz 3294ms (cache miss)
4931 http fetch GET 200 https://registry.npmjs.org/agent-base/-/agent-base-7.1.4.tgz 3293ms (cache miss)
4932 http fetch GET 200 https://registry.npmjs.org/toidentifier/-/toidentifier-1.0.1.tgz 3294ms (cache miss)
4933 http fetch GET 200 https://registry.npmjs.org/once/-/once-1.4.0.tgz 3293ms (cache miss)
4934 http fetch GET 200 https://registry.npmjs.org/stream-shift/-/stream-shift-1.0.3.tgz 3292ms (cache miss)
4935 http fetch GET 200 https://registry.npmjs.org/url-template/-/url-template-2.0.8.tgz 3294ms (cache miss)
4936 http fetch GET 200 https://registry.npmjs.org/@pnpm/network.ca-file/-/network.ca-file-1.0.2.tgz 3466ms (cache miss)
4937 http fetch GET 200 https://registry.npmjs.org/b4a/-/b4a-1.8.1.tgz 3438ms (cache miss)
4938 http fetch GET 200 https://registry.npmjs.org/smart-buffer/-/smart-buffer-4.2.0.tgz 3410ms (cache miss)
4939 http fetch GET 200 https://registry.npmjs.org/emoji-regex/-/emoji-regex-9.2.2.tgz 3334ms (cache miss)
4940 http fetch GET 200 https://registry.npmjs.org/is-extglob/-/is-extglob-2.1.1.tgz 3334ms (cache miss)
4941 http fetch GET 200 https://registry.npmjs.org/safer-buffer/-/safer-buffer-2.1.2.tgz 3333ms (cache miss)
4942 http fetch GET 200 https://registry.npmjs.org/inherits/-/inherits-2.0.4.tgz 3331ms (cache miss)
4943 http fetch GET 200 https://registry.npmjs.org/end-of-stream/-/end-of-stream-1.4.5.tgz 3330ms (cache miss)
4944 http fetch GET 200 https://registry.npmjs.org/retry-request/-/retry-request-8.0.4.tgz 3329ms (cache miss)
4945 http fetch GET 200 https://registry.npmjs.org/@isaacs/cliui/-/cliui-8.0.2.tgz 3363ms (cache miss)
4946 http fetch GET 200 https://registry.npmjs.org/object-hash/-/object-hash-3.0.0.tgz 3355ms (cache miss)
4947 http fetch GET 200 https://registry.npmjs.org/json-bigint/-/json-bigint-1.0.0.tgz 3354ms (cache miss)
4948 http fetch GET 200 https://registry.npmjs.org/gtoken/-/gtoken-7.1.0.tgz 3353ms (cache miss)
4949 http fetch GET 200 https://registry.npmjs.org/duplexify/-/duplexify-4.1.3.tgz 3357ms (cache miss)
4950 http fetch GET 200 https://registry.npmjs.org/ecdsa-sig-formatter/-/ecdsa-sig-formatter-1.0.11.tgz 3353ms (cache miss)
4951 http fetch GET 200 https://registry.npmjs.org/emojilib/-/emojilib-2.4.0.tgz 3428ms (cache miss)
4952 http fetch GET 200 https://registry.npmjs.org/base64-js/-/base64-js-1.5.1.tgz 3388ms (cache miss)
4953 http fetch GET 200 https://registry.npmjs.org/package-json-from-dist/-/package-json-from-dist-1.0.1.tgz 3388ms (cache miss)
4954 http fetch GET 200 https://registry.npmjs.org/foreground-child/-/foreground-child-3.3.1.tgz 3387ms (cache miss)
4955 http fetch GET 200 https://registry.npmjs.org/dunder-proto/-/dunder-proto-1.0.1.tgz 3387ms (cache miss)
4956 http fetch GET 200 https://registry.npmjs.org/jws/-/jws-4.0.1.tgz 3430ms (cache miss)
4957 http fetch GET 200 https://registry.npmjs.org/math-intrinsics/-/math-intrinsics-1.1.0.tgz 3424ms (cache miss)
4958 http fetch GET 200 https://registry.npmjs.org/gopd/-/gopd-1.2.0.tgz 3424ms (cache miss)
4959 http fetch GET 200 https://registry.npmjs.org/es-object-atoms/-/es-object-atoms-1.1.2.tgz 3422ms (cache miss)
4960 http fetch GET 200 https://registry.npmjs.org/function-bind/-/function-bind-1.1.2.tgz 3423ms (cache miss)
4961 http fetch GET 200 https://registry.npmjs.org/get-proto/-/get-proto-1.0.1.tgz 3425ms (cache miss)
4962 http fetch GET 200 https://registry.npmjs.org/es-define-property/-/es-define-property-1.0.1.tgz 3423ms (cache miss)
4963 http fetch GET 200 https://registry.npmjs.org/call-bind-apply-helpers/-/call-bind-apply-helpers-1.0.2.tgz 3423ms (cache miss)
4964 http fetch GET 200 https://registry.npmjs.org/minimist/-/minimist-1.2.8.tgz 3802ms (cache miss)
4965 http fetch GET 200 https://registry.npmjs.org/chownr/-/chownr-3.0.0.tgz 3768ms (cache miss)
4966 http fetch GET 200 https://registry.npmjs.org/es-errors/-/es-errors-1.3.0.tgz 3639ms (cache miss)
4967 http fetch GET 200 https://registry.npmjs.org/delayed-stream/-/delayed-stream-1.0.0.tgz 3639ms (cache miss)
4968 http fetch GET 200 https://registry.npmjs.org/hasown/-/hasown-2.0.4.tgz 3640ms (cache miss)
4969 http fetch GET 200 https://registry.npmjs.org/es-set-tostringtag/-/es-set-tostringtag-2.1.0.tgz 3639ms (cache miss)
4970 http fetch GET 200 https://registry.npmjs.org/ms/-/ms-2.1.3.tgz 3646ms (cache miss)
4971 http fetch GET 200 https://registry.npmjs.org/ms/-/ms-2.1.3.tgz 3634ms (cache miss)
4972 http fetch GET 200 https://registry.npmjs.org/debug/-/debug-4.4.3.tgz 3646ms (cache miss)
4973 http fetch GET 200 https://registry.npmjs.org/jsonfile/-/jsonfile-6.2.1.tgz 3645ms (cache miss)
4974 http fetch GET 200 https://registry.npmjs.org/has-tostringtag/-/has-tostringtag-1.0.2.tgz 3645ms (cache miss)
4975 http fetch GET 200 https://registry.npmjs.org/get-intrinsic/-/get-intrinsic-1.3.0.tgz 3690ms (cache miss)
4976 http fetch GET 200 https://registry.npmjs.org/negotiator/-/negotiator-0.6.3.tgz 3686ms (cache miss)
4977 http fetch GET 200 https://registry.npmjs.org/combined-stream/-/combined-stream-1.0.8.tgz 3688ms (cache miss)
4978 http fetch GET 200 https://registry.npmjs.org/to-regex-range/-/to-regex-range-5.0.1.tgz 3688ms (cache miss)
4979 http fetch GET 200 https://registry.npmjs.org/https-proxy-agent/-/https-proxy-agent-7.0.6.tgz 3728ms (cache miss)
4980 http fetch GET 200 https://registry.npmjs.org/universalify/-/universalify-2.0.1.tgz 3726ms (cache miss)
4981 http fetch GET 200 https://registry.npmjs.org/statuses/-/statuses-2.0.2.tgz 3719ms (cache miss)
4982 http fetch GET 200 https://registry.npmjs.org/mime-types/-/mime-types-2.1.35.tgz 3720ms (cache miss)
4983 http fetch GET 200 https://registry.npmjs.org/setprototypeof/-/setprototypeof-1.2.0.tgz 3720ms (cache miss)
4984 http fetch GET 200 https://registry.npmjs.org/utils-merge/-/utils-merge-1.0.1.tgz 3721ms (cache miss)
4985 http fetch GET 200 https://registry.npmjs.org/range-parser/-/range-parser-1.2.1.tgz 3717ms (cache miss)
4986 http fetch GET 200 https://registry.npmjs.org/yargs-parser/-/yargs-parser-21.1.1.tgz 3950ms (cache miss)
4987 http fetch GET 200 https://registry.npmjs.org/tr46/-/tr46-0.0.3.tgz 3932ms (cache miss)
4988 http fetch GET 200 https://registry.npmjs.org/degenerator/-/degenerator-5.0.1.tgz 3855ms (cache miss)
4989 http fetch GET 200 https://registry.npmjs.org/jju/-/jju-1.4.0.tgz 3800ms (cache miss)
4990 http fetch GET 200 https://registry.npmjs.org/serve-static/-/serve-static-1.16.3.tgz 3761ms (cache miss)
4991 http fetch GET 200 https://registry.npmjs.org/send/-/send-0.19.2.tgz 3762ms (cache miss)
4992 http fetch GET 200 https://registry.npmjs.org/mime/-/mime-1.6.0.tgz 3761ms (cache miss)
4993 http fetch GET 200 https://registry.npmjs.org/safe-buffer/-/safe-buffer-5.2.1.tgz 3760ms (cache miss)
4994 http fetch GET 200 https://registry.npmjs.org/proxy-addr/-/proxy-addr-2.0.7.tgz 3760ms (cache miss)
4995 http fetch GET 200 https://registry.npmjs.org/methods/-/methods-1.1.2.tgz 3759ms (cache miss)
4996 http fetch GET 200 https://registry.npmjs.org/merge-descriptors/-/merge-descriptors-1.0.3.tgz 3759ms (cache miss)
4997 http fetch GET 200 https://registry.npmjs.org/parseurl/-/parseurl-1.3.3.tgz 3760ms (cache miss)
4998 http fetch GET 200 https://registry.npmjs.org/data-uri-to-buffer/-/data-uri-to-buffer-6.0.2.tgz 3895ms (cache miss)
4999 http fetch GET 200 https://registry.npmjs.org/fresh/-/fresh-0.5.2.tgz 3795ms (cache miss)
5000 http fetch GET 200 https://registry.npmjs.org/finalhandler/-/finalhandler-1.3.2.tgz 3796ms (cache miss)
5001 http fetch GET 200 https://registry.npmjs.org/escape-html/-/escape-html-1.0.3.tgz 3795ms (cache miss)
5002 http fetch GET 200 https://registry.npmjs.org/etag/-/etag-1.8.1.tgz 3796ms (cache miss)
5003 http fetch GET 200 https://registry.npmjs.org/content-disposition/-/content-disposition-0.5.4.tgz 3794ms (cache miss)
5004 http fetch GET 200 https://registry.npmjs.org/encodeurl/-/encodeurl-2.0.0.tgz 3795ms (cache miss)
5005 http fetch GET 200 https://registry.npmjs.org/cookie-signature/-/cookie-signature-1.0.7.tgz 3796ms (cache miss)
5006 http fetch GET 200 https://registry.npmjs.org/path-to-regexp/-/path-to-regexp-0.1.13.tgz 3834ms (cache miss)
5007 http fetch GET 200 https://registry.npmjs.org/cookie/-/cookie-0.7.2.tgz 3828ms (cache miss)
5008 http fetch GET 200 https://registry.npmjs.org/call-me-maybe/-/call-me-maybe-1.0.2.tgz 3827ms (cache miss)
5009 http fetch GET 200 https://registry.npmjs.org/accepts/-/accepts-1.3.8.tgz 3828ms (cache miss)
5010 http fetch GET 200 https://registry.npmjs.org/openapi3-ts/-/openapi3-ts-3.2.0.tgz 3826ms (cache miss)
5011 http fetch GET 200 https://registry.npmjs.org/array-flatten/-/array-flatten-1.1.1.tgz 3863ms (cache miss)
5012 http fetch GET 200 https://registry.npmjs.org/promise-breaker/-/promise-breaker-6.0.0.tgz 3861ms (cache miss)
5013 http fetch GET 200 https://registry.npmjs.org/is-obj/-/is-obj-2.0.0.tgz 3859ms (cache miss)
5014 http fetch GET 200 https://registry.npmjs.org/ms/-/ms-2.0.0.tgz 3858ms (cache miss)
5015 http fetch GET 200 https://registry.npmjs.org/events-listener/-/events-listener-1.1.0.tgz 3861ms (cache miss)
5016 http fetch GET 200 https://registry.npmjs.org/deep-freeze/-/deep-freeze-0.0.1.tgz 3861ms (cache miss)
5017 http fetch GET 200 https://registry.npmjs.org/which/-/which-2.0.2.tgz 3859ms (cache miss)
5018 http fetch GET 200 https://registry.npmjs.org/path-key/-/path-key-3.1.1.tgz 3857ms (cache miss)
5019 http fetch GET 200 https://registry.npmjs.org/vary/-/vary-1.1.2.tgz 3888ms (cache miss)
5020 http fetch GET 200 https://registry.npmjs.org/write-file-atomic/-/write-file-atomic-3.0.3.tgz 3887ms (cache miss)
5021 http fetch GET 200 https://registry.npmjs.org/@types/json-schema/-/json-schema-7.0.15.tgz 3896ms (cache miss)
5022 http fetch GET 200 https://registry.npmjs.org/object-assign/-/object-assign-4.1.1.tgz 3888ms (cache miss)
5023 http fetch GET 200 https://registry.npmjs.org/unique-string/-/unique-string-2.0.0.tgz 3887ms (cache miss)
5024 http fetch GET 200 https://registry.npmjs.org/signal-exit/-/signal-exit-3.0.7.tgz 3888ms (cache miss)
5025 http fetch GET 200 https://registry.npmjs.org/esprima/-/esprima-4.0.1.tgz 4040ms (cache miss)
5026 http fetch GET 200 https://registry.npmjs.org/shebang-command/-/shebang-command-2.0.0.tgz 3927ms (cache miss)
5027 http fetch GET 200 https://registry.npmjs.org/string-width/-/string-width-4.2.3.tgz 3921ms (cache miss)
5028 http fetch GET 200 https://registry.npmjs.org/make-dir/-/make-dir-3.1.0.tgz 3923ms (cache miss)
5029 http fetch GET 200 https://registry.npmjs.org/ansi-regex/-/ansi-regex-5.0.1.tgz 3921ms (cache miss)
5030 http fetch GET 200 https://registry.npmjs.org/dot-prop/-/dot-prop-5.3.0.tgz 3923ms (cache miss)
5031 http fetch GET 200 https://registry.npmjs.org/strip-ansi/-/strip-ansi-6.0.1.tgz 3921ms (cache miss)
5032 http fetch GET 200 https://registry.npmjs.org/json-parse-helpfulerror/-/json-parse-helpfulerror-1.0.3.tgz 3918ms (cache miss)
5033 http fetch GET 200 https://registry.npmjs.org/@colors/colors/-/colors-1.5.0.tgz 3920ms (cache miss)
5034 http fetch GET 200 https://registry.npmjs.org/xdg-basedir/-/xdg-basedir-4.0.0.tgz 3963ms (cache miss)
5035 http fetch GET 200 https://registry.npmjs.org/semver/-/semver-6.3.1.tgz 3961ms (cache miss)
5036 http fetch GET 200 https://registry.npmjs.org/readdirp/-/readdirp-3.6.0.tgz 3953ms (cache miss)
5037 http fetch GET 200 https://registry.npmjs.org/glob-parent/-/glob-parent-5.1.2.tgz 3952ms (cache miss)
5038 http fetch GET 200 https://registry.npmjs.org/is-glob/-/is-glob-4.0.3.tgz 3953ms (cache miss)
5039 http fetch GET 200 https://registry.npmjs.org/is-binary-path/-/is-binary-path-2.1.0.tgz 3953ms (cache miss)
5040 http fetch GET 200 https://registry.npmjs.org/yallist/-/yallist-5.0.0.tgz 4163ms (cache miss)
5041 http fetch GET 200 https://registry.npmjs.org/has-symbols/-/has-symbols-1.1.0.tgz 4042ms (cache miss)
5042 http fetch GET 200 https://registry.npmjs.org/unpipe/-/unpipe-1.0.0.tgz 3995ms (cache miss)
5043 http fetch GET 200 https://registry.npmjs.org/anymatch/-/anymatch-3.1.3.tgz 3995ms (cache miss)
5044 http fetch GET 200 https://registry.npmjs.org/type-is/-/type-is-1.6.18.tgz 3994ms (cache miss)
5045 http fetch GET 200 https://registry.npmjs.org/http-errors/-/http-errors-2.0.1.tgz 3993ms (cache miss)
5046 http fetch GET 200 https://registry.npmjs.org/on-finished/-/on-finished-2.4.1.tgz 3994ms (cache miss)
5047 http fetch GET 200 https://registry.npmjs.org/destroy/-/destroy-1.2.0.tgz 3995ms (cache miss)
5048 http fetch GET 200 https://registry.npmjs.org/yargs-parser/-/yargs-parser-20.2.9.tgz 4111ms (cache miss)
5049 http fetch GET 200 https://registry.npmjs.org/fill-range/-/fill-range-7.1.1.tgz 4037ms (cache miss)
5050 http fetch GET 200 https://registry.npmjs.org/depd/-/depd-2.0.0.tgz 4029ms (cache miss)
5051 http fetch GET 200 https://registry.npmjs.org/bytes/-/bytes-3.1.2.tgz 4028ms (cache miss)
5052 http fetch GET 200 https://registry.npmjs.org/normalize-path/-/normalize-path-3.0.0.tgz 4028ms (cache miss)
5053 http fetch GET 200 https://registry.npmjs.org/lazystream/-/lazystream-1.0.1.tgz 4027ms (cache miss)
5054 http fetch GET 200 https://registry.npmjs.org/safe-buffer/-/safe-buffer-5.1.2.tgz 4051ms (cache miss)
5055 http fetch GET 200 https://registry.npmjs.org/is-stream/-/is-stream-2.0.1.tgz 4051ms (cache miss)
5056 http fetch GET 200 https://registry.npmjs.org/graceful-fs/-/graceful-fs-4.2.11.tgz 4051ms (cache miss)
5057 http fetch GET 200 https://registry.npmjs.org/zip-stream/-/zip-stream-6.0.1.tgz 4051ms (cache miss)
5058 http fetch GET 200 https://registry.npmjs.org/brace-expansion/-/brace-expansion-2.1.4.tgz 4049ms (cache miss)
5059 http fetch GET 200 https://registry.npmjs.org/readdir-glob/-/readdir-glob-1.1.3.tgz 4050ms (cache miss)
5060 http fetch GET 200 https://registry.npmjs.org/compress-commons/-/compress-commons-6.0.2.tgz 4341ms (cache miss)
5061 http fetch GET 200 https://registry.npmjs.org/string_decoder/-/string_decoder-1.1.1.tgz 4109ms (cache miss)
5062 http fetch GET 200 https://registry.npmjs.org/minimatch/-/minimatch-5.1.9.tgz 4104ms (cache miss)
5063 http fetch GET 200 https://registry.npmjs.org/json-schema-traverse/-/json-schema-traverse-1.0.0.tgz 4101ms (cache miss)
5064 http fetch GET 200 https://registry.npmjs.org/archiver-utils/-/archiver-utils-5.0.2.tgz 4103ms (cache miss)
5065 http fetch GET 200 https://registry.npmjs.org/require-from-string/-/require-from-string-2.0.2.tgz 4103ms (cache miss)
5066 http fetch GET 200 https://registry.npmjs.org/braces/-/braces-3.0.3.tgz 4169ms (cache miss)
5067 http fetch GET 200 https://registry.npmjs.org/buffer/-/buffer-6.0.3.tgz 4157ms (cache miss)
5068 http fetch GET 200 https://registry.npmjs.org/buffer-crc32/-/buffer-crc32-1.0.0.tgz 4156ms (cache miss)
5069 http fetch GET 200 https://registry.npmjs.org/fast-deep-equal/-/fast-deep-equal-3.1.3.tgz 4154ms (cache miss)
5070 http fetch GET 200 https://registry.npmjs.org/raw-body/-/raw-body-3.0.2.tgz 4153ms (cache miss)
5071 http fetch GET 200 https://registry.npmjs.org/pkce-challenge/-/pkce-challenge-5.0.1.tgz 4153ms (cache miss)
5072 http fetch GET 200 https://registry.npmjs.org/ms/-/ms-2.1.3.tgz 4152ms (cache miss)
5073 http fetch GET 200 https://registry.npmjs.org/nearley/-/nearley-2.20.1.tgz 4356ms (cache miss)
5074 http fetch GET 200 https://registry.npmjs.org/@pkgjs/parseargs/-/parseargs-0.11.0.tgz 4281ms (cache miss)
5075 http fetch GET 200 https://registry.npmjs.org/gcp-metadata/-/gcp-metadata-6.1.1.tgz 4268ms (cache miss)
5076 http fetch GET 200 https://registry.npmjs.org/picomatch/-/picomatch-2.3.2.tgz 4218ms (cache miss)
5077 http fetch GET 200 https://registry.npmjs.org/tar-stream/-/tar-stream-3.2.1.tgz 4206ms (cache miss)
5078 http fetch GET 200 https://registry.npmjs.org/debug/-/debug-4.4.3.tgz 4195ms (cache miss)
5079 http fetch GET 200 https://registry.npmjs.org/content-type/-/content-type-1.0.5.tgz 4194ms (cache miss)
5080 http fetch GET 200 https://registry.npmjs.org/wrap-ansi/-/wrap-ansi-6.2.0.tgz 4229ms (cache miss)
5081 http fetch GET 200 https://registry.npmjs.org/ansi-regex/-/ansi-regex-5.0.1.tgz 4228ms (cache miss)
5082 http fetch GET 200 https://registry.npmjs.org/strip-ansi/-/strip-ansi-6.0.1.tgz 4229ms (cache miss)
5083 http fetch GET 200 https://registry.npmjs.org/signal-exit/-/signal-exit-4.1.0.tgz 4228ms (cache miss)
5084 http fetch GET 200 https://registry.npmjs.org/mute-stream/-/mute-stream-2.0.0.tgz 4228ms (cache miss)
5085 http fetch GET 200 https://registry.npmjs.org/cli-width/-/cli-width-4.1.0.tgz 4228ms (cache miss)
5086 http fetch GET 200 https://registry.npmjs.org/@isaacs/fs-minipass/-/fs-minipass-4.0.1.tgz 4501ms (cache miss)
5087 http fetch GET 200 https://registry.npmjs.org/yoctocolors-cjs/-/yoctocolors-cjs-2.1.3.tgz 4306ms (cache miss)
5088 http fetch GET 200 https://registry.npmjs.org/@inquirer/external-editor/-/external-editor-1.0.3.tgz 4312ms (cache miss)
5089 http fetch GET 200 https://registry.npmjs.org/cli-highlight/-/cli-highlight-2.1.11.tgz 4461ms (cache miss)
5090 http fetch GET 200 https://registry.npmjs.org/@inquirer/figures/-/figures-1.0.15.tgz 4348ms (cache miss)
5091 http fetch GET 200 https://registry.npmjs.org/@inquirer/password/-/password-4.0.23.tgz 4345ms (cache miss)
5092 http fetch GET 200 https://registry.npmjs.org/@inquirer/rawlist/-/rawlist-4.1.11.tgz 4346ms (cache miss)
5093 http fetch GET 200 https://registry.npmjs.org/@inquirer/expand/-/expand-4.0.23.tgz 4344ms (cache miss)
5094 http fetch GET 200 https://registry.npmjs.org/@inquirer/editor/-/editor-4.2.23.tgz 4343ms (cache miss)
5095 http fetch GET 200 https://registry.npmjs.org/@inquirer/select/-/select-4.4.2.tgz 4348ms (cache miss)
5096 http fetch GET 200 https://registry.npmjs.org/@inquirer/ansi/-/ansi-1.0.2.tgz 4350ms (cache miss)
5097 http fetch GET 200 https://registry.npmjs.org/json-schema-typed/-/json-schema-typed-8.0.2.tgz 4411ms (cache miss)
5098 http fetch GET 200 https://registry.npmjs.org/@inquirer/type/-/type-3.0.10.tgz 4399ms (cache miss)
5099 http fetch GET 200 https://registry.npmjs.org/@inquirer/number/-/number-3.0.23.tgz 4394ms (cache miss)
5100 http fetch GET 200 https://registry.npmjs.org/@inquirer/checkbox/-/checkbox-4.3.2.tgz 4392ms (cache miss)
5101 http fetch GET 200 https://registry.npmjs.org/@inquirer/confirm/-/confirm-5.1.21.tgz 4393ms (cache miss)
5102 http fetch GET 200 https://registry.npmjs.org/@inquirer/input/-/input-4.3.1.tgz 4396ms (cache miss)
5103 http fetch GET 200 https://registry.npmjs.org/@inquirer/search/-/search-3.2.2.tgz 4438ms (cache miss)
5104 http fetch GET 200 https://registry.npmjs.org/data-uri-to-buffer/-/data-uri-to-buffer-4.0.1.tgz 4449ms (cache miss)
5105 http fetch GET 200 https://registry.npmjs.org/lodash.camelcase/-/lodash.camelcase-4.3.0.tgz 4453ms (cache miss)
5106 http fetch GET 200 https://registry.npmjs.org/data-uri-to-buffer/-/data-uri-to-buffer-4.0.1.tgz 4440ms (cache miss)
5107 http fetch GET 200 https://registry.npmjs.org/gtoken/-/gtoken-8.0.0.tgz 4449ms (cache miss)
5108 http fetch GET 200 https://registry.npmjs.org/bignumber.js/-/bignumber.js-9.3.1.tgz 4619ms (cache miss)
5109 http fetch GET 200 https://registry.npmjs.org/p-defer/-/p-defer-3.0.0.tgz 4492ms (cache miss)
5110 http fetch GET 200 https://registry.npmjs.org/is-stream-ended/-/is-stream-ended-0.1.4.tgz 4493ms (cache miss)
5111 http fetch GET 200 https://registry.npmjs.org/lodash.snakecase/-/lodash.snakecase-4.1.1.tgz 4495ms (cache miss)
5112 http fetch GET 200 https://registry.npmjs.org/debug/-/debug-2.6.9.tgz 4554ms (cache miss)
5113 http fetch GET 200 https://registry.npmjs.org/arrify/-/arrify-2.0.1.tgz 4733ms (cache miss)
5114 http fetch GET 200 https://registry.npmjs.org/@google-cloud/promisify/-/promisify-5.1.0.tgz 4731ms (cache miss)
5115 http fetch GET 200 https://registry.npmjs.org/asynckit/-/asynckit-0.4.0.tgz 4846ms (cache miss)
5116 http fetch GET 200 https://registry.npmjs.org/gtoken/-/gtoken-8.0.0.tgz 4771ms (cache miss)
5117 http fetch GET 200 https://registry.npmjs.org/p-throttle/-/p-throttle-8.1.0.tgz 4763ms (cache miss)
5118 http fetch GET 200 https://registry.npmjs.org/@google-cloud/paginator/-/paginator-6.1.0.tgz 4765ms (cache miss)
5119 http fetch GET 200 https://registry.npmjs.org/@google-cloud/precise-date/-/precise-date-5.2.0.tgz 4766ms (cache miss)
5120 http fetch GET 200 https://registry.npmjs.org/node-fetch/-/node-fetch-3.3.2.tgz 4979ms (cache miss)
5121 http fetch GET 200 https://registry.npmjs.org/chalk/-/chalk-5.6.2.tgz 4921ms (cache miss)
5122 http fetch GET 200 https://registry.npmjs.org/extend/-/extend-3.0.2.tgz 4796ms (cache miss)
5123 http fetch GET 200 https://registry.npmjs.org/@colors/colors/-/colors-1.6.0.tgz 5078ms (cache miss)
5124 http fetch GET 200 https://registry.npmjs.org/express-rate-limit/-/express-rate-limit-8.7.0.tgz 4849ms (cache miss)
5125 http fetch GET 200 https://registry.npmjs.org/update-notifier-cjs/-/update-notifier-cjs-5.1.7.tgz 4819ms (cache miss)
5126 http fetch GET 200 https://registry.npmjs.org/chalk/-/chalk-4.1.2.tgz 4819ms (cache miss)
5127 http fetch GET 200 https://registry.npmjs.org/ms/-/ms-2.1.3.tgz 4821ms (cache miss)
5128 http fetch GET 200 https://registry.npmjs.org/undici-types/-/undici-types-8.3.0.tgz 5021ms (cache miss)
5129 http fetch GET 200 https://registry.npmjs.org/debug/-/debug-4.4.3.tgz 4842ms (cache miss)
5130 http fetch GET 200 https://registry.npmjs.org/ms/-/ms-2.1.2.tgz 4840ms (cache miss)
5131 http fetch GET 200 https://registry.npmjs.org/tmp/-/tmp-0.2.7.tgz 4842ms (cache miss)
5132 http fetch GET 200 https://registry.npmjs.org/tcp-port-used/-/tcp-port-used-1.0.3.tgz 4867ms (cache miss)
5133 http fetch GET 200 https://registry.npmjs.org/debug/-/debug-4.3.1.tgz 4867ms (cache miss)
5134 http fetch GET 200 https://registry.npmjs.org/path-to-regexp/-/path-to-regexp-1.9.0.tgz 4841ms (cache miss)
5135 http fetch GET 200 https://registry.npmjs.org/brace-expansion/-/brace-expansion-2.1.4.tgz 4866ms (cache miss)
5136 http fetch GET 200 https://registry.npmjs.org/triple-beam/-/triple-beam-1.4.1.tgz 4891ms (cache miss)
5137 http fetch GET 200 https://registry.npmjs.org/stream-chain/-/stream-chain-2.2.5.tgz 4859ms (cache miss)
5138 http fetch GET 200 https://registry.npmjs.org/@colors/colors/-/colors-1.6.0.tgz 4898ms (cache miss)
5139 http fetch GET 200 https://registry.npmjs.org/long/-/long-5.3.2.tgz 4935ms (cache miss)
5140 http fetch GET 200 https://registry.npmjs.org/@google-cloud/projectify/-/projectify-5.2.0.tgz 4922ms (cache miss)
5141 http fetch GET 200 https://registry.npmjs.org/ms/-/ms-2.1.3.tgz 4876ms (cache miss)
5142 http fetch GET 200 https://registry.npmjs.org/ms/-/ms-2.1.3.tgz 4873ms (cache miss)
5143 http fetch GET 200 https://registry.npmjs.org/ms/-/ms-2.1.3.tgz 4863ms (cache miss)
5144 http fetch GET 200 https://registry.npmjs.org/debug/-/debug-4.4.3.tgz 4893ms (cache miss)
5145 http fetch GET 200 https://registry.npmjs.org/debug/-/debug-4.4.3.tgz 4892ms (cache miss)
5146 http fetch GET 200 https://registry.npmjs.org/portfinder/-/portfinder-1.0.38.tgz 4894ms (cache miss)
5147 http fetch GET 200 https://registry.npmjs.org/progress/-/progress-2.0.3.tgz 4894ms (cache miss)
5148 http fetch GET 200 https://registry.npmjs.org/retry/-/retry-0.13.1.tgz 4897ms (cache miss)
5149 http fetch GET 200 https://registry.npmjs.org/lru-cache/-/lru-cache-7.18.3.tgz 4915ms (cache miss)
5150 http fetch GET 200 https://registry.npmjs.org/ansi-regex/-/ansi-regex-5.0.1.tgz 4910ms (cache miss)
5151 http fetch GET 200 https://registry.npmjs.org/ora/-/ora-5.4.1.tgz 4912ms (cache miss)
5152 http fetch GET 200 https://registry.npmjs.org/chalk/-/chalk-4.1.2.tgz 4909ms (cache miss)
5153 http fetch GET 200 https://registry.npmjs.org/strip-ansi/-/strip-ansi-6.0.1.tgz 4911ms (cache miss)
5154 http fetch GET 200 https://registry.npmjs.org/open/-/open-6.4.0.tgz 4910ms (cache miss)
5155 http fetch GET 200 https://registry.npmjs.org/minimatch/-/minimatch-3.1.5.tgz 4914ms (cache miss)
5156 http fetch GET 200 https://registry.npmjs.org/morgan/-/morgan-1.12.0.tgz 4915ms (cache miss)
5157 http fetch GET 200 https://registry.npmjs.org/proxy-agent/-/proxy-agent-6.5.0.tgz 4924ms (cache miss)
5158 http fetch GET 200 https://registry.npmjs.org/lsofi/-/lsofi-2.0.0.tgz 4913ms (cache miss)
5159 http fetch GET 200 https://registry.npmjs.org/event-target-shim/-/event-target-shim-5.0.1.tgz 5021ms (cache miss)
5160 http fetch GET 200 https://registry.npmjs.org/jsonwebtoken/-/jsonwebtoken-9.0.3.tgz 4914ms (cache miss)
5161 http fetch GET 200 https://registry.npmjs.org/mime/-/mime-2.6.0.tgz 4931ms (cache miss)
5162 http fetch GET 200 https://registry.npmjs.org/brace-expansion/-/brace-expansion-2.1.4.tgz 4927ms (cache miss)
5163 http fetch GET 200 https://registry.npmjs.org/fuzzy/-/fuzzy-0.1.3.tgz 4926ms (cache miss)
5164 http fetch GET 200 https://registry.npmjs.org/ignore/-/ignore-7.0.8.tgz 4945ms (cache miss)
5165 http fetch GET 200 https://registry.npmjs.org/exegesis-express/-/exegesis-express-4.0.0.tgz 4941ms (cache miss)
5166 http fetch GET 200 https://registry.npmjs.org/raw-body/-/raw-body-2.5.3.tgz 4939ms (cache miss)
5167 http fetch GET 200 https://registry.npmjs.org/ajv-formats/-/ajv-formats-2.1.1.tgz 4940ms (cache miss)
5168 http fetch GET 200 https://registry.npmjs.org/cross-spawn/-/cross-spawn-7.0.6.tgz 4952ms (cache miss)
5169 http fetch GET 200 https://registry.npmjs.org/cross-env/-/cross-env-7.0.3.tgz 4951ms (cache miss)
5170 http fetch GET 200 https://registry.npmjs.org/configstore/-/configstore-5.0.1.tgz 4951ms (cache miss)
5171 http fetch GET 200 https://registry.npmjs.org/cors/-/cors-2.8.6.tgz 4952ms (cache miss)
5172 http fetch GET 200 https://registry.npmjs.org/colorette/-/colorette-2.0.20.tgz 4951ms (cache miss)
5173 http fetch GET 200 https://registry.npmjs.org/libsodium-wrappers/-/libsodium-wrappers-0.7.16.tgz 4976ms (cache miss)
5174 http fetch GET 200 https://registry.npmjs.org/form-data/-/form-data-4.0.6.tgz 4971ms (cache miss)
5175 http fetch GET 200 https://registry.npmjs.org/cjson/-/cjson-0.3.3.tgz 4965ms (cache miss)
5176 http fetch GET 200 https://registry.npmjs.org/async-lock/-/async-lock-1.4.1.tgz 4963ms (cache miss)
5177 http fetch GET 200 https://registry.npmjs.org/gcp-metadata/-/gcp-metadata-8.1.4.tgz 5061ms (cache miss)
5178 http fetch GET 200 https://registry.npmjs.org/commander/-/commander-5.1.0.tgz 4980ms (cache miss)
5179 http fetch GET 200 https://registry.npmjs.org/ms/-/ms-2.1.3.tgz 4973ms (cache miss)
5180 http fetch GET 200 https://registry.npmjs.org/archiver/-/archiver-7.0.1.tgz 4976ms (cache miss)
5181 http fetch GET 200 https://registry.npmjs.org/media-typer/-/media-typer-1.1.1.tgz 4975ms (cache miss)
5182 http fetch GET 200 https://registry.npmjs.org/heap-js/-/heap-js-2.7.1.tgz 5068ms (cache miss)
5183 http fetch GET 200 https://registry.npmjs.org/node-fetch/-/node-fetch-2.7.0.tgz 5006ms (cache miss)
5184 http fetch GET 200 https://registry.npmjs.org/raw-body/-/raw-body-2.5.3.tgz 4991ms (cache miss)
5185 http fetch GET 200 https://registry.npmjs.org/chokidar/-/chokidar-3.6.0.tgz 4993ms (cache miss)
5186 http fetch GET 200 https://registry.npmjs.org/negotiator/-/negotiator-1.1.0.tgz 4988ms (cache miss)
5187 http fetch GET 200 https://registry.npmjs.org/content-type/-/content-type-2.1.0.tgz 4989ms (cache miss)
5188 http fetch GET 200 https://registry.npmjs.org/type-is/-/type-is-2.1.0.tgz 4989ms (cache miss)
5189 http fetch GET 200 https://registry.npmjs.org/serve-static/-/serve-static-2.2.1.tgz 4987ms (cache miss)
5190 http fetch GET 200 https://registry.npmjs.org/gcp-metadata/-/gcp-metadata-8.1.4.tgz 5082ms (cache miss)
5191 http fetch GET 200 https://registry.npmjs.org/cli-table3/-/cli-table3-0.6.5.tgz 5009ms (cache miss)
5192 http fetch GET 200 https://registry.npmjs.org/mime-db/-/mime-db-1.54.0.tgz 5002ms (cache miss)
5193 http fetch GET 200 https://registry.npmjs.org/merge-descriptors/-/merge-descriptors-2.0.0.tgz 4999ms (cache miss)
5194 http fetch GET 200 https://registry.npmjs.org/mime-types/-/mime-types-3.0.2.tgz 4999ms (cache miss)
5195 http fetch GET 200 https://registry.npmjs.org/fresh/-/fresh-2.0.0.tgz 4998ms (cache miss)
5196 http fetch GET 200 https://registry.npmjs.org/finalhandler/-/finalhandler-2.1.1.tgz 4999ms (cache miss)
5197 http fetch GET 200 https://registry.npmjs.org/cookie-signature/-/cookie-signature-1.2.2.tgz 4998ms (cache miss)
5198 http fetch GET 200 https://registry.npmjs.org/debug/-/debug-4.4.3.tgz 4998ms (cache miss)
5199 http fetch GET 200 https://registry.npmjs.org/content-disposition/-/content-disposition-1.1.0.tgz 4997ms (cache miss)
5200 http fetch GET 200 https://registry.npmjs.org/send/-/send-1.2.1.tgz 5012ms (cache miss)
5201 http fetch GET 200 https://registry.npmjs.org/data-uri-to-buffer/-/data-uri-to-buffer-4.0.1.tgz 5006ms (cache miss)
5202 http fetch GET 200 https://registry.npmjs.org/accepts/-/accepts-2.0.0.tgz 5009ms (cache miss)
5203 http fetch GET 200 https://registry.npmjs.org/data-uri-to-buffer/-/data-uri-to-buffer-4.0.1.tgz 5003ms (cache miss)
5204 http fetch GET 200 https://registry.npmjs.org/@inquirer/prompts/-/prompts-7.10.1.tgz 5008ms (cache miss)
5205 http fetch GET 200 https://registry.npmjs.org/winston-transport/-/winston-transport-4.9.0.tgz 5095ms (cache miss)
5206 http fetch GET 200 https://registry.npmjs.org/eventsource/-/eventsource-3.0.7.tgz 5151ms (cache miss)
5207 http fetch GET 200 https://registry.npmjs.org/events/-/events-3.3.0.tgz 5319ms (cache miss)
5208 http fetch GET 200 https://registry.npmjs.org/content-type/-/content-type-2.1.0.tgz 5038ms (cache miss)
5209 http fetch GET 200 https://registry.npmjs.org/content-type/-/content-type-2.1.0.tgz 5033ms (cache miss)
5210 http fetch GET 200 https://registry.npmjs.org/jwa/-/jwa-2.0.1.tgz 5020ms (cache miss)
5211 http fetch GET 200 https://registry.npmjs.org/isarray/-/isarray-0.0.1.tgz 5022ms (cache miss)
5212 http fetch GET 200 https://registry.npmjs.org/@apphosting/common/-/common-0.0.8.tgz 5036ms (cache miss)
5213 http fetch GET 200 https://registry.npmjs.org/object-inspect/-/object-inspect-1.13.4.tgz 5361ms (cache miss)
5214 http fetch GET 200 https://registry.npmjs.org/google-logging-utils/-/google-logging-utils-0.0.2.tgz 5275ms (cache miss)
5215 http fetch GET 200 https://registry.npmjs.org/commander/-/commander-10.0.1.tgz 5232ms (cache miss)
5216 http fetch GET 200 https://registry.npmjs.org/minizlib/-/minizlib-3.1.0.tgz 5528ms (cache miss)
5217 http fetch GET 200 https://registry.npmjs.org/body-parser/-/body-parser-1.20.6.tgz 5262ms (cache miss)
5218 http fetch GET 200 https://registry.npmjs.org/abort-controller/-/abort-controller-3.0.0.tgz 5259ms (cache miss)
5219 http fetch GET 200 https://registry.npmjs.org/get-uri/-/get-uri-6.0.5.tgz 5536ms (cache miss)
5220 http fetch GET 200 https://registry.npmjs.org/express/-/express-5.2.1.tgz 5277ms (cache miss)
5221 http fetch GET 200 https://registry.npmjs.org/body-parser/-/body-parser-2.3.0.tgz 5290ms (cache miss)
5222 http fetch GET 200 https://registry.npmjs.org/@grpc/proto-loader/-/proto-loader-0.8.1.tgz 5401ms (cache miss)
5223 http fetch GET 200 https://registry.npmjs.org/readable-stream/-/readable-stream-2.3.8.tgz 5458ms (cache miss)
5224 http fetch GET 200 https://registry.npmjs.org/node-domexception/-/node-domexception-1.0.0.tgz 5706ms (cache miss)
5225 http fetch GET 200 https://registry.npmjs.org/gcp-metadata/-/gcp-metadata-8.1.2.tgz 5319ms (cache miss)
5226 http fetch GET 200 https://registry.npmjs.org/eventsource-parser/-/eventsource-parser-3.1.1.tgz 5462ms (cache miss)
5227 http fetch GET 200 https://registry.npmjs.org/basic-ftp/-/basic-ftp-5.3.1.tgz 5623ms (cache miss)
5228 warn deprecated node-domexception@1.0.0: Use your platform's native DOMException instead
5229 http fetch GET 200 https://registry.npmjs.org/minipass/-/minipass-7.1.3.tgz 5556ms (cache miss)
5230 http fetch GET 200 https://registry.npmjs.org/qs/-/qs-6.15.3.tgz 5504ms (cache miss)
5231 http fetch GET 200 https://registry.npmjs.org/gcp-metadata/-/gcp-metadata-9.0.3.tgz 5353ms (cache miss)
5232 http fetch GET 200 https://registry.npmjs.org/ajv-formats/-/ajv-formats-3.0.1.tgz 5373ms (cache miss)
5233 http fetch GET 200 https://registry.npmjs.org/ws/-/ws-8.21.3.tgz 5467ms (cache miss)
5234 http fetch GET 200 https://registry.npmjs.org/google-logging-utils/-/google-logging-utils-1.1.3.tgz 5499ms (cache miss)
5235 http fetch GET 200 https://registry.npmjs.org/path-scurry/-/path-scurry-1.11.1.tgz 5618ms (cache miss)
5236 http fetch GET 200 https://registry.npmjs.org/bare-path/-/bare-path-3.1.2.tgz 5747ms (cache miss)
5237 http fetch GET 200 https://registry.npmjs.org/google-logging-utils/-/google-logging-utils-1.1.3.tgz 5526ms (cache miss)
5238 http fetch GET 200 https://registry.npmjs.org/logform/-/logform-2.7.0.tgz 5792ms (cache miss)
5239 http fetch GET 200 https://registry.npmjs.org/node-fetch/-/node-fetch-3.3.2.tgz 5544ms (cache miss)
5240 http fetch GET 200 https://registry.npmjs.org/node-fetch/-/node-fetch-3.3.2.tgz 5551ms (cache miss)
5241 http fetch GET 200 https://registry.npmjs.org/readable-stream/-/readable-stream-3.6.2.tgz 5713ms (cache miss)
5242 http fetch GET 200 https://registry.npmjs.org/stream-json/-/stream-json-1.9.1.tgz 5512ms (cache miss)
5243 http fetch GET 200 https://registry.npmjs.org/source-map/-/source-map-0.6.1.tgz 5766ms (cache miss)
5244 http fetch GET 200 https://registry.npmjs.org/universal-analytics/-/universal-analytics-0.5.4.tgz 5575ms (cache miss)
5245 http fetch GET 200 https://registry.npmjs.org/@apidevtools/json-schema-ref-parser/-/json-schema-ref-parser-9.1.2.tgz 5672ms (cache miss)
5246 http fetch GET 200 https://registry.npmjs.org/readable-stream/-/readable-stream-3.6.2.tgz 5729ms (cache miss)
5247 http fetch GET 200 https://registry.npmjs.org/@js-sdsl/ordered-map/-/ordered-map-4.4.2.tgz 5638ms (cache miss)
5248 http fetch GET 200 https://registry.npmjs.org/nan/-/nan-2.28.0.tgz 5857ms (cache miss)
5249 http fetch GET 200 https://registry.npmjs.org/pg/-/pg-8.23.0.tgz 5594ms (cache miss)
5250 http fetch GET 200 https://registry.npmjs.org/libsodium/-/libsodium-0.7.16.tgz 5815ms (cache miss)
5251 http fetch GET 200 https://registry.npmjs.org/google-logging-utils/-/google-logging-utils-1.1.3.tgz 5591ms (cache miss)
5252 http fetch GET 200 https://registry.npmjs.org/express/-/express-4.22.2.tgz 5624ms (cache miss)
5253 http fetch GET 200 https://registry.npmjs.org/type-fest/-/type-fest-0.20.2.tgz 5957ms (cache miss)
5254 http fetch GET 200 https://registry.npmjs.org/node-fetch/-/node-fetch-3.3.2.tgz 5609ms (cache miss)
5255 http fetch GET 200 https://registry.npmjs.org/jackspeak/-/jackspeak-3.4.3.tgz 5821ms (cache miss)
5256 http fetch GET 200 https://registry.npmjs.org/node-fetch/-/node-fetch-3.3.2.tgz 5613ms (cache miss)
5257 http fetch GET 200 https://registry.npmjs.org/socks/-/socks-2.8.10.tgz 5969ms (cache miss)
5258 http fetch GET 200 https://registry.npmjs.org/lru-cache/-/lru-cache-10.4.3.tgz 5947ms (cache miss)
5259 http fetch GET 200 https://registry.npmjs.org/@hono/node-server/-/node-server-2.1.1.tgz 5836ms (cache miss)
5260 http fetch GET 200 https://registry.npmjs.org/google-logging-utils/-/google-logging-utils-2.0.1.tgz 5703ms (cache miss)
5261 http fetch GET 200 https://registry.npmjs.org/pg-protocol/-/pg-protocol-1.16.0.tgz 5985ms (cache miss)
5262 http fetch GET 200 https://registry.npmjs.org/readable-stream/-/readable-stream-3.6.2.tgz 5816ms (cache miss)
5263 http fetch GET 200 https://registry.npmjs.org/readable-stream/-/readable-stream-3.6.2.tgz 5818ms (cache miss)
5264 http fetch GET 200 https://registry.npmjs.org/googleapis-common/-/googleapis-common-8.0.3.tgz 5894ms (cache miss)
5265 http fetch GET 200 https://registry.npmjs.org/ip-address/-/ip-address-10.7.0.tgz 5979ms (cache miss)
5266 http fetch GET 200 https://registry.npmjs.org/iconv-lite/-/iconv-lite-0.7.3.tgz 5918ms (cache miss)
5267 http fetch GET 200 https://registry.npmjs.org/gaxios/-/gaxios-6.7.1.tgz 5822ms (cache miss)
5268 http fetch GET 200 https://registry.npmjs.org/parse5/-/parse5-6.0.1.tgz 6062ms (cache miss)
5269 http fetch GET 200 https://registry.npmjs.org/parse5/-/parse5-5.1.1.tgz 6063ms (cache miss)
5270 http fetch GET 200 https://registry.npmjs.org/marked/-/marked-13.0.3.tgz 5863ms (cache miss)
5271 http fetch GET 200 https://registry.npmjs.org/bare-fs/-/bare-fs-4.8.1.tgz 6187ms (cache miss)
5272 http fetch GET 200 https://registry.npmjs.org/iconv-lite/-/iconv-lite-0.4.24.tgz 5893ms (cache miss)
5273 http fetch GET 200 https://registry.npmjs.org/iconv-lite/-/iconv-lite-0.4.24.tgz 5897ms (cache miss)
5274 http fetch GET 200 https://registry.npmjs.org/fast-uri/-/fast-uri-3.1.7.tgz 6047ms (cache miss)
5275 http fetch GET 200 https://registry.npmjs.org/isexe/-/isexe-4.0.0.tgz 6296ms (cache miss)
5276 http fetch GET 200 https://registry.npmjs.org/pac-resolver/-/pac-resolver-7.0.1.tgz 6292ms (cache miss)
5277 http fetch GET 200 https://registry.npmjs.org/ast-types/-/ast-types-0.13.4.tgz 6295ms (cache miss)
5278 http fetch GET 200 https://registry.npmjs.org/json-ptr/-/json-ptr-3.1.1.tgz 6184ms (cache miss)
5279 http fetch GET 200 https://registry.npmjs.org/fs-extra/-/fs-extra-10.1.0.tgz 6035ms (cache miss)
5280 warn deprecated json-ptr@3.1.1: Package no longer supported. Contact Support at https://www.npmjs.com/support for more info.
5281 http fetch GET 200 https://registry.npmjs.org/marked-terminal/-/marked-terminal-7.3.0.tgz 6076ms (cache miss)
5282 http fetch GET 200 https://registry.npmjs.org/semver/-/semver-7.8.5.tgz 6109ms (cache miss)
5283 http fetch GET 200 https://registry.npmjs.org/chardet/-/chardet-2.2.0.tgz 6219ms (cache miss)
5284 http fetch GET 200 https://registry.npmjs.org/proto3-json-serializer/-/proto3-json-serializer-3.0.4.tgz 6349ms (cache miss)
5285 http fetch GET 200 https://registry.npmjs.org/@jsdevtools/ono/-/ono-7.1.3.tgz 6320ms (cache miss)
5286 http fetch GET 200 https://registry.npmjs.org/readable-stream/-/readable-stream-4.7.0.tgz 6356ms (cache miss)
5287 http fetch GET 200 https://registry.npmjs.org/yargs/-/yargs-16.2.2.tgz 6510ms (cache miss)
5288 http fetch GET 200 https://registry.npmjs.org/js-yaml/-/js-yaml-4.3.2.tgz 6320ms (cache miss)
5289 http fetch GET 200 https://registry.npmjs.org/@electric-sql/pglite-tools/-/pglite-tools-0.2.21.tgz 6297ms (cache miss)
5290 http fetch GET 200 https://registry.npmjs.org/uuid/-/uuid-14.0.2.tgz 6385ms (cache miss)
5291 http fetch GET 200 https://registry.npmjs.org/@googleapis/sqladmin/-/sqladmin-38.0.0.tgz 6406ms (cache miss)
5292 http fetch GET 200 https://registry.npmjs.org/minimatch/-/minimatch-6.2.3.tgz 6372ms (cache miss)
5293 http fetch GET 200 https://registry.npmjs.org/winston/-/winston-3.19.0.tgz 6443ms (cache miss)
5294 http fetch GET 200 https://registry.npmjs.org/csv-parse/-/csv-parse-5.6.0.tgz 6398ms (cache miss)
5295 http fetch GET 200 https://registry.npmjs.org/superstatic/-/superstatic-10.0.0.tgz 6490ms (cache miss)
5296 http fetch GET 200 https://registry.npmjs.org/yargs/-/yargs-17.7.3.tgz 6562ms (cache miss)
5297 http fetch GET 200 https://registry.npmjs.org/pg-gateway/-/pg-gateway-0.3.0-beta.4.tgz 6502ms (cache miss)
5298 http fetch GET 200 https://registry.npmjs.org/async/-/async-3.2.6.tgz 6614ms (cache miss)
5299 http fetch GET 200 https://registry.npmjs.org/uuid/-/uuid-9.0.1.tgz 6806ms (cache miss)
5300 warn deprecated uuid@9.0.1: uuid@10 and below is no longer supported.  For ESM codebases, update to uuid@latest.  For CommonJS codebases, use uuid@11 (but be aware this version will likely be deprecated in 2028).
5301 http fetch GET 200 https://registry.npmjs.org/minimatch/-/minimatch-9.0.9.tgz 6659ms (cache miss)
5302 http fetch GET 200 https://registry.npmjs.org/@tootallnate/quickjs-emscripten/-/quickjs-emscripten-0.23.0.tgz 6971ms (cache miss)
5303 http fetch GET 200 https://registry.npmjs.org/@types/node/-/node-26.4.1.tgz 6994ms (cache miss)
5304 http fetch GET 200 https://registry.npmjs.org/bare-url/-/bare-url-2.5.4.tgz 7056ms (cache miss)
5305 http fetch GET 200 https://registry.npmjs.org/glob/-/glob-10.5.0.tgz 6887ms (cache miss)
5306 warn deprecated glob@10.5.0: Old versions of glob are not supported, and contain widely publicized security vulnerabilities, which have been fixed in the current version. Please update. Support for old versions may be purchased (at exorbitant rates) by contacting i@izs.me
5307 http fetch GET 200 https://registry.npmjs.org/protobufjs/-/protobufjs-7.6.6.tgz 7269ms (cache miss)
5308 http fetch GET 200 https://registry.npmjs.org/@inquirer/core/-/core-10.3.2.tgz 7346ms (cache miss)
5309 http fetch GET 200 https://registry.npmjs.org/google-auth-library/-/google-auth-library-10.5.0.tgz 7489ms (cache miss)
5310 http fetch GET 200 https://registry.npmjs.org/google-auth-library/-/google-auth-library-10.5.0.tgz 7486ms (cache miss)
5311 http fetch GET 200 https://registry.npmjs.org/gaxios/-/gaxios-7.1.3.tgz 7500ms (cache miss)
5312 http fetch GET 200 https://registry.npmjs.org/gaxios/-/gaxios-7.1.3.tgz 7503ms (cache miss)
5313 http fetch GET 200 https://registry.npmjs.org/gaxios/-/gaxios-7.3.1.tgz 7507ms (cache miss)
5314 http fetch GET 200 https://registry.npmjs.org/google-auth-library/-/google-auth-library-9.15.1.tgz 7445ms (cache miss)
5315 http fetch GET 200 https://registry.npmjs.org/gaxios/-/gaxios-7.3.1.tgz 7447ms (cache miss)
5316 http fetch GET 200 https://registry.npmjs.org/gaxios/-/gaxios-7.3.1.tgz 7445ms (cache miss)
5317 http fetch GET 200 https://registry.npmjs.org/gaxios/-/gaxios-8.0.0.tgz 7448ms (cache miss)
5318 http fetch GET 200 https://registry.npmjs.org/gaxios/-/gaxios-7.3.1.tgz 7458ms (cache miss)
5319 http fetch GET 200 https://registry.npmjs.org/jose/-/jose-6.2.10.tgz 7668ms (cache miss)
5320 http fetch GET 200 https://registry.npmjs.org/rimraf/-/rimraf-5.0.10.tgz 7820ms (cache miss)
5321 http fetch GET 200 https://registry.npmjs.org/node-gyp/-/node-gyp-13.0.2.tgz 7954ms (cache miss)
5322 http fetch GET 200 https://registry.npmjs.org/web-streams-polyfill/-/web-streams-polyfill-3.3.3.tgz 8059ms (cache miss)
5323 http fetch GET 200 https://registry.npmjs.org/google-auth-library/-/google-auth-library-11.0.2.tgz 7672ms (cache miss)
5324 http fetch GET 200 https://registry.npmjs.org/google-auth-library/-/google-auth-library-10.9.1.tgz 7678ms (cache miss)
5325 http fetch GET 200 https://registry.npmjs.org/@google-cloud/cloud-sql-connector/-/cloud-sql-connector-1.12.0.tgz 7719ms (cache miss)
5326 http fetch GET 200 https://registry.npmjs.org/zod-to-json-schema/-/zod-to-json-schema-3.25.2.tgz 7920ms (cache miss)
5327 http fetch GET 200 https://registry.npmjs.org/exegesis/-/exegesis-4.3.0.tgz 7881ms (cache miss)
5328 http fetch GET 200 https://registry.npmjs.org/@google-cloud/pubsub/-/pubsub-5.3.1.tgz 8099ms (cache miss)
5329 http fetch GET 200 https://registry.npmjs.org/undici/-/undici-6.28.0.tgz 8203ms (cache miss)
5330 http fetch GET 200 https://registry.npmjs.org/@opentelemetry/semantic-conventions/-/semantic-conventions-1.28.0.tgz 8249ms (cache miss)
5331 http fetch GET 200 https://registry.npmjs.org/undici/-/undici-8.10.1.tgz 8709ms (cache miss)
5332 http fetch GET 200 https://registry.npmjs.org/yaml/-/yaml-2.9.0.tgz 8626ms (cache miss)
5333 http fetch GET 200 https://registry.npmjs.org/tar/-/tar-7.5.22.tgz 8639ms (cache miss)
5334 http fetch GET 200 https://registry.npmjs.org/@opentelemetry/semantic-conventions/-/semantic-conventions-1.39.0.tgz 8709ms (cache miss)
5335 http fetch GET 200 https://registry.npmjs.org/highlight.js/-/highlight.js-10.7.3.tgz 9022ms (cache miss)
5336 http fetch GET 200 https://registry.npmjs.org/lodash/-/lodash-4.18.1.tgz 9075ms (cache miss)
5337 http fetch GET 200 https://registry.npmjs.org/@google-cloud/sql/-/sql-0.25.0.tgz 9355ms (cache miss)
5338 http fetch GET 200 https://registry.npmjs.org/google-gax/-/google-gax-5.0.8.tgz 9419ms (cache miss)
5339 http fetch GET 200 https://registry.npmjs.org/@electric-sql/pglite/-/pglite-0.2.17.tgz 9620ms (cache miss)
5340 http fetch GET 200 https://registry.npmjs.org/ajv/-/ajv-8.20.0.tgz 9778ms (cache miss)
5341 http fetch GET 200 https://registry.npmjs.org/@electric-sql/pglite/-/pglite-0.3.16.tgz 9768ms (cache miss)
5342 http fetch GET 200 https://registry.npmjs.org/@opentelemetry/core/-/core-1.30.1.tgz 10077ms (cache miss)
5343 http fetch GET 200 https://registry.npmjs.org/@opentelemetry/api/-/api-1.9.1.tgz 10250ms (cache miss)
5344 http fetch GET 200 https://registry.npmjs.org/hono/-/hono-4.13.5.tgz 10316ms (cache miss)
5345 http fetch GET 200 https://registry.npmjs.org/sql-formatter/-/sql-formatter-15.8.2.tgz 10338ms (cache miss)
5346 http fetch GET 200 https://registry.npmjs.org/zod/-/zod-4.5.4.tgz 10538ms (cache miss)
5347 http fetch GET 200 https://registry.npmjs.org/@grpc/grpc-js/-/grpc-js-1.14.4.tgz 10609ms (cache miss)
5348 http fetch GET 200 https://registry.npmjs.org/@modelcontextprotocol/sdk/-/sdk-1.30.0.tgz 10569ms (cache miss)
5349 http fetch GET 200 https://registry.npmjs.org/firebase-tools/-/firebase-tools-15.29.0.tgz 11010ms (cache miss)
5350 http fetch GET 200 https://registry.npmjs.org/re2/-/re2-1.26.1.tgz 12008ms (cache miss)
5351 silly ADD node_modules/firebase-tools
5352 silly ADD node_modules/firebase-tools/node_modules/process-nextick-args
5353 silly ADD node_modules/firebase-tools/node_modules/isarray
5354 silly ADD node_modules/firebase-tools/node_modules/core-util-is
5355 silly ADD node_modules/firebase-tools/node_modules/util-deprecate
5356 silly ADD node_modules/firebase-tools/node_modules/eastasianwidth
5357 silly ADD node_modules/firebase-tools/node_modules/web-streams-polyfill
5358 silly ADD node_modules/firebase-tools/node_modules/node-domexception
5359 silly ADD node_modules/firebase-tools/node_modules/formdata-polyfill
5360 silly ADD node_modules/firebase-tools/node_modules/fetch-blob
5361 silly ADD node_modules/firebase-tools/node_modules/crc32-stream
5362 silly ADD node_modules/firebase-tools/node_modules/crc-32
5363 silly ADD node_modules/firebase-tools/node_modules/compress-commons
5364 silly ADD node_modules/firebase-tools/node_modules/yargs-parser
5365 silly ADD node_modules/firebase-tools/node_modules/y18n
5366 silly ADD node_modules/firebase-tools/node_modules/require-directory
5367 silly ADD node_modules/firebase-tools/node_modules/get-caller-file
5368 silly ADD node_modules/firebase-tools/node_modules/escalade
5369 silly ADD node_modules/firebase-tools/node_modules/cliui
5370 silly ADD node_modules/firebase-tools/node_modules/cliui/node_modules/ansi-regex
5371 silly ADD node_modules/firebase-tools/node_modules/cliui/node_modules/wrap-ansi
5372 silly ADD node_modules/firebase-tools/node_modules/cliui/node_modules/strip-ansi
5373 silly ADD node_modules/firebase-tools/node_modules/typedarray-to-buffer
5374 silly ADD node_modules/firebase-tools/node_modules/is-typedarray
5375 silly ADD node_modules/firebase-tools/node_modules/imurmurhash
5376 silly ADD node_modules/firebase-tools/node_modules/ansi-styles
5377 silly ADD node_modules/firebase-tools/node_modules/ansi-styles/node_modules/color-name
5378 silly ADD node_modules/firebase-tools/node_modules/ansi-styles/node_modules/color-convert
5379 silly ADD node_modules/firebase-tools/node_modules/fn.name
5380 silly ADD node_modules/firebase-tools/node_modules/fecha
5381 silly ADD node_modules/firebase-tools/node_modules/@types/triple-beam
5382 silly ADD node_modules/firebase-tools/node_modules/color-name
5383 silly ADD node_modules/firebase-tools/node_modules/color-string
5384 silly ADD node_modules/firebase-tools/node_modules/color-convert
5385 silly ADD node_modules/firebase-tools/node_modules/text-hex
5386 silly ADD node_modules/firebase-tools/node_modules/color
5387 silly ADD node_modules/firebase-tools/node_modules/kuler
5388 silly ADD node_modules/firebase-tools/node_modules/enabled
5389 silly ADD node_modules/firebase-tools/node_modules/@so-ric/colorspace
5390 silly ADD node_modules/firebase-tools/node_modules/stack-trace
5391 silly ADD node_modules/firebase-tools/node_modules/safe-stable-stringify
5392 silly ADD node_modules/firebase-tools/node_modules/one-time
5393 silly ADD node_modules/firebase-tools/node_modules/logform
5394 silly ADD node_modules/firebase-tools/node_modules/logform/node_modules/ms
5395 silly ADD node_modules/firebase-tools/node_modules/logform/node_modules/@colors/colors
5396 silly ADD node_modules/firebase-tools/node_modules/@dabh/diagnostics
5397 silly ADD node_modules/firebase-tools/node_modules/isexe
5398 silly ADD node_modules/firebase-tools/node_modules/webidl-conversions
5399 silly ADD node_modules/firebase-tools/node_modules/tr46
5400 silly ADD node_modules/firebase-tools/node_modules/clone
5401 silly ADD node_modules/firebase-tools/node_modules/defaults
5402 silly ADD node_modules/firebase-tools/node_modules/strip-json-comments
5403 silly ADD node_modules/firebase-tools/node_modules/minimist
5404 silly ADD node_modules/firebase-tools/node_modules/deep-extend
5405 silly ADD node_modules/firebase-tools/node_modules/rc
5406 silly ADD node_modules/firebase-tools/node_modules/rc/node_modules/ini
5407 silly ADD node_modules/firebase-tools/node_modules/proto-list
5408 silly ADD node_modules/firebase-tools/node_modules/config-chain
5409 silly ADD node_modules/firebase-tools/node_modules/config-chain/node_modules/ini
5410 silly ADD node_modules/firebase-tools/node_modules/@pnpm/network.ca-file
5411 silly ADD node_modules/firebase-tools/node_modules/@pnpm/network.ca-file/node_modules/graceful-fs
5412 silly ADD node_modules/firebase-tools/node_modules/@pnpm/config.env-replace
5413 silly ADD node_modules/firebase-tools/node_modules/@pnpm/npm-conf
5414 silly ADD node_modules/firebase-tools/node_modules/escape-goat
5415 silly ADD node_modules/firebase-tools/node_modules/whatwg-fetch
5416 silly ADD node_modules/firebase-tools/node_modules/ini
5417 silly ADD node_modules/firebase-tools/node_modules/is-path-inside
5418 silly ADD node_modules/firebase-tools/node_modules/global-dirs
5419 silly ADD node_modules/firebase-tools/node_modules/ci-info
5420 silly ADD node_modules/firebase-tools/node_modules/widest-line
5421 silly ADD node_modules/firebase-tools/node_modules/type-fest
5422 silly ADD node_modules/firebase-tools/node_modules/cli-boxes
5423 silly ADD node_modules/firebase-tools/node_modules/camelcase
5424 silly ADD node_modules/firebase-tools/node_modules/ansi-align
5425 silly ADD node_modules/firebase-tools/node_modules/semver-diff
5426 silly ADD node_modules/firebase-tools/node_modules/semver-diff/node_modules/semver
5427 silly ADD node_modules/firebase-tools/node_modules/registry-url
5428 silly ADD node_modules/firebase-tools/node_modules/registry-auth-token
5429 silly ADD node_modules/firebase-tools/node_modules/pupa
5430 silly ADD node_modules/firebase-tools/node_modules/isomorphic-fetch
5431 silly ADD node_modules/firebase-tools/node_modules/is-yarn-global
5432 silly ADD node_modules/firebase-tools/node_modules/is-npm
5433 silly ADD node_modules/firebase-tools/node_modules/is-installed-globally
5434 silly ADD node_modules/firebase-tools/node_modules/is-ci
5435 silly ADD node_modules/firebase-tools/node_modules/import-lazy
5436 silly ADD node_modules/firebase-tools/node_modules/has-yarn
5437 silly ADD node_modules/firebase-tools/node_modules/boxen
5438 silly ADD node_modules/firebase-tools/node_modules/boxen/node_modules/ansi-regex
5439 silly ADD node_modules/firebase-tools/node_modules/boxen/node_modules/strip-ansi
5440 silly ADD node_modules/firebase-tools/node_modules/boxen/node_modules/wrap-ansi
5441 silly ADD node_modules/firebase-tools/node_modules/boxen/node_modules/chalk
5442 silly ADD node_modules/firebase-tools/node_modules/crypto-random-string
5443 silly ADD node_modules/firebase-tools/node_modules/media-typer
5444 silly ADD node_modules/firebase-tools/node_modules/is-number
5445 silly ADD node_modules/firebase-tools/node_modules/thenify
5446 silly ADD node_modules/firebase-tools/node_modules/stubs
5447 silly ADD node_modules/firebase-tools/node_modules/stream-events
5448 silly ADD node_modules/firebase-tools/node_modules/ip-regex
5449 silly ADD node_modules/firebase-tools/node_modules/deep-is
5450 silly ADD node_modules/firebase-tools/node_modules/is2
5451 silly ADD node_modules/firebase-tools/node_modules/text-decoder
5452 silly ADD node_modules/firebase-tools/node_modules/events-universal
5453 silly ADD node_modules/firebase-tools/node_modules/teex
5454 silly ADD node_modules/firebase-tools/node_modules/bare-url
5455 silly ADD node_modules/firebase-tools/node_modules/bare-stream
5456 silly ADD node_modules/firebase-tools/node_modules/bare-path
5457 silly ADD node_modules/firebase-tools/node_modules/bare-events
5458 silly ADD node_modules/firebase-tools/node_modules/streamx
5459 silly ADD node_modules/firebase-tools/node_modules/fast-fifo
5460 silly ADD node_modules/firebase-tools/node_modules/bare-fs
5461 silly ADD node_modules/firebase-tools/node_modules/b4a
5462 silly ADD node_modules/firebase-tools/node_modules/yallist
5463 silly ADD node_modules/firebase-tools/node_modules/minizlib
5464 silly ADD node_modules/firebase-tools/node_modules/chownr
5465 silly ADD node_modules/firebase-tools/node_modules/@isaacs/fs-minipass
5466 silly ADD node_modules/firebase-tools/node_modules/supports-color
5467 silly ADD node_modules/firebase-tools/node_modules/has-flag
5468 silly ADD node_modules/firebase-tools/node_modules/is-promise
5469 silly ADD node_modules/firebase-tools/node_modules/abbrev
5470 silly ADD node_modules/firebase-tools/node_modules/tinyglobby
5471 silly ADD node_modules/firebase-tools/node_modules/tinyglobby/node_modules/picomatch
5472 silly ADD node_modules/firebase-tools/node_modules/tinyglobby/node_modules/fdir
5473 silly ADD node_modules/firebase-tools/node_modules/proc-log
5474 silly ADD node_modules/firebase-tools/node_modules/nopt
5475 silly ADD node_modules/firebase-tools/node_modules/exponential-backoff
5476 silly ADD node_modules/firebase-tools/node_modules/env-paths
5477 silly ADD node_modules/firebase-tools/node_modules/node-gyp
5478 silly ADD node_modules/firebase-tools/node_modules/node-gyp/node_modules/isexe
5479 silly ADD node_modules/firebase-tools/node_modules/node-gyp/node_modules/which
5480 silly ADD node_modules/firebase-tools/node_modules/node-gyp/node_modules/undici
5481 silly ADD node_modules/firebase-tools/node_modules/nan
5482 silly ADD node_modules/firebase-tools/node_modules/install-artifact-from-github
5483 silly ADD node_modules/firebase-tools/node_modules/lodash._objecttypes
5484 silly ADD node_modules/firebase-tools/node_modules/valid-url
5485 silly ADD node_modules/firebase-tools/node_modules/url-join
5486 silly ADD node_modules/firebase-tools/node_modules/as-array
5487 silly ADD node_modules/firebase-tools/node_modules/toxic
5488 silly ADD node_modules/firebase-tools/node_modules/lodash.isobject
5489 silly ADD node_modules/firebase-tools/node_modules/glob-slash
5490 silly ADD node_modules/firebase-tools/node_modules/compressible
5491 silly ADD node_modules/firebase-tools/node_modules/tsscmp
5492 silly ADD node_modules/firebase-tools/node_modules/router
5493 silly ADD node_modules/firebase-tools/node_modules/router/node_modules/ms
5494 silly ADD node_modules/firebase-tools/node_modules/router/node_modules/path-to-regexp
5495 silly ADD node_modules/firebase-tools/node_modules/router/node_modules/debug
5496 silly ADD node_modules/firebase-tools/node_modules/re2
5497 silly ADD node_modules/firebase-tools/node_modules/join-path
5498 silly ADD node_modules/firebase-tools/node_modules/is-url
5499 silly ADD node_modules/firebase-tools/node_modules/glob-slasher
5500 silly ADD node_modules/firebase-tools/node_modules/connect
5501 silly ADD node_modules/firebase-tools/node_modules/connect/node_modules/statuses
5502 silly ADD node_modules/firebase-tools/node_modules/connect/node_modules/on-finished
5503 silly ADD node_modules/firebase-tools/node_modules/connect/node_modules/encodeurl
5504 silly ADD node_modules/firebase-tools/node_modules/connect/node_modules/finalhandler
5505 silly ADD node_modules/firebase-tools/node_modules/compression
5506 silly ADD node_modules/firebase-tools/node_modules/compression/node_modules/negotiator
5507 silly ADD node_modules/firebase-tools/node_modules/basic-auth-connect
5508 silly ADD node_modules/firebase-tools/node_modules/is-fullwidth-code-point
5509 silly ADD node_modules/firebase-tools/node_modules/emoji-regex
5510 silly ADD node_modules/firebase-tools/node_modules/ret
5511 silly ADD node_modules/firebase-tools/node_modules/discontinuous-range
5512 silly ADD node_modules/firebase-tools/node_modules/randexp
5513 silly ADD node_modules/firebase-tools/node_modules/railroad-diagrams
5514 silly ADD node_modules/firebase-tools/node_modules/moo
5515 silly ADD node_modules/firebase-tools/node_modules/nearley
5516 silly ADD node_modules/firebase-tools/node_modules/nearley/node_modules/commander
5517 silly ADD node_modules/firebase-tools/node_modules/smart-buffer
5518 silly ADD node_modules/firebase-tools/node_modules/socks
5519 silly ADD node_modules/firebase-tools/node_modules/unicode-emoji-modifier-base
5520 silly ADD node_modules/firebase-tools/node_modules/call-bound
5521 silly ADD node_modules/firebase-tools/node_modules/side-channel-weakmap
5522 silly ADD node_modules/firebase-tools/node_modules/side-channel-map
5523 silly ADD node_modules/firebase-tools/node_modules/side-channel-list
5524 silly ADD node_modules/firebase-tools/node_modules/object-inspect
5525 silly ADD node_modules/firebase-tools/node_modules/shebang-regex
5526 silly ADD node_modules/firebase-tools/node_modules/teeny-request
5527 silly ADD node_modules/firebase-tools/node_modules/teeny-request/node_modules/data-uri-to-buffer
5528 silly ADD node_modules/firebase-tools/node_modules/teeny-request/node_modules/node-fetch
5529 silly ADD node_modules/firebase-tools/node_modules/mimic-fn
5530 silly ADD node_modules/firebase-tools/node_modules/onetime
5531 silly ADD node_modules/firebase-tools/node_modules/string_decoder
5532 silly ADD node_modules/firebase-tools/node_modules/process
5533 silly ADD node_modules/firebase-tools/node_modules/events
5534 silly ADD node_modules/firebase-tools/node_modules/side-channel
5535 silly ADD node_modules/firebase-tools/node_modules/source-map
5536 silly ADD node_modules/firebase-tools/node_modules/esutils
5537 silly ADD node_modules/firebase-tools/node_modules/estraverse
5538 silly ADD node_modules/firebase-tools/node_modules/tslib
5539 silly ADD node_modules/firebase-tools/node_modules/esprima
5540 silly ADD node_modules/firebase-tools/node_modules/escodegen
5541 silly ADD node_modules/firebase-tools/node_modules/ast-types
5542 silly ADD node_modules/firebase-tools/node_modules/netmask
5543 silly ADD node_modules/firebase-tools/node_modules/degenerator
5544 silly ADD node_modules/firebase-tools/node_modules/data-uri-to-buffer
5545 silly ADD node_modules/firebase-tools/node_modules/basic-ftp
5546 silly ADD node_modules/firebase-tools/node_modules/pac-resolver
5547 silly ADD node_modules/firebase-tools/node_modules/get-uri
5548 silly ADD node_modules/firebase-tools/node_modules/get-uri/node_modules/ms
5549 silly ADD node_modules/firebase-tools/node_modules/get-uri/node_modules/debug
5550 silly ADD node_modules/firebase-tools/node_modules/@tootallnate/quickjs-emscripten
5551 silly ADD node_modules/firebase-tools/node_modules/socks-proxy-agent
5552 silly ADD node_modules/firebase-tools/node_modules/socks-proxy-agent/node_modules/ms
5553 silly ADD node_modules/firebase-tools/node_modules/socks-proxy-agent/node_modules/debug
5554 silly ADD node_modules/firebase-tools/node_modules/proxy-from-env
5555 silly ADD node_modules/firebase-tools/node_modules/pac-proxy-agent
5556 silly ADD node_modules/firebase-tools/node_modules/pac-proxy-agent/node_modules/ms
5557 silly ADD node_modules/firebase-tools/node_modules/pac-proxy-agent/node_modules/debug
5558 silly ADD node_modules/firebase-tools/node_modules/http-proxy-agent
5559 silly ADD node_modules/firebase-tools/node_modules/http-proxy-agent/node_modules/ms
5560 silly ADD node_modules/firebase-tools/node_modules/http-proxy-agent/node_modules/debug
5561 silly ADD node_modules/firebase-tools/node_modules/ipaddr.js
5562 silly ADD node_modules/firebase-tools/node_modules/forwarded
5563 silly ADD node_modules/firebase-tools/node_modules/undici-types
5564 silly ADD node_modules/firebase-tools/node_modules/@types/node
5565 silly ADD node_modules/firebase-tools/node_modules/@protobufjs/utf8
5566 silly ADD node_modules/firebase-tools/node_modules/@protobufjs/pool
5567 silly ADD node_modules/firebase-tools/node_modules/@protobufjs/path
5568 silly ADD node_modules/firebase-tools/node_modules/@protobufjs/float
5569 silly ADD node_modules/firebase-tools/node_modules/@protobufjs/fetch
5570 silly ADD node_modules/firebase-tools/node_modules/@protobufjs/eventemitter
5571 silly ADD node_modules/firebase-tools/node_modules/@protobufjs/codegen
5572 silly ADD node_modules/firebase-tools/node_modules/@protobufjs/base64
5573 silly ADD node_modules/firebase-tools/node_modules/@protobufjs/aspromise
5574 silly ADD node_modules/firebase-tools/node_modules/xtend
5575 silly ADD node_modules/firebase-tools/node_modules/split2
5576 silly ADD node_modules/firebase-tools/node_modules/postgres-interval
5577 silly ADD node_modules/firebase-tools/node_modules/postgres-date
5578 silly ADD node_modules/firebase-tools/node_modules/postgres-bytea
5579 silly ADD node_modules/firebase-tools/node_modules/postgres-array
5580 silly ADD node_modules/firebase-tools/node_modules/pg-int8
5581 silly ADD node_modules/firebase-tools/node_modules/pgpass
5582 silly ADD node_modules/firebase-tools/node_modules/pg-types
5583 silly ADD node_modules/firebase-tools/node_modules/pg-protocol
5584 silly ADD node_modules/firebase-tools/node_modules/pg-pool
5585 silly ADD node_modules/firebase-tools/node_modules/pg-connection-string
5586 silly ADD node_modules/firebase-tools/node_modules/pg-cloudflare
5587 silly ADD node_modules/firebase-tools/node_modules/lru-cache
5588 silly ADD node_modules/firebase-tools/node_modules/restore-cursor
5589 silly ADD node_modules/firebase-tools/node_modules/restore-cursor/node_modules/signal-exit
5590 silly ADD node_modules/firebase-tools/node_modules/ieee754
5591 silly ADD node_modules/firebase-tools/node_modules/buffer
5592 silly ADD node_modules/firebase-tools/node_modules/wcwidth
5593 silly ADD node_modules/firebase-tools/node_modules/log-symbols
5594 silly ADD node_modules/firebase-tools/node_modules/log-symbols/node_modules/chalk
5595 silly ADD node_modules/firebase-tools/node_modules/is-unicode-supported
5596 silly ADD node_modules/firebase-tools/node_modules/is-interactive
5597 silly ADD node_modules/firebase-tools/node_modules/cli-spinners
5598 silly ADD node_modules/firebase-tools/node_modules/cli-cursor
5599 silly ADD node_modules/firebase-tools/node_modules/bl
5600 silly ADD node_modules/firebase-tools/node_modules/bl/node_modules/readable-stream
5601 silly ADD node_modules/firebase-tools/node_modules/is-wsl
5602 silly ADD node_modules/firebase-tools/node_modules/wrappy
5603 silly ADD node_modules/firebase-tools/node_modules/ee-first
5604 silly ADD node_modules/firebase-tools/node_modules/whatwg-url
5605 silly ADD node_modules/firebase-tools/node_modules/skin-tone
5606 silly ADD node_modules/firebase-tools/node_modules/emojilib
5607 silly ADD node_modules/firebase-tools/node_modules/char-regex
5608 silly ADD node_modules/firebase-tools/node_modules/@sindresorhus/is
5609 silly ADD node_modules/firebase-tools/node_modules/thenify-all
5610 silly ADD node_modules/firebase-tools/node_modules/any-promise
5611 silly ADD node_modules/firebase-tools/node_modules/on-headers
5612 silly ADD node_modules/firebase-tools/node_modules/basic-auth
5613 silly ADD node_modules/firebase-tools/node_modules/basic-auth/node_modules/safe-buffer
5614 silly ADD node_modules/firebase-tools/node_modules/concat-map
5615 silly ADD node_modules/firebase-tools/node_modules/balanced-match
5616 silly ADD node_modules/firebase-tools/node_modules/brace-expansion
5617 silly ADD node_modules/firebase-tools/node_modules/mime-db
5618 silly ADD node_modules/firebase-tools/node_modules/parse5-htmlparser2-tree-adapter
5619 silly ADD node_modules/firebase-tools/node_modules/parse5-htmlparser2-tree-adapter/node_modules/parse5
5620 silly ADD node_modules/firebase-tools/node_modules/parse5
5621 silly ADD node_modules/firebase-tools/node_modules/mz
5622 silly ADD node_modules/firebase-tools/node_modules/highlight.js
5623 silly ADD node_modules/firebase-tools/node_modules/environment
5624 silly ADD node_modules/firebase-tools/node_modules/supports-hyperlinks
5625 silly ADD node_modules/firebase-tools/node_modules/node-emoji
5626 silly ADD node_modules/firebase-tools/node_modules/cli-highlight
5627 silly ADD node_modules/firebase-tools/node_modules/cli-highlight/node_modules/ansi-regex
5628 silly ADD node_modules/firebase-tools/node_modules/cli-highlight/node_modules/wrap-ansi
5629 silly ADD node_modules/firebase-tools/node_modules/cli-highlight/node_modules/strip-ansi
5630 silly ADD node_modules/firebase-tools/node_modules/cli-highlight/node_modules/yargs-parser
5631 silly ADD node_modules/firebase-tools/node_modules/cli-highlight/node_modules/cliui
5632 silly ADD node_modules/firebase-tools/node_modules/cli-highlight/node_modules/yargs
5633 silly ADD node_modules/firebase-tools/node_modules/cli-highlight/node_modules/chalk
5634 silly ADD node_modules/firebase-tools/node_modules/chalk
5635 silly ADD node_modules/firebase-tools/node_modules/ansi-regex
5636 silly ADD node_modules/firebase-tools/node_modules/ansi-escapes
5637 silly ADD node_modules/firebase-tools/node_modules/libsodium
5638 silly ADD node_modules/firebase-tools/node_modules/buffer-equal-constant-time
5639 silly ADD node_modules/firebase-tools/node_modules/jwa
5640 silly ADD node_modules/firebase-tools/node_modules/lodash.once
5641 silly ADD node_modules/firebase-tools/node_modules/lodash.isstring
5642 silly ADD node_modules/firebase-tools/node_modules/lodash.isplainobject
5643 silly ADD node_modules/firebase-tools/node_modules/lodash.isnumber
5644 silly ADD node_modules/firebase-tools/node_modules/lodash.isinteger
5645 silly ADD node_modules/firebase-tools/node_modules/lodash.isboolean
5646 silly ADD node_modules/firebase-tools/node_modules/lodash.includes
5647 silly ADD node_modules/firebase-tools/node_modules/jju
5648 silly ADD node_modules/firebase-tools/node_modules/bignumber.js
5649 silly ADD node_modules/firebase-tools/node_modules/argparse
5650 silly ADD node_modules/firebase-tools/node_modules/wrap-ansi-cjs
5651 silly ADD node_modules/firebase-tools/node_modules/wrap-ansi-cjs/node_modules/ansi-regex
5652 silly ADD node_modules/firebase-tools/node_modules/wrap-ansi-cjs/node_modules/strip-ansi
5653 silly ADD node_modules/firebase-tools/node_modules/strip-ansi-cjs
5654 silly ADD node_modules/firebase-tools/node_modules/strip-ansi-cjs/node_modules/ansi-regex
5655 silly ADD node_modules/firebase-tools/node_modules/strip-ansi
5656 silly ADD node_modules/firebase-tools/node_modules/string-width-cjs
5657 silly ADD node_modules/firebase-tools/node_modules/string-width-cjs/node_modules/ansi-regex
5658 silly ADD node_modules/firebase-tools/node_modules/string-width-cjs/node_modules/strip-ansi
5659 silly ADD node_modules/firebase-tools/node_modules/@pkgjs/parseargs
5660 silly ADD node_modules/firebase-tools/node_modules/@isaacs/cliui
5661 silly ADD node_modules/firebase-tools/node_modules/@isaacs/cliui/node_modules/ansi-styles
5662 silly ADD node_modules/firebase-tools/node_modules/@isaacs/cliui/node_modules/emoji-regex
5663 silly ADD node_modules/firebase-tools/node_modules/@isaacs/cliui/node_modules/wrap-ansi
5664 silly ADD node_modules/firebase-tools/node_modules/@isaacs/cliui/node_modules/string-width
5665 silly ADD node_modules/firebase-tools/node_modules/is-extglob
5666 silly ADD node_modules/firebase-tools/node_modules/binary-extensions
5667 silly ADD node_modules/firebase-tools/node_modules/safer-buffer
5668 silly ADD node_modules/firebase-tools/node_modules/agent-base
5669 silly ADD node_modules/firebase-tools/node_modules/toidentifier
5670 silly ADD node_modules/firebase-tools/node_modules/url-template
5671 silly ADD node_modules/firebase-tools/node_modules/once
5672 silly ADD node_modules/firebase-tools/node_modules/stream-shift
5673 silly ADD node_modules/firebase-tools/node_modules/inherits
5674 silly ADD node_modules/firebase-tools/node_modules/end-of-stream
5675 silly ADD node_modules/firebase-tools/node_modules/rimraf
5676 silly ADD node_modules/firebase-tools/node_modules/retry-request
5677 silly ADD node_modules/firebase-tools/node_modules/proto3-json-serializer
5678 silly ADD node_modules/firebase-tools/node_modules/object-hash
5679 silly ADD node_modules/firebase-tools/node_modules/duplexify
5680 silly ADD node_modules/firebase-tools/node_modules/duplexify/node_modules/readable-stream
5681 silly ADD node_modules/firebase-tools/node_modules/json-bigint
5682 silly ADD node_modules/firebase-tools/node_modules/jws
5683 silly ADD node_modules/firebase-tools/node_modules/gtoken
5684 silly ADD node_modules/firebase-tools/node_modules/gcp-metadata
5685 silly ADD node_modules/firebase-tools/node_modules/gcp-metadata/node_modules/google-logging-utils
5686 silly ADD node_modules/firebase-tools/node_modules/ecdsa-sig-formatter
5687 silly ADD node_modules/firebase-tools/node_modules/base64-js
5688 silly ADD node_modules/firebase-tools/node_modules/path-scurry
5689 silly ADD node_modules/firebase-tools/node_modules/package-json-from-dist
5690 silly ADD node_modules/firebase-tools/node_modules/minipass
5691 silly ADD node_modules/firebase-tools/node_modules/jackspeak
5692 silly ADD node_modules/firebase-tools/node_modules/foreground-child
5693 silly ADD node_modules/firebase-tools/node_modules/dunder-proto
5694 silly ADD node_modules/firebase-tools/node_modules/math-intrinsics
5695 silly ADD node_modules/firebase-tools/node_modules/has-symbols
5696 silly ADD node_modules/firebase-tools/node_modules/gopd
5697 silly ADD node_modules/firebase-tools/node_modules/get-proto
5698 silly ADD node_modules/firebase-tools/node_modules/function-bind
5699 silly ADD node_modules/firebase-tools/node_modules/es-object-atoms
5700 silly ADD node_modules/firebase-tools/node_modules/es-define-property
5701 silly ADD node_modules/firebase-tools/node_modules/call-bind-apply-helpers
5702 silly ADD node_modules/firebase-tools/node_modules/uuid
5703 silly ADD node_modules/firebase-tools/node_modules/https-proxy-agent
5704 silly ADD node_modules/firebase-tools/node_modules/https-proxy-agent/node_modules/ms
5705 silly ADD node_modules/firebase-tools/node_modules/https-proxy-agent/node_modules/debug
5706 silly ADD node_modules/firebase-tools/node_modules/universalify
5707 silly ADD node_modules/firebase-tools/node_modules/jsonfile
5708 silly ADD node_modules/firebase-tools/node_modules/has-tostringtag
5709 silly ADD node_modules/firebase-tools/node_modules/get-intrinsic
5710 silly ADD node_modules/firebase-tools/node_modules/es-errors
5711 silly ADD node_modules/firebase-tools/node_modules/delayed-stream
5712 silly ADD node_modules/firebase-tools/node_modules/hasown
5713 silly ADD node_modules/firebase-tools/node_modules/es-set-tostringtag
5714 silly ADD node_modules/firebase-tools/node_modules/combined-stream
5715 silly ADD node_modules/firebase-tools/node_modules/asynckit
5716 silly ADD node_modules/firebase-tools/node_modules/to-regex-range
5717 silly ADD node_modules/firebase-tools/node_modules/ip-address
5718 silly ADD node_modules/firebase-tools/node_modules/negotiator
5719 silly ADD node_modules/firebase-tools/node_modules/mime-types
5720 silly ADD node_modules/firebase-tools/node_modules/utils-merge
5721 silly ADD node_modules/firebase-tools/node_modules/statuses
5722 silly ADD node_modules/firebase-tools/node_modules/setprototypeof
5723 silly ADD node_modules/firebase-tools/node_modules/serve-static
5724 silly ADD node_modules/firebase-tools/node_modules/send
5725 silly ADD node_modules/firebase-tools/node_modules/send/node_modules/ms
5726 silly ADD node_modules/firebase-tools/node_modules/send/node_modules/mime
5727 silly ADD node_modules/firebase-tools/node_modules/safe-buffer
5728 silly ADD node_modules/firebase-tools/node_modules/range-parser
5729 silly ADD node_modules/firebase-tools/node_modules/proxy-addr
5730 silly ADD node_modules/firebase-tools/node_modules/path-to-regexp
5731 silly ADD node_modules/firebase-tools/node_modules/parseurl
5732 silly ADD node_modules/firebase-tools/node_modules/methods
5733 silly ADD node_modules/firebase-tools/node_modules/merge-descriptors
5734 silly ADD node_modules/firebase-tools/node_modules/fresh
5735 silly ADD node_modules/firebase-tools/node_modules/finalhandler
5736 silly ADD node_modules/firebase-tools/node_modules/etag
5737 silly ADD node_modules/firebase-tools/node_modules/escape-html
5738 silly ADD node_modules/firebase-tools/node_modules/encodeurl
5739 silly ADD node_modules/firebase-tools/node_modules/cookie-signature
5740 silly ADD node_modules/firebase-tools/node_modules/cookie
5741 silly ADD node_modules/firebase-tools/node_modules/content-disposition
5742 silly ADD node_modules/firebase-tools/node_modules/array-flatten
5743 silly ADD node_modules/firebase-tools/node_modules/accepts
5744 silly ADD node_modules/firebase-tools/node_modules/call-me-maybe
5745 silly ADD node_modules/firebase-tools/node_modules/@types/json-schema
5746 silly ADD node_modules/firebase-tools/node_modules/@jsdevtools/ono
5747 silly ADD node_modules/firebase-tools/node_modules/promise-breaker
5748 silly ADD node_modules/firebase-tools/node_modules/openapi3-ts
5749 silly ADD node_modules/firebase-tools/node_modules/json-ptr
5750 silly ADD node_modules/firebase-tools/node_modules/events-listener
5751 silly ADD node_modules/firebase-tools/node_modules/deep-freeze
5752 silly ADD node_modules/firebase-tools/node_modules/@apidevtools/json-schema-ref-parser
5753 silly ADD node_modules/firebase-tools/node_modules/is-obj
5754 silly ADD node_modules/firebase-tools/node_modules/ms
5755 silly ADD node_modules/firebase-tools/node_modules/which
5756 silly ADD node_modules/firebase-tools/node_modules/shebang-command
5757 silly ADD node_modules/firebase-tools/node_modules/path-key
5758 silly ADD node_modules/firebase-tools/node_modules/vary
5759 silly ADD node_modules/firebase-tools/node_modules/object-assign
5760 silly ADD node_modules/firebase-tools/node_modules/xdg-basedir
5761 silly ADD node_modules/firebase-tools/node_modules/write-file-atomic
5762 silly ADD node_modules/firebase-tools/node_modules/write-file-atomic/node_modules/signal-exit
5763 silly ADD node_modules/firebase-tools/node_modules/unique-string
5764 silly ADD node_modules/firebase-tools/node_modules/make-dir
5765 silly ADD node_modules/firebase-tools/node_modules/make-dir/node_modules/semver
5766 silly ADD node_modules/firebase-tools/node_modules/dot-prop
5767 silly ADD node_modules/firebase-tools/node_modules/string-width
5768 silly ADD node_modules/firebase-tools/node_modules/string-width/node_modules/ansi-regex
5769 silly ADD node_modules/firebase-tools/node_modules/string-width/node_modules/strip-ansi
5770 silly ADD node_modules/firebase-tools/node_modules/@colors/colors
5771 silly ADD node_modules/firebase-tools/node_modules/json-parse-helpfulerror
5772 silly ADD node_modules/firebase-tools/node_modules/fill-range
5773 silly ADD node_modules/firebase-tools/node_modules/picomatch
5774 silly ADD node_modules/firebase-tools/node_modules/readdirp
5775 silly ADD node_modules/firebase-tools/node_modules/is-glob
5776 silly ADD node_modules/firebase-tools/node_modules/is-binary-path
5777 silly ADD node_modules/firebase-tools/node_modules/glob-parent
5778 silly ADD node_modules/firebase-tools/node_modules/braces
5779 silly ADD node_modules/firebase-tools/node_modules/anymatch
5780 silly ADD node_modules/firebase-tools/node_modules/unpipe
5781 silly ADD node_modules/firebase-tools/node_modules/type-is
5782 silly ADD node_modules/firebase-tools/node_modules/qs
5783 silly ADD node_modules/firebase-tools/node_modules/on-finished
5784 silly ADD node_modules/firebase-tools/node_modules/http-errors
5785 silly ADD node_modules/firebase-tools/node_modules/destroy
5786 silly ADD node_modules/firebase-tools/node_modules/depd
5787 silly ADD node_modules/firebase-tools/node_modules/debug
5788 silly ADD node_modules/firebase-tools/node_modules/bytes
5789 silly ADD node_modules/firebase-tools/node_modules/normalize-path
5790 silly ADD node_modules/firebase-tools/node_modules/lazystream
5791 silly ADD node_modules/firebase-tools/node_modules/lazystream/node_modules/string_decoder
5792 silly ADD node_modules/firebase-tools/node_modules/lazystream/node_modules/safe-buffer
5793 silly ADD node_modules/firebase-tools/node_modules/lazystream/node_modules/readable-stream
5794 silly ADD node_modules/firebase-tools/node_modules/is-stream
5795 silly ADD node_modules/firebase-tools/node_modules/graceful-fs
5796 silly ADD node_modules/firebase-tools/node_modules/zip-stream
5797 silly ADD node_modules/firebase-tools/node_modules/tar-stream
5798 silly ADD node_modules/firebase-tools/node_modules/readdir-glob
5799 silly ADD node_modules/firebase-tools/node_modules/readdir-glob/node_modules/brace-expansion
5800 silly ADD node_modules/firebase-tools/node_modules/readdir-glob/node_modules/minimatch
5801 silly ADD node_modules/firebase-tools/node_modules/readable-stream
5802 silly ADD node_modules/firebase-tools/node_modules/readable-stream/node_modules/buffer
5803 silly ADD node_modules/firebase-tools/node_modules/buffer-crc32
5804 silly ADD node_modules/firebase-tools/node_modules/async
5805 silly ADD node_modules/firebase-tools/node_modules/archiver-utils
5806 silly ADD node_modules/firebase-tools/node_modules/require-from-string
5807 silly ADD node_modules/firebase-tools/node_modules/json-schema-traverse
5808 silly ADD node_modules/firebase-tools/node_modules/fast-uri
5809 silly ADD node_modules/firebase-tools/node_modules/fast-deep-equal
5810 silly ADD node_modules/firebase-tools/node_modules/event-target-shim
5811 silly ADD node_modules/firebase-tools/node_modules/zod-to-json-schema
5812 silly ADD node_modules/firebase-tools/node_modules/raw-body
5813 silly ADD node_modules/firebase-tools/node_modules/pkce-challenge
5814 silly ADD node_modules/firebase-tools/node_modules/json-schema-typed
5815 silly ADD node_modules/firebase-tools/node_modules/jose
5816 silly ADD node_modules/firebase-tools/node_modules/express-rate-limit
5817 silly ADD node_modules/firebase-tools/node_modules/express-rate-limit/node_modules/ms
5818 silly ADD node_modules/firebase-tools/node_modules/express-rate-limit/node_modules/debug
5819 silly ADD node_modules/firebase-tools/node_modules/eventsource-parser
5820 silly ADD node_modules/firebase-tools/node_modules/eventsource
5821 silly ADD node_modules/firebase-tools/node_modules/content-type
5822 silly ADD node_modules/firebase-tools/node_modules/hono
5823 silly ADD node_modules/firebase-tools/node_modules/@hono/node-server
5824 silly ADD node_modules/firebase-tools/node_modules/iconv-lite
5825 silly ADD node_modules/firebase-tools/node_modules/chardet
5826 silly ADD node_modules/firebase-tools/node_modules/@inquirer/external-editor
5827 silly ADD node_modules/firebase-tools/node_modules/wrap-ansi
5828 silly ADD node_modules/firebase-tools/node_modules/wrap-ansi/node_modules/ansi-regex
5829 silly ADD node_modules/firebase-tools/node_modules/wrap-ansi/node_modules/strip-ansi
5830 silly ADD node_modules/firebase-tools/node_modules/signal-exit
5831 silly ADD node_modules/firebase-tools/node_modules/mute-stream
5832 silly ADD node_modules/firebase-tools/node_modules/cli-width
5833 silly ADD node_modules/firebase-tools/node_modules/yoctocolors-cjs
5834 silly ADD node_modules/firebase-tools/node_modules/@inquirer/type
5835 silly ADD node_modules/firebase-tools/node_modules/@inquirer/figures
5836 silly ADD node_modules/firebase-tools/node_modules/@inquirer/core
5837 silly ADD node_modules/firebase-tools/node_modules/@inquirer/ansi
5838 silly ADD node_modules/firebase-tools/node_modules/@inquirer/select
5839 silly ADD node_modules/firebase-tools/node_modules/@inquirer/search
5840 silly ADD node_modules/firebase-tools/node_modules/@inquirer/rawlist
5841 silly ADD node_modules/firebase-tools/node_modules/@inquirer/password
5842 silly ADD node_modules/firebase-tools/node_modules/@inquirer/number
5843 silly ADD node_modules/firebase-tools/node_modules/@inquirer/input
5844 silly ADD node_modules/firebase-tools/node_modules/@inquirer/expand
5845 silly ADD node_modules/firebase-tools/node_modules/@inquirer/editor
5846 silly ADD node_modules/firebase-tools/node_modules/@inquirer/confirm
5847 silly ADD node_modules/firebase-tools/node_modules/@inquirer/checkbox
5848 silly ADD node_modules/firebase-tools/node_modules/yargs
5849 silly ADD node_modules/firebase-tools/node_modules/protobufjs
5850 silly ADD node_modules/firebase-tools/node_modules/lodash.camelcase
5851 silly ADD node_modules/firebase-tools/node_modules/@js-sdsl/ordered-map
5852 silly ADD node_modules/firebase-tools/node_modules/@grpc/proto-loader
5853 silly ADD node_modules/firebase-tools/node_modules/googleapis-common
5854 silly ADD node_modules/firebase-tools/node_modules/googleapis-common/node_modules/data-uri-to-buffer
5855 silly ADD node_modules/firebase-tools/node_modules/googleapis-common/node_modules/gtoken
5856 silly ADD node_modules/firebase-tools/node_modules/googleapis-common/node_modules/gcp-metadata
5857 silly ADD node_modules/firebase-tools/node_modules/googleapis-common/node_modules/node-fetch
5858 silly ADD node_modules/firebase-tools/node_modules/googleapis-common/node_modules/google-logging-utils
5859 silly ADD node_modules/firebase-tools/node_modules/googleapis-common/node_modules/google-auth-library
5860 silly ADD node_modules/firebase-tools/node_modules/googleapis-common/node_modules/gaxios
5861 silly ADD node_modules/firebase-tools/node_modules/p-defer
5862 silly ADD node_modules/firebase-tools/node_modules/long
5863 silly ADD node_modules/firebase-tools/node_modules/lodash.snakecase
5864 silly ADD node_modules/firebase-tools/node_modules/is-stream-ended
5865 silly ADD node_modules/firebase-tools/node_modules/heap-js
5866 silly ADD node_modules/firebase-tools/node_modules/google-gax
5867 silly ADD node_modules/firebase-tools/node_modules/google-gax/node_modules/data-uri-to-buffer
5868 silly ADD node_modules/firebase-tools/node_modules/google-gax/node_modules/gtoken
5869 silly ADD node_modules/firebase-tools/node_modules/google-gax/node_modules/gcp-metadata
5870 silly ADD node_modules/firebase-tools/node_modules/google-gax/node_modules/gcp-metadata/node_modules/gaxios
5871 silly ADD node_modules/firebase-tools/node_modules/google-gax/node_modules/gaxios
5872 silly ADD node_modules/firebase-tools/node_modules/google-gax/node_modules/node-fetch
5873 silly ADD node_modules/firebase-tools/node_modules/google-gax/node_modules/google-logging-utils
5874 silly ADD node_modules/firebase-tools/node_modules/google-gax/node_modules/google-auth-library
5875 silly ADD node_modules/firebase-tools/node_modules/extend
5876 silly ADD node_modules/firebase-tools/node_modules/arrify
5877 silly ADD node_modules/firebase-tools/node_modules/@opentelemetry/semantic-conventions
5878 silly ADD node_modules/firebase-tools/node_modules/@opentelemetry/core
5879 silly ADD node_modules/firebase-tools/node_modules/@opentelemetry/core/node_modules/@opentelemetry/semantic-conventions
5880 silly ADD node_modules/firebase-tools/node_modules/@opentelemetry/api
5881 silly ADD node_modules/firebase-tools/node_modules/@google-cloud/promisify
5882 silly ADD node_modules/firebase-tools/node_modules/@google-cloud/projectify
5883 silly ADD node_modules/firebase-tools/node_modules/@google-cloud/precise-date
5884 silly ADD node_modules/firebase-tools/node_modules/@google-cloud/paginator
5885 silly ADD node_modules/firebase-tools/node_modules/p-throttle
5886 silly ADD node_modules/firebase-tools/node_modules/@grpc/grpc-js
5887 silly ADD node_modules/firebase-tools/node_modules/@googleapis/sqladmin
5888 silly ADD node_modules/firebase-tools/node_modules/@google-cloud/sql
5889 silly ADD node_modules/firebase-tools/node_modules/zod
5890 silly ADD node_modules/firebase-tools/node_modules/yaml
5891 silly ADD node_modules/firebase-tools/node_modules/ws
5892 silly ADD node_modules/firebase-tools/node_modules/winston-transport
5893 silly ADD node_modules/firebase-tools/node_modules/winston-transport/node_modules/readable-stream
5894 silly ADD node_modules/firebase-tools/node_modules/winston
5895 silly ADD node_modules/firebase-tools/node_modules/winston/node_modules/readable-stream
5896 silly ADD node_modules/firebase-tools/node_modules/winston/node_modules/@colors/colors
5897 silly ADD node_modules/firebase-tools/node_modules/update-notifier-cjs
5898 silly ADD node_modules/firebase-tools/node_modules/update-notifier-cjs/node_modules/chalk
5899 silly ADD node_modules/firebase-tools/node_modules/universal-analytics
5900 silly ADD node_modules/firebase-tools/node_modules/universal-analytics/node_modules/ms
5901 silly ADD node_modules/firebase-tools/node_modules/universal-analytics/node_modules/uuid
5902 silly ADD node_modules/firebase-tools/node_modules/universal-analytics/node_modules/debug
5903 silly ADD node_modules/firebase-tools/node_modules/undici
5904 silly ADD node_modules/firebase-tools/node_modules/triple-beam
5905 silly ADD node_modules/firebase-tools/node_modules/tmp
5906 silly ADD node_modules/firebase-tools/node_modules/tcp-port-used
5907 silly ADD node_modules/firebase-tools/node_modules/tcp-port-used/node_modules/ms
5908 silly ADD node_modules/firebase-tools/node_modules/tcp-port-used/node_modules/debug
5909 silly ADD node_modules/firebase-tools/node_modules/tar
5910 silly ADD node_modules/firebase-tools/node_modules/superstatic
5911 silly ADD node_modules/firebase-tools/node_modules/superstatic/node_modules/isarray
5912 silly ADD node_modules/firebase-tools/node_modules/superstatic/node_modules/brace-expansion
5913 silly ADD node_modules/firebase-tools/node_modules/superstatic/node_modules/path-to-regexp
5914 silly ADD node_modules/firebase-tools/node_modules/superstatic/node_modules/minimatch
5915 silly ADD node_modules/firebase-tools/node_modules/superstatic/node_modules/commander
5916 silly ADD node_modules/firebase-tools/node_modules/stream-json
5917 silly ADD node_modules/firebase-tools/node_modules/stream-chain
5918 silly ADD node_modules/firebase-tools/node_modules/sql-formatter
5919 silly ADD node_modules/firebase-tools/node_modules/semver
5920 silly ADD node_modules/firebase-tools/node_modules/retry
5921 silly ADD node_modules/firebase-tools/node_modules/proxy-agent
5922 silly ADD node_modules/firebase-tools/node_modules/proxy-agent/node_modules/ms
5923 silly ADD node_modules/firebase-tools/node_modules/proxy-agent/node_modules/lru-cache
5924 silly ADD node_modules/firebase-tools/node_modules/proxy-agent/node_modules/debug
5925 silly ADD node_modules/firebase-tools/node_modules/progress
5926 silly ADD node_modules/firebase-tools/node_modules/portfinder
5927 silly ADD node_modules/firebase-tools/node_modules/portfinder/node_modules/ms
5928 silly ADD node_modules/firebase-tools/node_modules/portfinder/node_modules/debug
5929 silly ADD node_modules/firebase-tools/node_modules/pglite-2
5930 silly ADD node_modules/firebase-tools/node_modules/pg-gateway
5931 silly ADD node_modules/firebase-tools/node_modules/pg
5932 silly ADD node_modules/firebase-tools/node_modules/ora
5933 silly ADD node_modules/firebase-tools/node_modules/ora/node_modules/ansi-regex
5934 silly ADD node_modules/firebase-tools/node_modules/ora/node_modules/strip-ansi
5935 silly ADD node_modules/firebase-tools/node_modules/ora/node_modules/chalk
5936 silly ADD node_modules/firebase-tools/node_modules/open
5937 silly ADD node_modules/firebase-tools/node_modules/node-fetch
5938 silly ADD node_modules/firebase-tools/node_modules/morgan
5939 silly ADD node_modules/firebase-tools/node_modules/minimatch
5940 silly ADD node_modules/firebase-tools/node_modules/mime
5941 silly ADD node_modules/firebase-tools/node_modules/marked-terminal
5942 silly ADD node_modules/firebase-tools/node_modules/marked
5943 silly ADD node_modules/firebase-tools/node_modules/lsofi
5944 silly ADD node_modules/firebase-tools/node_modules/lodash
5945 silly ADD node_modules/firebase-tools/node_modules/libsodium-wrappers
5946 silly ADD node_modules/firebase-tools/node_modules/jsonwebtoken
5947 silly ADD node_modules/firebase-tools/node_modules/jsonwebtoken/node_modules/ms
5948 silly ADD node_modules/firebase-tools/node_modules/js-yaml
5949 silly ADD node_modules/firebase-tools/node_modules/ignore
5950 silly ADD node_modules/firebase-tools/node_modules/google-auth-library
5951 silly ADD node_modules/firebase-tools/node_modules/glob
5952 silly ADD node_modules/firebase-tools/node_modules/glob/node_modules/brace-expansion
5953 silly ADD node_modules/firebase-tools/node_modules/glob/node_modules/minimatch
5954 silly ADD node_modules/firebase-tools/node_modules/gaxios
5955 silly ADD node_modules/firebase-tools/node_modules/fuzzy
5956 silly ADD node_modules/firebase-tools/node_modules/fs-extra
5957 silly ADD node_modules/firebase-tools/node_modules/form-data
5958 silly ADD node_modules/firebase-tools/node_modules/express
5959 silly ADD node_modules/firebase-tools/node_modules/exegesis-express
5960 silly ADD node_modules/firebase-tools/node_modules/exegesis
5961 silly ADD node_modules/firebase-tools/node_modules/exegesis/node_modules/iconv-lite
5962 silly ADD node_modules/firebase-tools/node_modules/exegesis/node_modules/raw-body
5963 silly ADD node_modules/firebase-tools/node_modules/exegesis/node_modules/ajv-formats
5964 silly ADD node_modules/firebase-tools/node_modules/csv-parse
5965 silly ADD node_modules/firebase-tools/node_modules/cross-spawn
5966 silly ADD node_modules/firebase-tools/node_modules/cross-env
5967 silly ADD node_modules/firebase-tools/node_modules/cors
5968 silly ADD node_modules/firebase-tools/node_modules/configstore
5969 silly ADD node_modules/firebase-tools/node_modules/commander
5970 silly ADD node_modules/firebase-tools/node_modules/colorette
5971 silly ADD node_modules/firebase-tools/node_modules/cli-table3
5972 silly ADD node_modules/firebase-tools/node_modules/cjson
5973 silly ADD node_modules/firebase-tools/node_modules/chokidar
5974 silly ADD node_modules/firebase-tools/node_modules/body-parser
5975 silly ADD node_modules/firebase-tools/node_modules/body-parser/node_modules/raw-body
5976 silly ADD node_modules/firebase-tools/node_modules/body-parser/node_modules/iconv-lite
5977 silly ADD node_modules/firebase-tools/node_modules/async-lock
5978 silly ADD node_modules/firebase-tools/node_modules/archiver
5979 silly ADD node_modules/firebase-tools/node_modules/ajv-formats
5980 silly ADD node_modules/firebase-tools/node_modules/ajv
5981 silly ADD node_modules/firebase-tools/node_modules/abort-controller
5982 silly ADD node_modules/firebase-tools/node_modules/@modelcontextprotocol/sdk
5983 silly ADD node_modules/firebase-tools/node_modules/@modelcontextprotocol/sdk/node_modules/media-typer
5984 silly ADD node_modules/firebase-tools/node_modules/@modelcontextprotocol/sdk/node_modules/mime-db
5985 silly ADD node_modules/firebase-tools/node_modules/@modelcontextprotocol/sdk/node_modules/ms
5986 silly ADD node_modules/firebase-tools/node_modules/@modelcontextprotocol/sdk/node_modules/negotiator
5987 silly ADD node_modules/firebase-tools/node_modules/@modelcontextprotocol/sdk/node_modules/negotiator/node_modules/content-type
5988 silly ADD node_modules/firebase-tools/node_modules/@modelcontextprotocol/sdk/node_modules/type-is
5989 silly ADD node_modules/firebase-tools/node_modules/@modelcontextprotocol/sdk/node_modules/type-is/node_modules/content-type
5990 silly ADD node_modules/firebase-tools/node_modules/@modelcontextprotocol/sdk/node_modules/serve-static
5991 silly ADD node_modules/firebase-tools/node_modules/@modelcontextprotocol/sdk/node_modules/send
5992 silly ADD node_modules/firebase-tools/node_modules/@modelcontextprotocol/sdk/node_modules/mime-types
5993 silly ADD node_modules/firebase-tools/node_modules/@modelcontextprotocol/sdk/node_modules/merge-descriptors
5994 silly ADD node_modules/firebase-tools/node_modules/@modelcontextprotocol/sdk/node_modules/fresh
5995 silly ADD node_modules/firebase-tools/node_modules/@modelcontextprotocol/sdk/node_modules/finalhandler
5996 silly ADD node_modules/firebase-tools/node_modules/@modelcontextprotocol/sdk/node_modules/debug
5997 silly ADD node_modules/firebase-tools/node_modules/@modelcontextprotocol/sdk/node_modules/cookie-signature
5998 silly ADD node_modules/firebase-tools/node_modules/@modelcontextprotocol/sdk/node_modules/content-disposition
5999 silly ADD node_modules/firebase-tools/node_modules/@modelcontextprotocol/sdk/node_modules/body-parser
6000 silly ADD node_modules/firebase-tools/node_modules/@modelcontextprotocol/sdk/node_modules/body-parser/node_modules/content-type
6001 silly ADD node_modules/firebase-tools/node_modules/@modelcontextprotocol/sdk/node_modules/accepts
6002 silly ADD node_modules/firebase-tools/node_modules/@modelcontextprotocol/sdk/node_modules/express
6003 silly ADD node_modules/firebase-tools/node_modules/@inquirer/prompts
6004 silly ADD node_modules/firebase-tools/node_modules/@google-cloud/pubsub
6005 silly ADD node_modules/firebase-tools/node_modules/@google-cloud/pubsub/node_modules/data-uri-to-buffer
6006 silly ADD node_modules/firebase-tools/node_modules/@google-cloud/pubsub/node_modules/node-fetch
6007 silly ADD node_modules/firebase-tools/node_modules/@google-cloud/pubsub/node_modules/google-logging-utils
6008 silly ADD node_modules/firebase-tools/node_modules/@google-cloud/pubsub/node_modules/gcp-metadata
6009 silly ADD node_modules/firebase-tools/node_modules/@google-cloud/pubsub/node_modules/gaxios
6010 silly ADD node_modules/firebase-tools/node_modules/@google-cloud/pubsub/node_modules/google-auth-library
6011 silly ADD node_modules/firebase-tools/node_modules/@google-cloud/cloud-sql-connector
6012 silly ADD node_modules/firebase-tools/node_modules/@google-cloud/cloud-sql-connector/node_modules/data-uri-to-buffer
6013 silly ADD node_modules/firebase-tools/node_modules/@google-cloud/cloud-sql-connector/node_modules/google-logging-utils
6014 silly ADD node_modules/firebase-tools/node_modules/@google-cloud/cloud-sql-connector/node_modules/gcp-metadata
6015 silly ADD node_modules/firebase-tools/node_modules/@google-cloud/cloud-sql-connector/node_modules/gcp-metadata/node_modules/gaxios
6016 silly ADD node_modules/firebase-tools/node_modules/@google-cloud/cloud-sql-connector/node_modules/node-fetch
6017 silly ADD node_modules/firebase-tools/node_modules/@google-cloud/cloud-sql-connector/node_modules/google-auth-library
6018 silly ADD node_modules/firebase-tools/node_modules/@google-cloud/cloud-sql-connector/node_modules/google-auth-library/node_modules/gaxios
6019 silly ADD node_modules/firebase-tools/node_modules/@google-cloud/cloud-sql-connector/node_modules/gaxios
6020 silly ADD node_modules/firebase-tools/node_modules/@electric-sql/pglite-tools
6021 silly ADD node_modules/firebase-tools/node_modules/@electric-sql/pglite
6022 silly ADD node_modules/firebase-tools/node_modules/@apphosting/common
6023 warn install-scripts 2 packages had install scripts blocked because they are not covered by allowScripts:
6023 warn install-scripts   protobufjs@7.6.6 (postinstall: node scripts/postinstall)
6023 warn install-scripts   re2@1.26.1 (install: install-from-cache --artifact build/Release/re2.node --host-var RE2_DOWNLOAD_MIRROR --skip-path-var RE2_DOWNLOAD_SKIP_PATH --skip-ver-var RE2_DOWNLOAD_SKIP_VER --force-build-var RE2_DOWNLOAD_FORCE_BUILD || node-gyp -j max rebuild)
6023 warn install-scripts
6023 warn install-scripts Run `npm install -g --allow-scripts=protobufjs,re2` to allow these scripts once, or `npm config set allow-scripts=protobufjs,re2 --location=user` to allow them for all global installs.
6024 verbose cwd /home/hikarukurosei
6025 verbose os Linux 6.6.143+
6026 verbose node v24.19.0
6027 verbose npm  v12.0.2
6028 verbose exit 0
6029 info ok
