0 verbose cli /usr/local/nvm/versions/node/v24.19.0/bin/node /usr/local/nvm/versions/node/v24.19.0/bin/npm
1 info using npm@12.0.2
2 info using node@v24.19.0
3 silly config load:file:/usr/local/nvm/versions/node/v24.19.0/lib/node_modules/npm/npmrc
4 silly config load:file:/home/hikarukurosei/.npmrc
5 silly config load:file:/usr/local/nvm/versions/node/v24.19.0/etc/npmrc
6 verbose title npm install @bubblewrap/cli
7 verbose argv "install" "--global" "@bubblewrap/cli"
8 verbose logfile logs-max:10 dir:/home/hikarukurosei/.npm/_logs/2026-09-03T04_01_27_860Z-
9 verbose logfile /home/hikarukurosei/.npm/_logs/2026-09-03T04_01_27_860Z-debug-0.log
10 silly packumentCache heap:2348810240 maxSize:587202560 maxEntrySize:293601280
11 silly logfile done cleaning log files
12 silly idealTree buildDeps
13 silly fetch manifest @bubblewrap/cli@*
14 silly packumentCache full:https://registry.npmjs.org/@bubblewrap%2fcli cache-miss
15 http fetch GET 200 https://registry.npmjs.org/@bubblewrap%2fcli 691ms (cache miss)
16 silly packumentCache full:https://registry.npmjs.org/@bubblewrap%2fcli set size:undefined disposed:false
17 silly placeDep ROOT @bubblewrap/cli@1.25.0 OK for:  want: *
18 silly fetch manifest @bubblewrap/core@^1.25.0
19 silly packumentCache full:https://registry.npmjs.org/@bubblewrap%2fcore cache-miss
20 http fetch GET 200 https://registry.npmjs.org/@bubblewrap%2fcore 614ms (cache miss)
21 silly packumentCache full:https://registry.npmjs.org/@bubblewrap%2fcore set size:undefined disposed:false
22 silly fetch manifest @bubblewrap/validator@^1.25.0
23 silly packumentCache full:https://registry.npmjs.org/@bubblewrap%2fvalidator cache-miss
24 http fetch GET 200 https://registry.npmjs.org/@bubblewrap%2fvalidator 642ms (cache miss)
25 silly packumentCache full:https://registry.npmjs.org/@bubblewrap%2fvalidator set size:undefined disposed:false
26 silly fetch manifest @types/cli-progress@^3.7.0
27 silly packumentCache full:https://registry.npmjs.org/@types%2fcli-progress cache-miss
28 http fetch GET 200 https://registry.npmjs.org/@types%2fcli-progress 45ms (cache miss)
29 silly packumentCache full:https://registry.npmjs.org/@types%2fcli-progress set size:undefined disposed:false
30 silly fetch manifest @types/color@^3.0.0
31 silly packumentCache full:https://registry.npmjs.org/@types%2fcolor cache-miss
32 http fetch GET 200 https://registry.npmjs.org/@types%2fcolor 443ms (cache miss)
33 silly packumentCache full:https://registry.npmjs.org/@types%2fcolor set size:undefined disposed:false
34 silly fetch manifest @types/inquirer@^8.2.6
35 silly packumentCache full:https://registry.npmjs.org/@types%2finquirer cache-miss
36 http fetch GET 200 https://registry.npmjs.org/@types%2finquirer 49ms (cache miss)
37 silly packumentCache full:https://registry.npmjs.org/@types%2finquirer set size:undefined disposed:false
38 silly fetch manifest @types/mime-types@^2.1.0
39 silly packumentCache full:https://registry.npmjs.org/@types%2fmime-types cache-miss
40 http fetch GET 200 https://registry.npmjs.org/@types%2fmime-types 226ms (cache miss)
41 silly packumentCache full:https://registry.npmjs.org/@types%2fmime-types set size:undefined disposed:false
42 silly fetch manifest @types/minimist@^1.2.0
43 silly packumentCache full:https://registry.npmjs.org/@types%2fminimist cache-miss
44 http fetch GET 200 https://registry.npmjs.org/@types%2fminimist 40ms (cache miss)
45 silly packumentCache full:https://registry.npmjs.org/@types%2fminimist set size:undefined disposed:false
46 silly fetch manifest @types/semver@^7.3.1
47 silly packumentCache full:https://registry.npmjs.org/@types%2fsemver cache-miss
48 http fetch GET 200 https://registry.npmjs.org/@types%2fsemver 47ms (cache miss)
49 silly packumentCache full:https://registry.npmjs.org/@types%2fsemver set size:undefined disposed:false
50 silly fetch manifest @types/valid-url@^1.0.3
51 silly packumentCache full:https://registry.npmjs.org/@types%2fvalid-url cache-miss
52 http fetch GET 200 https://registry.npmjs.org/@types%2fvalid-url 424ms (cache miss)
53 silly packumentCache full:https://registry.npmjs.org/@types%2fvalid-url set size:undefined disposed:false
54 silly fetch manifest cli-progress@^3.8.2
55 silly packumentCache full:https://registry.npmjs.org/cli-progress cache-miss
56 http fetch GET 200 https://registry.npmjs.org/cli-progress 43ms (cache miss)
57 silly packumentCache full:https://registry.npmjs.org/cli-progress set size:undefined disposed:false
58 silly fetch manifest color@^3.1.2
59 silly packumentCache full:https://registry.npmjs.org/color cache-miss
60 http fetch GET 200 https://registry.npmjs.org/color 39ms (cache revalidated)
61 silly packumentCache full:https://registry.npmjs.org/color set size:98234 disposed:false
62 silly fetch manifest colors@1.4.0
63 silly packumentCache full:https://registry.npmjs.org/colors cache-miss
64 http fetch GET 200 https://registry.npmjs.org/colors 51ms (cache miss)
65 silly packumentCache full:https://registry.npmjs.org/colors set size:undefined disposed:false
66 silly fetch manifest inquirer@^8.2.6
67 silly packumentCache full:https://registry.npmjs.org/inquirer cache-miss
68 http fetch GET 200 https://registry.npmjs.org/inquirer 64ms (cache miss)
69 silly packumentCache full:https://registry.npmjs.org/inquirer set size:undefined disposed:false
70 silly fetch manifest mime-types@^2.1.27
71 silly packumentCache full:https://registry.npmjs.org/mime-types cache-miss
72 http fetch GET 200 https://registry.npmjs.org/mime-types 37ms (cache revalidated)
73 silly packumentCache full:https://registry.npmjs.org/mime-types set size:139110 disposed:false
74 silly fetch manifest minimist@^1.2.2
75 silly packumentCache full:https://registry.npmjs.org/minimist cache-miss
76 http fetch GET 200 https://registry.npmjs.org/minimist 35ms (cache revalidated)
77 silly packumentCache full:https://registry.npmjs.org/minimist set size:77063 disposed:false
78 silly fetch manifest semver@^7.3.2
79 silly packumentCache full:https://registry.npmjs.org/semver cache-miss
80 http fetch GET 200 https://registry.npmjs.org/semver 29ms (cache revalidated)
81 silly packumentCache full:https://registry.npmjs.org/semver set size:246069 disposed:false
82 silly fetch manifest valid-url@^1.0.9
83 silly packumentCache full:https://registry.npmjs.org/valid-url cache-miss
84 http fetch GET 200 https://registry.npmjs.org/valid-url 32ms (cache revalidated)
85 silly packumentCache full:https://registry.npmjs.org/valid-url set size:40090 disposed:false
86 silly placeDep node_modules/@bubblewrap/cli @bubblewrap/core@1.25.0 OK for: @bubblewrap/cli@1.25.0 want: ^1.25.0
87 silly placeDep node_modules/@bubblewrap/cli @bubblewrap/validator@1.25.0 OK for: @bubblewrap/cli@1.25.0 want: ^1.25.0
88 silly placeDep node_modules/@bubblewrap/cli @types/cli-progress@3.11.6 OK for: @bubblewrap/cli@1.25.0 want: ^3.7.0
89 silly placeDep node_modules/@bubblewrap/cli @types/color@3.0.7 OK for: @bubblewrap/cli@1.25.0 want: ^3.0.0
90 silly placeDep node_modules/@bubblewrap/cli @types/inquirer@8.2.13 OK for: @bubblewrap/cli@1.25.0 want: ^8.2.6
91 silly placeDep node_modules/@bubblewrap/cli @types/mime-types@2.1.4 OK for: @bubblewrap/cli@1.25.0 want: ^2.1.0
92 silly placeDep node_modules/@bubblewrap/cli @types/minimist@1.2.5 OK for: @bubblewrap/cli@1.25.0 want: ^1.2.0
93 silly placeDep node_modules/@bubblewrap/cli @types/semver@7.8.0 OK for: @bubblewrap/cli@1.25.0 want: ^7.3.1
94 silly placeDep node_modules/@bubblewrap/cli @types/valid-url@1.0.7 OK for: @bubblewrap/cli@1.25.0 want: ^1.0.3
95 silly placeDep node_modules/@bubblewrap/cli cli-progress@3.12.0 OK for: @bubblewrap/cli@1.25.0 want: ^3.8.2
96 silly placeDep node_modules/@bubblewrap/cli color@3.2.1 OK for: @bubblewrap/cli@1.25.0 want: ^3.1.2
97 silly placeDep node_modules/@bubblewrap/cli colors@1.4.0 OK for: @bubblewrap/cli@1.25.0 want: 1.4.0
98 silly placeDep node_modules/@bubblewrap/cli inquirer@8.2.7 OK for: @bubblewrap/cli@1.25.0 want: ^8.2.6
99 silly placeDep node_modules/@bubblewrap/cli mime-types@2.1.35 OK for: @bubblewrap/cli@1.25.0 want: ^2.1.27
100 silly placeDep node_modules/@bubblewrap/cli minimist@1.2.8 OK for: @bubblewrap/cli@1.25.0 want: ^1.2.2
101 silly placeDep node_modules/@bubblewrap/cli semver@7.8.5 OK for: @bubblewrap/cli@1.25.0 want: ^7.3.2
102 silly placeDep node_modules/@bubblewrap/cli valid-url@1.0.9 OK for: @bubblewrap/cli@1.25.0 want: ^1.0.9
103 silly fetch manifest @resvg/resvg-js@^2.2.0
104 silly packumentCache full:https://registry.npmjs.org/@resvg%2fresvg-js cache-miss
105 http fetch GET 200 https://registry.npmjs.org/@resvg%2fresvg-js 268ms (cache miss)
106 silly packumentCache full:https://registry.npmjs.org/@resvg%2fresvg-js set size:undefined disposed:false
107 silly fetch manifest @types/extract-zip@^1.6.2
108 silly packumentCache full:https://registry.npmjs.org/@types%2fextract-zip cache-miss
109 http fetch GET 200 https://registry.npmjs.org/@types%2fextract-zip 444ms (cache miss)
110 silly packumentCache full:https://registry.npmjs.org/@types%2fextract-zip set size:undefined disposed:false
111 silly fetch manifest @types/gapi.client.androidpublisher@^3.0.0
112 silly packumentCache full:https://registry.npmjs.org/@types%2fgapi.client.androidpublisher cache-miss
113 http fetch GET 200 https://registry.npmjs.org/@types%2fgapi.client.androidpublisher 543ms (cache miss)
114 silly packumentCache full:https://registry.npmjs.org/@types%2fgapi.client.androidpublisher set size:undefined disposed:false
115 silly fetch manifest @types/inquirer@^9.0.7
116 silly packumentCache full:https://registry.npmjs.org/@types%2finquirer cache-miss
117 http cache https://registry.npmjs.org/@types%2finquirer 5ms (cache hit)
118 silly packumentCache full:https://registry.npmjs.org/@types%2finquirer set size:150718 disposed:false
119 silly fetch manifest @types/lodash@^4.17.14
120 silly packumentCache full:https://registry.npmjs.org/@types%2flodash cache-miss
121 http fetch GET 200 https://registry.npmjs.org/@types%2flodash 76ms (cache miss)
122 silly packumentCache full:https://registry.npmjs.org/@types%2flodash set size:undefined disposed:false
123 silly fetch manifest @types/node@^18.11.0
124 silly packumentCache full:https://registry.npmjs.org/@types%2fnode cache-miss
125 http fetch GET 200 https://registry.npmjs.org/@types%2fnode 88ms (cache revalidated)
126 silly packumentCache full:https://registry.npmjs.org/@types%2fnode set size:11100097 disposed:false
127 silly fetch manifest @types/node-fetch@^2.5.10
128 silly packumentCache full:https://registry.npmjs.org/@types%2fnode-fetch cache-miss
129 http fetch GET 200 https://registry.npmjs.org/@types%2fnode-fetch 63ms (cache miss)
130 silly packumentCache full:https://registry.npmjs.org/@types%2fnode-fetch set size:undefined disposed:false
131 silly fetch manifest canvg@4.0.3
132 silly packumentCache full:https://registry.npmjs.org/canvg cache-miss
133 http fetch GET 200 https://registry.npmjs.org/canvg 39ms (cache miss)
134 silly packumentCache full:https://registry.npmjs.org/canvg set size:undefined disposed:false
135 silly fetch manifest color@^3.1.3
136 silly packumentCache full:https://registry.npmjs.org/color cache-hit
137 silly fetch manifest extract-zip@^1.7.0
138 silly packumentCache full:https://registry.npmjs.org/extract-zip cache-miss
139 http fetch GET 200 https://registry.npmjs.org/extract-zip 31ms (cache miss)
140 silly packumentCache full:https://registry.npmjs.org/extract-zip set size:undefined disposed:false
141 silly fetch manifest fetch-h2@^2.5.1
142 silly packumentCache full:https://registry.npmjs.org/fetch-h2 cache-miss
143 http fetch GET 200 https://registry.npmjs.org/fetch-h2 223ms (cache miss)
144 silly packumentCache full:https://registry.npmjs.org/fetch-h2 set size:undefined disposed:false
145 silly fetch manifest googleapis@^81.0.0
146 silly packumentCache full:https://registry.npmjs.org/googleapis cache-miss
147 http fetch GET 200 https://registry.npmjs.org/googleapis 65ms (cache miss)
148 silly packumentCache full:https://registry.npmjs.org/googleapis set size:undefined disposed:false
149 silly fetch manifest inquirer@^9.0.7
150 silly packumentCache full:https://registry.npmjs.org/inquirer cache-miss
151 http cache https://registry.npmjs.org/inquirer 5ms (cache hit)
152 silly packumentCache full:https://registry.npmjs.org/inquirer set size:633643 disposed:false
153 silly fetch manifest jimp@^0.22.7
154 silly packumentCache full:https://registry.npmjs.org/jimp cache-miss
155 http fetch GET 200 https://registry.npmjs.org/jimp 90ms (cache miss)
156 silly packumentCache full:https://registry.npmjs.org/jimp set size:undefined disposed:false
157 silly fetch manifest lodash@^4.17.21
158 silly packumentCache full:https://registry.npmjs.org/lodash cache-miss
159 http fetch GET 200 https://registry.npmjs.org/lodash 36ms (cache revalidated)
160 silly packumentCache full:https://registry.npmjs.org/lodash set size:247652 disposed:false
161 silly fetch manifest mime-types@^2.1.28
162 silly packumentCache full:https://registry.npmjs.org/mime-types cache-hit
163 silly fetch manifest node-fetch@^2.6.1
164 silly packumentCache full:https://registry.npmjs.org/node-fetch cache-miss
165 http fetch GET 200 https://registry.npmjs.org/node-fetch 39ms (cache revalidated)
166 silly packumentCache full:https://registry.npmjs.org/node-fetch set size:896010 disposed:false
167 silly fetch manifest tar@^7.5.3
168 silly packumentCache full:https://registry.npmjs.org/tar cache-miss
169 http fetch GET 200 https://registry.npmjs.org/tar 38ms (cache revalidated)
170 silly packumentCache full:https://registry.npmjs.org/tar set size:591769 disposed:false
171 silly fetch manifest @types/node-fetch@^2.5.7
172 silly packumentCache full:https://registry.npmjs.org/@types%2fnode-fetch cache-miss
173 http cache https://registry.npmjs.org/@types%2fnode-fetch 4ms (cache hit)
174 silly packumentCache full:https://registry.npmjs.org/@types%2fnode-fetch set size:145604 disposed:false
175 silly fetch manifest node-fetch@^2.6.0
176 silly packumentCache full:https://registry.npmjs.org/node-fetch cache-hit
177 silly fetch manifest @types/node@*
178 silly packumentCache full:https://registry.npmjs.org/@types%2fnode cache-miss
179 http cache https://registry.npmjs.org/@types%2fnode 32ms (cache hit)
180 silly packumentCache full:https://registry.npmjs.org/@types%2fnode set size:11100097 disposed:false
181 silly fetch manifest @types/color-convert@1
182 silly packumentCache full:https://registry.npmjs.org/@types%2fcolor-convert cache-miss
183 http fetch GET 200 https://registry.npmjs.org/@types%2fcolor-convert 225ms (cache miss)
184 silly packumentCache full:https://registry.npmjs.org/@types%2fcolor-convert set size:undefined disposed:false
185 silly fetch manifest rxjs@^7.2.0
186 silly packumentCache full:https://registry.npmjs.org/rxjs cache-miss
187 http fetch GET 200 https://registry.npmjs.org/rxjs 63ms (cache miss)
188 silly packumentCache full:https://registry.npmjs.org/rxjs set size:undefined disposed:false
189 silly fetch manifest @types/through@*
190 silly packumentCache full:https://registry.npmjs.org/@types%2fthrough cache-miss
191 http fetch GET 200 https://registry.npmjs.org/@types%2fthrough 59ms (cache miss)
192 silly packumentCache full:https://registry.npmjs.org/@types%2fthrough set size:undefined disposed:false
193 silly fetch manifest string-width@^4.2.3
194 silly packumentCache full:https://registry.npmjs.org/string-width cache-miss
195 http fetch GET 200 https://registry.npmjs.org/string-width 30ms (cache revalidated)
196 silly packumentCache full:https://registry.npmjs.org/string-width set size:72458 disposed:false
197 silly fetch manifest color-string@^1.6.0
198 silly packumentCache full:https://registry.npmjs.org/color-string cache-miss
199 http fetch GET 200 https://registry.npmjs.org/color-string 37ms (cache revalidated)
200 silly packumentCache full:https://registry.npmjs.org/color-string set size:84418 disposed:false
201 silly fetch manifest color-convert@^1.9.3
202 silly packumentCache full:https://registry.npmjs.org/color-convert cache-miss
203 http fetch GET 200 https://registry.npmjs.org/color-convert 29ms (cache revalidated)
204 silly packumentCache full:https://registry.npmjs.org/color-convert set size:72663 disposed:false
205 silly fetch manifest ora@^5.4.1
206 silly packumentCache full:https://registry.npmjs.org/ora cache-miss
207 http fetch GET 200 https://registry.npmjs.org/ora 36ms (cache revalidated)
208 silly packumentCache full:https://registry.npmjs.org/ora set size:147148 disposed:false
209 silly fetch manifest rxjs@^7.5.5
210 silly packumentCache full:https://registry.npmjs.org/rxjs cache-miss
211 http cache https://registry.npmjs.org/rxjs 6ms (cache hit)
212 silly packumentCache full:https://registry.npmjs.org/rxjs set size:1028301 disposed:false
213 silly fetch manifest chalk@^4.1.1
214 silly packumentCache full:https://registry.npmjs.org/chalk cache-miss
215 http fetch GET 200 https://registry.npmjs.org/chalk 35ms (cache revalidated)
216 silly packumentCache full:https://registry.npmjs.org/chalk set size:134775 disposed:false
217 silly fetch manifest figures@^3.0.0
218 silly packumentCache full:https://registry.npmjs.org/figures cache-miss
219 http fetch GET 200 https://registry.npmjs.org/figures 42ms (cache miss)
220 silly packumentCache full:https://registry.npmjs.org/figures set size:undefined disposed:false
221 silly fetch manifest through@^2.3.6
222 silly packumentCache full:https://registry.npmjs.org/through cache-miss
223 http fetch GET 200 https://registry.npmjs.org/through 41ms (cache miss)
224 silly packumentCache full:https://registry.npmjs.org/through set size:undefined disposed:false
225 silly fetch manifest cli-width@^3.0.0
226 silly packumentCache full:https://registry.npmjs.org/cli-width cache-miss
227 http fetch GET 200 https://registry.npmjs.org/cli-width 25ms (cache revalidated)
228 silly packumentCache full:https://registry.npmjs.org/cli-width set size:24976 disposed:false
229 silly fetch manifest run-async@^2.4.0
230 silly packumentCache full:https://registry.npmjs.org/run-async cache-miss
231 http fetch GET 200 https://registry.npmjs.org/run-async 32ms (cache miss)
232 silly packumentCache full:https://registry.npmjs.org/run-async set size:undefined disposed:false
233 silly fetch manifest wrap-ansi@^6.0.1
234 silly packumentCache full:https://registry.npmjs.org/wrap-ansi cache-miss
235 http fetch GET 200 https://registry.npmjs.org/wrap-ansi 32ms (cache revalidated)
236 silly packumentCache full:https://registry.npmjs.org/wrap-ansi set size:57461 disposed:false
237 silly fetch manifest cli-cursor@^3.1.0
238 silly packumentCache full:https://registry.npmjs.org/cli-cursor cache-miss
239 http fetch GET 200 https://registry.npmjs.org/cli-cursor 34ms (cache revalidated)
240 silly packumentCache full:https://registry.npmjs.org/cli-cursor set size:18913 disposed:false
241 silly fetch manifest strip-ansi@^6.0.0
242 silly packumentCache full:https://registry.npmjs.org/strip-ansi cache-miss
243 http fetch GET 200 https://registry.npmjs.org/strip-ansi 29ms (cache revalidated)
244 silly packumentCache full:https://registry.npmjs.org/strip-ansi set size:44998 disposed:false
245 silly fetch manifest mute-stream@0.0.8
246 silly packumentCache full:https://registry.npmjs.org/mute-stream cache-miss
247 http fetch GET 200 https://registry.npmjs.org/mute-stream 29ms (cache revalidated)
248 silly packumentCache full:https://registry.npmjs.org/mute-stream set size:24413 disposed:false
249 silly fetch manifest ansi-escapes@^4.2.1
250 silly packumentCache full:https://registry.npmjs.org/ansi-escapes cache-miss
251 http fetch GET 200 https://registry.npmjs.org/ansi-escapes 30ms (cache revalidated)
252 silly packumentCache full:https://registry.npmjs.org/ansi-escapes set size:70915 disposed:false
253 silly fetch manifest string-width@^4.1.0
254 silly packumentCache full:https://registry.npmjs.org/string-width cache-hit
255 silly fetch manifest @inquirer/external-editor@^1.0.0
256 silly packumentCache full:https://registry.npmjs.org/@inquirer%2fexternal-editor cache-miss
257 http fetch GET 200 https://registry.npmjs.org/@inquirer%2fexternal-editor 48ms (cache revalidated)
258 silly packumentCache full:https://registry.npmjs.org/@inquirer%2fexternal-editor set size:47311 disposed:false
259 silly fetch manifest mime-db@1.52.0
260 silly packumentCache full:https://registry.npmjs.org/mime-db cache-miss
261 http fetch GET 200 https://registry.npmjs.org/mime-db 33ms (cache revalidated)
262 silly packumentCache full:https://registry.npmjs.org/mime-db set size:164953 disposed:false
263 silly fetch manifest encoding@^0.1.0
264 silly packumentCache full:https://registry.npmjs.org/encoding cache-miss
265 http fetch GET 200 https://registry.npmjs.org/encoding 33ms (cache revalidated)
266 silly packumentCache full:https://registry.npmjs.org/encoding set size:17833 disposed:false
267 silly placeDep node_modules/@bubblewrap/cli @resvg/resvg-js@2.6.2 OK for: @bubblewrap/core@1.25.0 want: ^2.2.0
268 silly placeDep node_modules/@bubblewrap/cli @types/extract-zip@1.6.2 OK for: @bubblewrap/core@1.25.0 want: ^1.6.2
269 silly placeDep node_modules/@bubblewrap/cli @types/gapi.client.androidpublisher@3.0.2 OK for: @bubblewrap/core@1.25.0 want: ^3.0.0
270 silly placeDep node_modules/@bubblewrap/cli/node_modules/@bubblewrap/core @types/inquirer@9.0.10 OK for: @bubblewrap/core@1.25.0 want: ^9.0.7
271 silly placeDep node_modules/@bubblewrap/cli @types/lodash@4.17.25 OK for: @bubblewrap/core@1.25.0 want: ^4.17.14
272 silly placeDep node_modules/@bubblewrap/cli @types/node@18.19.130 OK for: @bubblewrap/core@1.25.0 want: ^18.11.0
273 silly placeDep node_modules/@bubblewrap/cli @types/node-fetch@2.6.13 OK for: @bubblewrap/core@1.25.0 want: ^2.5.10
274 silly placeDep node_modules/@bubblewrap/cli canvg@4.0.3 OK for: @bubblewrap/core@1.25.0 want: 4.0.3
275 silly placeDep node_modules/@bubblewrap/cli extract-zip@1.7.0 OK for: @bubblewrap/core@1.25.0 want: ^1.7.0
276 silly placeDep node_modules/@bubblewrap/cli fetch-h2@2.5.1 OK for: @bubblewrap/core@1.25.0 want: ^2.5.1
277 silly placeDep node_modules/@bubblewrap/cli googleapis@81.0.0 OK for: @bubblewrap/core@1.25.0 want: ^81.0.0
278 silly placeDep node_modules/@bubblewrap/cli/node_modules/@bubblewrap/core inquirer@9.3.8 OK for: @bubblewrap/core@1.25.0 want: ^9.0.7
279 silly placeDep node_modules/@bubblewrap/cli jimp@0.22.12 OK for: @bubblewrap/core@1.25.0 want: ^0.22.7
280 silly placeDep node_modules/@bubblewrap/cli lodash@4.18.1 OK for: @bubblewrap/core@1.25.0 want: ^4.17.21
281 silly placeDep node_modules/@bubblewrap/cli node-fetch@2.7.0 OK for: @bubblewrap/core@1.25.0 want: ^2.6.1
282 silly placeDep node_modules/@bubblewrap/cli tar@7.5.22 OK for: @bubblewrap/core@1.25.0 want: ^7.5.3
283 silly fetch manifest @resvg/resvg-js-darwin-x64@2.6.2
284 silly packumentCache full:https://registry.npmjs.org/@resvg%2fresvg-js-darwin-x64 cache-miss
285 http fetch GET 200 https://registry.npmjs.org/@resvg%2fresvg-js-darwin-x64 226ms (cache miss)
286 silly packumentCache full:https://registry.npmjs.org/@resvg%2fresvg-js-darwin-x64 set size:undefined disposed:false
287 silly fetch manifest @resvg/resvg-js-darwin-arm64@2.6.2
288 silly packumentCache full:https://registry.npmjs.org/@resvg%2fresvg-js-darwin-arm64 cache-miss
289 http fetch GET 200 https://registry.npmjs.org/@resvg%2fresvg-js-darwin-arm64 46ms (cache miss)
290 silly packumentCache full:https://registry.npmjs.org/@resvg%2fresvg-js-darwin-arm64 set size:undefined disposed:false
291 silly fetch manifest @resvg/resvg-js-android-arm64@2.6.2
292 silly packumentCache full:https://registry.npmjs.org/@resvg%2fresvg-js-android-arm64 cache-miss
293 http fetch GET 200 https://registry.npmjs.org/@resvg%2fresvg-js-android-arm64 49ms (cache miss)
294 silly packumentCache full:https://registry.npmjs.org/@resvg%2fresvg-js-android-arm64 set size:undefined disposed:false
295 silly fetch manifest @resvg/resvg-js-linux-x64-gnu@2.6.2
296 silly packumentCache full:https://registry.npmjs.org/@resvg%2fresvg-js-linux-x64-gnu cache-miss
297 http fetch GET 200 https://registry.npmjs.org/@resvg%2fresvg-js-linux-x64-gnu 49ms (cache miss)
298 silly packumentCache full:https://registry.npmjs.org/@resvg%2fresvg-js-linux-x64-gnu set size:undefined disposed:false
299 silly fetch manifest @resvg/resvg-js-linux-x64-musl@2.6.2
300 silly packumentCache full:https://registry.npmjs.org/@resvg%2fresvg-js-linux-x64-musl cache-miss
301 http fetch GET 200 https://registry.npmjs.org/@resvg%2fresvg-js-linux-x64-musl 230ms (cache miss)
302 silly packumentCache full:https://registry.npmjs.org/@resvg%2fresvg-js-linux-x64-musl set size:undefined disposed:false
303 silly fetch manifest @resvg/resvg-js-win32-x64-msvc@2.6.2
304 silly packumentCache full:https://registry.npmjs.org/@resvg%2fresvg-js-win32-x64-msvc cache-miss
305 http fetch GET 200 https://registry.npmjs.org/@resvg%2fresvg-js-win32-x64-msvc 250ms (cache miss)
306 silly packumentCache full:https://registry.npmjs.org/@resvg%2fresvg-js-win32-x64-msvc set size:undefined disposed:false
307 silly fetch manifest @resvg/resvg-js-linux-arm64-gnu@2.6.2
308 silly packumentCache full:https://registry.npmjs.org/@resvg%2fresvg-js-linux-arm64-gnu cache-miss
309 http fetch GET 200 https://registry.npmjs.org/@resvg%2fresvg-js-linux-arm64-gnu 59ms (cache miss)
310 silly packumentCache full:https://registry.npmjs.org/@resvg%2fresvg-js-linux-arm64-gnu set size:undefined disposed:false
311 silly fetch manifest @resvg/resvg-js-win32-ia32-msvc@2.6.2
312 silly packumentCache full:https://registry.npmjs.org/@resvg%2fresvg-js-win32-ia32-msvc cache-miss
313 http fetch GET 200 https://registry.npmjs.org/@resvg%2fresvg-js-win32-ia32-msvc 242ms (cache miss)
314 silly packumentCache full:https://registry.npmjs.org/@resvg%2fresvg-js-win32-ia32-msvc set size:undefined disposed:false
315 silly fetch manifest @resvg/resvg-js-android-arm-eabi@2.6.2
316 silly packumentCache full:https://registry.npmjs.org/@resvg%2fresvg-js-android-arm-eabi cache-miss
317 http fetch GET 200 https://registry.npmjs.org/@resvg%2fresvg-js-android-arm-eabi 63ms (cache miss)
318 silly packumentCache full:https://registry.npmjs.org/@resvg%2fresvg-js-android-arm-eabi set size:undefined disposed:false
319 silly fetch manifest @resvg/resvg-js-linux-arm64-musl@2.6.2
320 silly packumentCache full:https://registry.npmjs.org/@resvg%2fresvg-js-linux-arm64-musl cache-miss
321 http fetch GET 200 https://registry.npmjs.org/@resvg%2fresvg-js-linux-arm64-musl 70ms (cache miss)
322 silly packumentCache full:https://registry.npmjs.org/@resvg%2fresvg-js-linux-arm64-musl set size:undefined disposed:false
323 silly fetch manifest @resvg/resvg-js-win32-arm64-msvc@2.6.2
324 silly packumentCache full:https://registry.npmjs.org/@resvg%2fresvg-js-win32-arm64-msvc cache-miss
325 http fetch GET 200 https://registry.npmjs.org/@resvg%2fresvg-js-win32-arm64-msvc 59ms (cache miss)
326 silly packumentCache full:https://registry.npmjs.org/@resvg%2fresvg-js-win32-arm64-msvc set size:undefined disposed:false
327 silly fetch manifest @resvg/resvg-js-linux-arm-gnueabihf@2.6.2
328 silly packumentCache full:https://registry.npmjs.org/@resvg%2fresvg-js-linux-arm-gnueabihf cache-miss
329 http fetch GET 200 https://registry.npmjs.org/@resvg%2fresvg-js-linux-arm-gnueabihf 58ms (cache miss)
330 silly packumentCache full:https://registry.npmjs.org/@resvg%2fresvg-js-linux-arm-gnueabihf set size:undefined disposed:false
331 silly fetch manifest @maxim_mazurok/gapi.client.androidpublisher-v3@latest
332 silly packumentCache full:https://registry.npmjs.org/@maxim_mazurok%2fgapi.client.androidpublisher-v3 cache-miss
333 http fetch GET 200 https://registry.npmjs.org/@maxim_mazurok%2fgapi.client.androidpublisher-v3 673ms (cache miss)
334 silly packumentCache full:https://registry.npmjs.org/@maxim_mazurok%2fgapi.client.androidpublisher-v3 set size:undefined disposed:false
335 silly fetch manifest undici-types@~5.26.4
336 silly packumentCache full:https://registry.npmjs.org/undici-types cache-miss
337 http fetch GET 200 https://registry.npmjs.org/undici-types 30ms (cache revalidated)
338 silly packumentCache full:https://registry.npmjs.org/undici-types set size:252657 disposed:false
339 silly fetch manifest form-data@^4.0.4
340 silly packumentCache full:https://registry.npmjs.org/form-data cache-miss
341 http fetch GET 200 https://registry.npmjs.org/form-data 32ms (cache revalidated)
342 silly packumentCache full:https://registry.npmjs.org/form-data set size:153174 disposed:false
343 silly fetch manifest raf@^3.4.1
344 silly packumentCache full:https://registry.npmjs.org/raf cache-miss
345 http fetch GET 200 https://registry.npmjs.org/raf 29ms (cache miss)
346 silly packumentCache full:https://registry.npmjs.org/raf set size:undefined disposed:false
347 silly fetch manifest rgbcolor@^1.0.1
348 silly packumentCache full:https://registry.npmjs.org/rgbcolor cache-miss
349 http fetch GET 200 https://registry.npmjs.org/rgbcolor 32ms (cache miss)
350 silly packumentCache full:https://registry.npmjs.org/rgbcolor set size:undefined disposed:false
351 silly fetch manifest @types/raf@^3.4.0
352 silly packumentCache full:https://registry.npmjs.org/@types%2fraf cache-miss
353 http fetch GET 200 https://registry.npmjs.org/@types%2fraf 39ms (cache miss)
354 silly packumentCache full:https://registry.npmjs.org/@types%2fraf set size:undefined disposed:false
355 silly fetch manifest svg-pathdata@^6.0.3
356 silly packumentCache full:https://registry.npmjs.org/svg-pathdata cache-miss
357 http fetch GET 200 https://registry.npmjs.org/svg-pathdata 34ms (cache miss)
358 silly packumentCache full:https://registry.npmjs.org/svg-pathdata set size:undefined disposed:false
359 silly fetch manifest stackblur-canvas@^2.0.0
360 silly packumentCache full:https://registry.npmjs.org/stackblur-canvas cache-miss
361 http fetch GET 200 https://registry.npmjs.org/stackblur-canvas 42ms (cache miss)
362 silly packumentCache full:https://registry.npmjs.org/stackblur-canvas set size:undefined disposed:false
363 silly fetch manifest concat-stream@^1.6.2
364 silly packumentCache full:https://registry.npmjs.org/concat-stream cache-miss
365 http fetch GET 200 https://registry.npmjs.org/concat-stream 30ms (cache miss)
366 silly packumentCache full:https://registry.npmjs.org/concat-stream set size:undefined disposed:false
367 silly fetch manifest debug@^2.6.9
368 silly packumentCache full:https://registry.npmjs.org/debug cache-miss
369 http fetch GET 200 https://registry.npmjs.org/debug 28ms (cache revalidated)
370 silly packumentCache full:https://registry.npmjs.org/debug set size:195840 disposed:false
371 silly fetch manifest mkdirp@^0.5.4
372 silly packumentCache full:https://registry.npmjs.org/mkdirp cache-miss
373 http fetch GET 200 https://registry.npmjs.org/mkdirp 33ms (cache miss)
374 silly packumentCache full:https://registry.npmjs.org/mkdirp set size:undefined disposed:false
375 silly fetch manifest yauzl@^2.10.0
376 silly packumentCache full:https://registry.npmjs.org/yauzl cache-miss
377 http fetch GET 200 https://registry.npmjs.org/yauzl 39ms (cache miss)
378 silly packumentCache full:https://registry.npmjs.org/yauzl set size:undefined disposed:false
379 silly fetch manifest @types/tough-cookie@^4.0.0
380 silly packumentCache full:https://registry.npmjs.org/@types%2ftough-cookie cache-miss
381 http fetch GET 200 https://registry.npmjs.org/@types%2ftough-cookie 44ms (cache miss)
382 silly packumentCache full:https://registry.npmjs.org/@types%2ftough-cookie set size:undefined disposed:false
383 silly fetch manifest already@^1.13.1
384 silly packumentCache full:https://registry.npmjs.org/already cache-miss
385 http fetch GET 200 https://registry.npmjs.org/already 265ms (cache miss)
386 silly packumentCache full:https://registry.npmjs.org/already set size:undefined disposed:false
387 silly fetch manifest callguard@^2.0.0
388 silly packumentCache full:https://registry.npmjs.org/callguard cache-miss
389 http fetch GET 200 https://registry.npmjs.org/callguard 227ms (cache miss)
390 silly packumentCache full:https://registry.npmjs.org/callguard set size:undefined disposed:false
391 silly fetch manifest get-stream@^6.0.0
392 silly packumentCache full:https://registry.npmjs.org/get-stream cache-miss
393 http fetch GET 200 https://registry.npmjs.org/get-stream 41ms (cache miss)
394 silly packumentCache full:https://registry.npmjs.org/get-stream set size:undefined disposed:false
395 silly fetch manifest through2@^4.0.2
396 silly packumentCache full:https://registry.npmjs.org/through2 cache-miss
397 http fetch GET 200 https://registry.npmjs.org/through2 35ms (cache miss)
398 silly packumentCache full:https://registry.npmjs.org/through2 set size:undefined disposed:false
399 silly fetch manifest to-arraybuffer@^1.0.1
400 silly packumentCache full:https://registry.npmjs.org/to-arraybuffer cache-miss
401 http fetch GET 200 https://registry.npmjs.org/to-arraybuffer 47ms (cache miss)
402 silly packumentCache full:https://registry.npmjs.org/to-arraybuffer set size:undefined disposed:false
403 silly fetch manifest tough-cookie@^4.0.0
404 silly packumentCache full:https://registry.npmjs.org/tough-cookie cache-miss
405 http fetch GET 200 https://registry.npmjs.org/tough-cookie 49ms (cache miss)
406 silly packumentCache full:https://registry.npmjs.org/tough-cookie set size:undefined disposed:false
407 silly fetch manifest googleapis-common@^5.0.2
408 silly packumentCache full:https://registry.npmjs.org/googleapis-common cache-miss
409 http fetch GET 200 https://registry.npmjs.org/googleapis-common 36ms (cache revalidated)
410 silly packumentCache full:https://registry.npmjs.org/googleapis-common set size:252051 disposed:false
411 silly fetch manifest google-auth-library@^7.0.2
412 silly packumentCache full:https://registry.npmjs.org/google-auth-library cache-miss
413 http fetch GET 200 https://registry.npmjs.org/google-auth-library 33ms (cache revalidated)
414 silly packumentCache full:https://registry.npmjs.org/google-auth-library set size:745018 disposed:false
415 silly fetch manifest rxjs@^7.8.1
416 silly packumentCache full:https://registry.npmjs.org/rxjs cache-miss
417 http cache https://registry.npmjs.org/rxjs 63ms (cache hit)
418 silly packumentCache full:https://registry.npmjs.org/rxjs set size:1028301 disposed:false
419 silly fetch manifest cli-width@^4.1.0
420 silly packumentCache full:https://registry.npmjs.org/cli-width cache-hit
421 silly fetch manifest run-async@^3.0.0
422 silly packumentCache full:https://registry.npmjs.org/run-async cache-miss
423 http cache https://registry.npmjs.org/run-async 3ms (cache hit)
424 silly packumentCache full:https://registry.npmjs.org/run-async set size:30788 disposed:false
425 silly fetch manifest wrap-ansi@^6.2.0
426 silly packumentCache full:https://registry.npmjs.org/wrap-ansi cache-hit
427 silly fetch manifest strip-ansi@^6.0.1
428 silly packumentCache full:https://registry.npmjs.org/strip-ansi cache-hit
429 silly fetch manifest mute-stream@1.0.0
430 silly packumentCache full:https://registry.npmjs.org/mute-stream cache-hit
431 silly fetch manifest ansi-escapes@^4.3.2
432 silly packumentCache full:https://registry.npmjs.org/ansi-escapes cache-hit
433 silly fetch manifest yoctocolors-cjs@^2.1.2
434 silly packumentCache full:https://registry.npmjs.org/yoctocolors-cjs cache-miss
435 http fetch GET 200 https://registry.npmjs.org/yoctocolors-cjs 28ms (cache revalidated)
436 silly packumentCache full:https://registry.npmjs.org/yoctocolors-cjs set size:12865 disposed:false
437 silly fetch manifest @inquirer/figures@^1.0.3
438 silly packumentCache full:https://registry.npmjs.org/@inquirer%2ffigures cache-miss
439 http fetch GET 200 https://registry.npmjs.org/@inquirer%2ffigures 45ms (cache revalidated)
440 silly packumentCache full:https://registry.npmjs.org/@inquirer%2ffigures set size:62458 disposed:false
441 silly fetch manifest @inquirer/external-editor@^1.0.2
442 silly packumentCache full:https://registry.npmjs.org/@inquirer%2fexternal-editor cache-hit
443 silly fetch manifest @jimp/types@^0.22.12
444 silly packumentCache full:https://registry.npmjs.org/@jimp%2ftypes cache-miss
445 http fetch GET 200 https://registry.npmjs.org/@jimp%2ftypes 80ms (cache miss)
446 silly packumentCache full:https://registry.npmjs.org/@jimp%2ftypes set size:undefined disposed:false
447 silly fetch manifest @jimp/custom@^0.22.12
448 silly packumentCache full:https://registry.npmjs.org/@jimp%2fcustom cache-miss
449 http fetch GET 200 https://registry.npmjs.org/@jimp%2fcustom 81ms (cache miss)
450 silly packumentCache full:https://registry.npmjs.org/@jimp%2fcustom set size:undefined disposed:false
451 silly fetch manifest @jimp/plugins@^0.22.12
452 silly packumentCache full:https://registry.npmjs.org/@jimp%2fplugins cache-miss
453 http fetch GET 200 https://registry.npmjs.org/@jimp%2fplugins 282ms (cache miss)
454 silly packumentCache full:https://registry.npmjs.org/@jimp%2fplugins set size:undefined disposed:false
455 silly fetch manifest regenerator-runtime@^0.13.3
456 silly packumentCache full:https://registry.npmjs.org/regenerator-runtime cache-miss
457 http fetch GET 200 https://registry.npmjs.org/regenerator-runtime 33ms (cache miss)
458 silly packumentCache full:https://registry.npmjs.org/regenerator-runtime set size:undefined disposed:false
459 silly fetch manifest whatwg-url@^5.0.0
460 silly packumentCache full:https://registry.npmjs.org/whatwg-url cache-miss
461 http fetch GET 200 https://registry.npmjs.org/whatwg-url 33ms (cache revalidated)
462 silly packumentCache full:https://registry.npmjs.org/whatwg-url set size:177251 disposed:false
463 silly fetch manifest chownr@^3.0.0
464 silly packumentCache full:https://registry.npmjs.org/chownr cache-miss
465 http fetch GET 200 https://registry.npmjs.org/chownr 29ms (cache revalidated)
466 silly packumentCache full:https://registry.npmjs.org/chownr set size:22157 disposed:false
467 silly fetch manifest yallist@^5.0.0
468 silly packumentCache full:https://registry.npmjs.org/yallist cache-miss
469 http fetch GET 200 https://registry.npmjs.org/yallist 28ms (cache revalidated)
470 silly packumentCache full:https://registry.npmjs.org/yallist set size:34610 disposed:false
471 silly fetch manifest minipass@^7.1.2
472 silly packumentCache full:https://registry.npmjs.org/minipass cache-miss
473 http fetch GET 200 https://registry.npmjs.org/minipass 28ms (cache revalidated)
474 silly packumentCache full:https://registry.npmjs.org/minipass set size:276925 disposed:false
475 silly fetch manifest minizlib@^3.1.0
476 silly packumentCache full:https://registry.npmjs.org/minizlib cache-miss
477 http fetch GET 200 https://registry.npmjs.org/minizlib 27ms (cache revalidated)
478 silly packumentCache full:https://registry.npmjs.org/minizlib set size:62862 disposed:false
479 silly fetch manifest @isaacs/fs-minipass@^4.0.0
480 silly packumentCache full:https://registry.npmjs.org/@isaacs%2ffs-minipass cache-miss
481 http fetch GET 200 https://registry.npmjs.org/@isaacs%2ffs-minipass 49ms (cache revalidated)
482 silly packumentCache full:https://registry.npmjs.org/@isaacs%2ffs-minipass set size:7912 disposed:false
483 silly placeDep node_modules/@bubblewrap/cli @resvg/resvg-js-android-arm-eabi@2.6.2 OK for: @resvg/resvg-js@2.6.2 want: 2.6.2
484 silly placeDep node_modules/@bubblewrap/cli @resvg/resvg-js-android-arm64@2.6.2 OK for: @resvg/resvg-js@2.6.2 want: 2.6.2
485 silly placeDep node_modules/@bubblewrap/cli @resvg/resvg-js-darwin-arm64@2.6.2 OK for: @resvg/resvg-js@2.6.2 want: 2.6.2
486 silly placeDep node_modules/@bubblewrap/cli @resvg/resvg-js-darwin-x64@2.6.2 OK for: @resvg/resvg-js@2.6.2 want: 2.6.2
487 silly placeDep node_modules/@bubblewrap/cli @resvg/resvg-js-linux-arm-gnueabihf@2.6.2 OK for: @resvg/resvg-js@2.6.2 want: 2.6.2
488 silly placeDep node_modules/@bubblewrap/cli @resvg/resvg-js-linux-arm64-gnu@2.6.2 OK for: @resvg/resvg-js@2.6.2 want: 2.6.2
489 silly placeDep node_modules/@bubblewrap/cli @resvg/resvg-js-linux-arm64-musl@2.6.2 OK for: @resvg/resvg-js@2.6.2 want: 2.6.2
490 silly placeDep node_modules/@bubblewrap/cli @resvg/resvg-js-linux-x64-gnu@2.6.2 OK for: @resvg/resvg-js@2.6.2 want: 2.6.2
491 silly placeDep node_modules/@bubblewrap/cli @resvg/resvg-js-linux-x64-musl@2.6.2 OK for: @resvg/resvg-js@2.6.2 want: 2.6.2
492 silly placeDep node_modules/@bubblewrap/cli @resvg/resvg-js-win32-arm64-msvc@2.6.2 OK for: @resvg/resvg-js@2.6.2 want: 2.6.2
493 silly placeDep node_modules/@bubblewrap/cli @resvg/resvg-js-win32-ia32-msvc@2.6.2 OK for: @resvg/resvg-js@2.6.2 want: 2.6.2
494 silly placeDep node_modules/@bubblewrap/cli @resvg/resvg-js-win32-x64-msvc@2.6.2 OK for: @resvg/resvg-js@2.6.2 want: 2.6.2
495 silly placeDep node_modules/@bubblewrap/cli @types/color-convert@1.9.0 OK for: @types/color@3.0.7 want: 1
496 silly fetch manifest @types/color-name@*
497 silly packumentCache full:https://registry.npmjs.org/@types%2fcolor-name cache-miss
498 http fetch GET 200 https://registry.npmjs.org/@types%2fcolor-name 38ms (cache miss)
499 silly packumentCache full:https://registry.npmjs.org/@types%2fcolor-name set size:undefined disposed:false
500 silly placeDep node_modules/@bubblewrap/cli @types/color-name@2.0.0 OK for: @types/color-convert@1.9.0 want: *
501 silly placeDep node_modules/@bubblewrap/cli @maxim_mazurok/gapi.client.androidpublisher-v3@0.5.20260902 OK for: @types/gapi.client.androidpublisher@3.0.2 want: latest
502 silly fetch manifest @types/gapi.client@*
503 silly packumentCache full:https://registry.npmjs.org/@types%2fgapi.client cache-miss
504 http fetch GET 200 https://registry.npmjs.org/@types%2fgapi.client 36ms (cache miss)
505 silly packumentCache full:https://registry.npmjs.org/@types%2fgapi.client set size:undefined disposed:false
506 silly fetch manifest @types/gapi.client.discovery-v1@*
507 silly packumentCache full:https://registry.npmjs.org/@types%2fgapi.client.discovery-v1 cache-miss
508 http fetch GET 200 https://registry.npmjs.org/@types%2fgapi.client.discovery-v1 34ms (cache miss)
509 silly packumentCache full:https://registry.npmjs.org/@types%2fgapi.client.discovery-v1 set size:undefined disposed:false
510 silly placeDep node_modules/@bubblewrap/cli @types/gapi.client@1.0.8 OK for: @maxim_mazurok/gapi.client.androidpublisher-v3@0.5.20260902 want: *
511 silly placeDep node_modules/@bubblewrap/cli @types/gapi.client.discovery-v1@0.0.4 OK for: @maxim_mazurok/gapi.client.androidpublisher-v3@0.5.20260902 want: *
512 silly fetch manifest @maxim_mazurok/gapi.client.discovery-v1@latest
513 silly packumentCache full:https://registry.npmjs.org/@maxim_mazurok%2fgapi.client.discovery-v1 cache-miss
514 http fetch GET 200 https://registry.npmjs.org/@maxim_mazurok%2fgapi.client.discovery-v1 206ms (cache miss)
515 silly packumentCache full:https://registry.npmjs.org/@maxim_mazurok%2fgapi.client.discovery-v1 set size:undefined disposed:false
516 silly placeDep node_modules/@bubblewrap/cli @maxim_mazurok/gapi.client.discovery-v1@0.6.20200806 OK for: @types/gapi.client.discovery-v1@0.0.4 want: latest
517 silly placeDep node_modules/@bubblewrap/cli @types/through@0.0.33 OK for: @types/inquirer@8.2.13 want: *
518 silly placeDep node_modules/@bubblewrap/cli rxjs@7.8.2 OK for: @types/inquirer@8.2.13 want: ^7.2.0
519 silly fetch manifest tslib@^2.1.0
520 silly packumentCache full:https://registry.npmjs.org/tslib cache-miss
521 http fetch GET 200 https://registry.npmjs.org/tslib 28ms (cache revalidated)
522 silly packumentCache full:https://registry.npmjs.org/tslib set size:108843 disposed:false
523 silly placeDep node_modules/@bubblewrap/cli undici-types@5.26.5 OK for: @types/node@18.19.130 want: ~5.26.4
524 silly placeDep node_modules/@bubblewrap/cli form-data@4.0.6 OK for: @types/node-fetch@2.6.13 want: ^4.0.4
525 silly fetch manifest hasown@^2.0.4
526 silly packumentCache full:https://registry.npmjs.org/hasown cache-miss
527 http fetch GET 200 https://registry.npmjs.org/hasown 30ms (cache revalidated)
528 silly packumentCache full:https://registry.npmjs.org/hasown set size:18361 disposed:false
529 silly fetch manifest asynckit@^0.4.0
530 silly packumentCache full:https://registry.npmjs.org/asynckit cache-miss
531 http fetch GET 200 https://registry.npmjs.org/asynckit 28ms (cache revalidated)
532 silly packumentCache full:https://registry.npmjs.org/asynckit set size:18932 disposed:false
533 silly fetch manifest combined-stream@^1.0.8
534 silly packumentCache full:https://registry.npmjs.org/combined-stream cache-miss
535 http fetch GET 200 https://registry.npmjs.org/combined-stream 28ms (cache revalidated)
536 silly packumentCache full:https://registry.npmjs.org/combined-stream set size:40337 disposed:false
537 silly fetch manifest es-set-tostringtag@^2.1.0
538 silly packumentCache full:https://registry.npmjs.org/es-set-tostringtag cache-miss
539 http fetch GET 200 https://registry.npmjs.org/es-set-tostringtag 26ms (cache revalidated)
540 silly packumentCache full:https://registry.npmjs.org/es-set-tostringtag set size:22094 disposed:false
541 silly placeDep node_modules/@bubblewrap/cli @types/raf@3.4.3 OK for: canvg@4.0.3 want: ^3.4.0
542 silly placeDep node_modules/@bubblewrap/cli raf@3.4.1 OK for: canvg@4.0.3 want: ^3.4.1
543 silly placeDep node_modules/@bubblewrap/cli rgbcolor@1.0.1 OK for: canvg@4.0.3 want: ^1.0.1
544 silly placeDep node_modules/@bubblewrap/cli stackblur-canvas@2.7.0 OK for: canvg@4.0.3 want: ^2.0.0
545 silly placeDep node_modules/@bubblewrap/cli svg-pathdata@6.0.3 OK for: canvg@4.0.3 want: ^6.0.3
546 silly fetch manifest performance-now@^2.1.0
547 silly packumentCache full:https://registry.npmjs.org/performance-now cache-miss
548 http fetch GET 200 https://registry.npmjs.org/performance-now 40ms (cache miss)
549 silly packumentCache full:https://registry.npmjs.org/performance-now set size:undefined disposed:false
550 silly placeDep node_modules/@bubblewrap/cli string-width@4.2.3 OK for: cli-progress@3.12.0 want: ^4.2.3
551 silly fetch manifest emoji-regex@^8.0.0
552 silly packumentCache full:https://registry.npmjs.org/emoji-regex cache-miss
553 http fetch GET 200 https://registry.npmjs.org/emoji-regex 33ms (cache revalidated)
554 silly packumentCache full:https://registry.npmjs.org/emoji-regex set size:89064 disposed:false
555 silly fetch manifest is-fullwidth-code-point@^3.0.0
556 silly packumentCache full:https://registry.npmjs.org/is-fullwidth-code-point cache-miss
557 http fetch GET 200 https://registry.npmjs.org/is-fullwidth-code-point 31ms (cache revalidated)
558 silly packumentCache full:https://registry.npmjs.org/is-fullwidth-code-point set size:14578 disposed:false
559 silly placeDep node_modules/@bubblewrap/cli color-convert@1.9.3 OK for: color@3.2.1 want: ^1.9.3
560 silly placeDep node_modules/@bubblewrap/cli color-string@1.9.1 OK for: color@3.2.1 want: ^1.6.0
561 silly fetch manifest color-name@1.1.3
562 silly packumentCache full:https://registry.npmjs.org/color-name cache-miss
563 http fetch GET 200 https://registry.npmjs.org/color-name 28ms (cache revalidated)
564 silly packumentCache full:https://registry.npmjs.org/color-name set size:20968 disposed:false
565 silly fetch manifest color-name@^1.0.0
566 silly packumentCache full:https://registry.npmjs.org/color-name cache-hit
567 silly fetch manifest simple-swizzle@^0.2.2
568 silly packumentCache full:https://registry.npmjs.org/simple-swizzle cache-miss
569 http fetch GET 200 https://registry.npmjs.org/simple-swizzle 35ms (cache miss)
570 silly packumentCache full:https://registry.npmjs.org/simple-swizzle set size:undefined disposed:false
571 silly placeDep node_modules/@bubblewrap/cli color-name@1.1.3 OK for: color-convert@1.9.3 want: 1.1.3
572 silly placeDep node_modules/@bubblewrap/cli simple-swizzle@0.2.4 OK for: color-string@1.9.1 want: ^0.2.2
573 silly fetch manifest is-arrayish@^0.3.1
574 silly packumentCache full:https://registry.npmjs.org/is-arrayish cache-miss
575 http fetch GET 200 https://registry.npmjs.org/is-arrayish 31ms (cache miss)
576 silly packumentCache full:https://registry.npmjs.org/is-arrayish set size:undefined disposed:false
577 silly placeDep node_modules/@bubblewrap/cli concat-stream@1.6.2 OK for: extract-zip@1.7.0 want: ^1.6.2
578 silly placeDep node_modules/@bubblewrap/cli debug@2.6.9 OK for: extract-zip@1.7.0 want: ^2.6.9
579 silly placeDep node_modules/@bubblewrap/cli mkdirp@0.5.6 OK for: extract-zip@1.7.0 want: ^0.5.4
580 silly placeDep node_modules/@bubblewrap/cli yauzl@2.10.0 OK for: extract-zip@1.7.0 want: ^2.10.0
581 silly fetch manifest buffer-from@^1.0.0
582 silly packumentCache full:https://registry.npmjs.org/buffer-from cache-miss
583 http fetch GET 200 https://registry.npmjs.org/buffer-from 30ms (cache miss)
584 silly packumentCache full:https://registry.npmjs.org/buffer-from set size:undefined disposed:false
585 silly fetch manifest inherits@^2.0.3
586 silly packumentCache full:https://registry.npmjs.org/inherits cache-miss
587 http fetch GET 200 https://registry.npmjs.org/inherits 29ms (cache revalidated)
588 silly packumentCache full:https://registry.npmjs.org/inherits set size:12925 disposed:false
589 silly fetch manifest readable-stream@^2.2.2
590 silly packumentCache full:https://registry.npmjs.org/readable-stream cache-miss
591 http fetch GET 200 https://registry.npmjs.org/readable-stream 35ms (cache revalidated)
592 silly packumentCache full:https://registry.npmjs.org/readable-stream set size:261096 disposed:false
593 silly fetch manifest typedarray@^0.0.6
594 silly packumentCache full:https://registry.npmjs.org/typedarray cache-miss
595 http fetch GET 200 https://registry.npmjs.org/typedarray 41ms (cache miss)
596 silly packumentCache full:https://registry.npmjs.org/typedarray set size:undefined disposed:false
597 silly fetch manifest ms@2.0.0
598 silly packumentCache full:https://registry.npmjs.org/ms cache-miss
599 http fetch GET 200 https://registry.npmjs.org/ms 26ms (cache revalidated)
600 silly packumentCache full:https://registry.npmjs.org/ms set size:92208 disposed:false
601 silly fetch manifest fd-slicer@~1.1.0
602 silly packumentCache full:https://registry.npmjs.org/fd-slicer cache-miss
603 http fetch GET 200 https://registry.npmjs.org/fd-slicer 30ms (cache miss)
604 silly packumentCache full:https://registry.npmjs.org/fd-slicer set size:undefined disposed:false
605 silly fetch manifest buffer-crc32@~0.2.3
606 silly packumentCache full:https://registry.npmjs.org/buffer-crc32 cache-miss
607 http fetch GET 200 https://registry.npmjs.org/buffer-crc32 37ms (cache revalidated)
608 silly packumentCache full:https://registry.npmjs.org/buffer-crc32 set size:58100 disposed:false
609 silly placeDep node_modules/@bubblewrap/cli buffer-from@1.1.2 OK for: concat-stream@1.6.2 want: ^1.0.0
610 silly placeDep node_modules/@bubblewrap/cli inherits@2.0.4 OK for: concat-stream@1.6.2 want: ^2.0.3
611 silly placeDep node_modules/@bubblewrap/cli readable-stream@2.3.8 OK for: concat-stream@1.6.2 want: ^2.2.2
612 silly placeDep node_modules/@bubblewrap/cli typedarray@0.0.6 OK for: concat-stream@1.6.2 want: ^0.0.6
613 silly fetch manifest isarray@~1.0.0
614 silly packumentCache full:https://registry.npmjs.org/isarray cache-miss
615 http fetch GET 200 https://registry.npmjs.org/isarray 30ms (cache revalidated)
616 silly packumentCache full:https://registry.npmjs.org/isarray set size:17392 disposed:false
617 silly fetch manifest safe-buffer@~5.1.1
618 silly packumentCache full:https://registry.npmjs.org/safe-buffer cache-miss
619 http fetch GET 200 https://registry.npmjs.org/safe-buffer 35ms (cache revalidated)
620 silly packumentCache full:https://registry.npmjs.org/safe-buffer set size:41183 disposed:false
621 silly fetch manifest core-util-is@~1.0.0
622 silly packumentCache full:https://registry.npmjs.org/core-util-is cache-miss
623 http fetch GET 200 https://registry.npmjs.org/core-util-is 36ms (cache revalidated)
624 silly packumentCache full:https://registry.npmjs.org/core-util-is set size:7163 disposed:false
625 silly fetch manifest string_decoder@~1.1.1
626 silly packumentCache full:https://registry.npmjs.org/string_decoder cache-miss
627 http fetch GET 200 https://registry.npmjs.org/string_decoder 30ms (cache revalidated)
628 silly packumentCache full:https://registry.npmjs.org/string_decoder set size:28441 disposed:false
629 silly fetch manifest util-deprecate@~1.0.1
630 silly packumentCache full:https://registry.npmjs.org/util-deprecate cache-miss
631 http fetch GET 200 https://registry.npmjs.org/util-deprecate 29ms (cache revalidated)
632 silly packumentCache full:https://registry.npmjs.org/util-deprecate set size:6674 disposed:false
633 silly fetch manifest process-nextick-args@~2.0.0
634 silly packumentCache full:https://registry.npmjs.org/process-nextick-args cache-miss
635 http fetch GET 200 https://registry.npmjs.org/process-nextick-args 29ms (cache revalidated)
636 silly packumentCache full:https://registry.npmjs.org/process-nextick-args set size:15428 disposed:false
637 silly placeDep node_modules/@bubblewrap/cli ms@2.0.0 OK for: debug@2.6.9 want: 2.0.0
638 silly placeDep node_modules/@bubblewrap/cli @types/tough-cookie@4.0.5 OK for: fetch-h2@2.5.1 want: ^4.0.0
639 silly placeDep node_modules/@bubblewrap/cli already@1.13.2 OK for: fetch-h2@2.5.1 want: ^1.13.1
640 silly placeDep node_modules/@bubblewrap/cli callguard@2.0.0 OK for: fetch-h2@2.5.1 want: ^2.0.0
641 silly placeDep node_modules/@bubblewrap/cli get-stream@6.0.1 OK for: fetch-h2@2.5.1 want: ^6.0.0
642 silly placeDep node_modules/@bubblewrap/cli through2@4.0.2 OK for: fetch-h2@2.5.1 want: ^4.0.2
643 silly placeDep node_modules/@bubblewrap/cli to-arraybuffer@1.0.1 OK for: fetch-h2@2.5.1 want: ^1.0.1
644 silly placeDep node_modules/@bubblewrap/cli tough-cookie@4.1.4 OK for: fetch-h2@2.5.1 want: ^4.0.0
645 silly fetch manifest throat@^5.0.0
646 silly packumentCache full:https://registry.npmjs.org/throat cache-miss
647 http fetch GET 200 https://registry.npmjs.org/throat 31ms (cache miss)
648 silly packumentCache full:https://registry.npmjs.org/throat set size:undefined disposed:false
649 silly fetch manifest readable-stream@3
650 silly packumentCache full:https://registry.npmjs.org/readable-stream cache-hit
651 silly fetch manifest psl@^1.1.33
652 silly packumentCache full:https://registry.npmjs.org/psl cache-miss
653 http fetch GET 200 https://registry.npmjs.org/psl 34ms (cache miss)
654 silly packumentCache full:https://registry.npmjs.org/psl set size:undefined disposed:false
655 silly fetch manifest punycode@^2.1.1
656 silly packumentCache full:https://registry.npmjs.org/punycode cache-miss
657 http fetch GET 200 https://registry.npmjs.org/punycode 29ms (cache miss)
658 silly packumentCache full:https://registry.npmjs.org/punycode set size:undefined disposed:false
659 silly fetch manifest url-parse@^1.5.3
660 silly packumentCache full:https://registry.npmjs.org/url-parse cache-miss
661 http fetch GET 200 https://registry.npmjs.org/url-parse 42ms (cache miss)
662 silly packumentCache full:https://registry.npmjs.org/url-parse set size:undefined disposed:false
663 silly fetch manifest universalify@^0.2.0
664 silly packumentCache full:https://registry.npmjs.org/universalify cache-miss
665 http fetch GET 200 https://registry.npmjs.org/universalify 30ms (cache revalidated)
666 silly packumentCache full:https://registry.npmjs.org/universalify set size:19431 disposed:false
667 silly placeDep node_modules/@bubblewrap/cli throat@5.0.0 OK for: already@1.13.2 want: ^5.0.0
668 silly placeDep node_modules/@bubblewrap/cli asynckit@0.4.0 OK for: form-data@4.0.6 want: ^0.4.0
669 silly placeDep node_modules/@bubblewrap/cli combined-stream@1.0.8 OK for: form-data@4.0.6 want: ^1.0.8
670 silly placeDep node_modules/@bubblewrap/cli es-set-tostringtag@2.1.0 OK for: form-data@4.0.6 want: ^2.1.0
671 silly placeDep node_modules/@bubblewrap/cli hasown@2.0.4 OK for: form-data@4.0.6 want: ^2.0.4
672 silly fetch manifest delayed-stream@~1.0.0
673 silly packumentCache full:https://registry.npmjs.org/delayed-stream cache-miss
674 http fetch GET 200 https://registry.npmjs.org/delayed-stream 35ms (cache revalidated)
675 silly packumentCache full:https://registry.npmjs.org/delayed-stream set size:15820 disposed:false
676 silly fetch manifest es-errors@^1.3.0
677 silly packumentCache full:https://registry.npmjs.org/es-errors cache-miss
678 http fetch GET 200 https://registry.npmjs.org/es-errors 32ms (cache revalidated)
679 silly packumentCache full:https://registry.npmjs.org/es-errors set size:16918 disposed:false
680 silly fetch manifest get-intrinsic@^1.2.6
681 silly packumentCache full:https://registry.npmjs.org/get-intrinsic cache-miss
682 http fetch GET 200 https://registry.npmjs.org/get-intrinsic 47ms (cache revalidated)
683 silly packumentCache full:https://registry.npmjs.org/get-intrinsic set size:60985 disposed:false
684 silly fetch manifest has-tostringtag@^1.0.2
685 silly packumentCache full:https://registry.npmjs.org/has-tostringtag cache-miss
686 http fetch GET 200 https://registry.npmjs.org/has-tostringtag 37ms (cache revalidated)
687 silly packumentCache full:https://registry.npmjs.org/has-tostringtag set size:13945 disposed:false
688 silly fetch manifest hasown@^2.0.2
689 silly packumentCache full:https://registry.npmjs.org/hasown cache-hit
690 silly fetch manifest function-bind@^1.1.2
691 silly packumentCache full:https://registry.npmjs.org/function-bind cache-miss
692 http fetch GET 200 https://registry.npmjs.org/function-bind 29ms (cache revalidated)
693 silly packumentCache full:https://registry.npmjs.org/function-bind set size:15733 disposed:false
694 silly placeDep node_modules/@bubblewrap/cli delayed-stream@1.0.0 OK for: combined-stream@1.0.8 want: ~1.0.0
695 silly placeDep node_modules/@bubblewrap/cli es-errors@1.3.0 OK for: es-set-tostringtag@2.1.0 want: ^1.3.0
696 silly placeDep node_modules/@bubblewrap/cli get-intrinsic@1.3.0 OK for: es-set-tostringtag@2.1.0 want: ^1.2.6
697 silly placeDep node_modules/@bubblewrap/cli has-tostringtag@1.0.2 OK for: es-set-tostringtag@2.1.0 want: ^1.0.2
698 silly fetch manifest gopd@^1.2.0
699 silly packumentCache full:https://registry.npmjs.org/gopd cache-miss
700 http fetch GET 200 https://registry.npmjs.org/gopd 35ms (cache revalidated)
701 silly packumentCache full:https://registry.npmjs.org/gopd set size:11483 disposed:false
702 silly fetch manifest get-proto@^1.0.1
703 silly packumentCache full:https://registry.npmjs.org/get-proto cache-miss
704 http fetch GET 200 https://registry.npmjs.org/get-proto 33ms (cache revalidated)
705 silly packumentCache full:https://registry.npmjs.org/get-proto set size:8300 disposed:false
706 silly fetch manifest has-symbols@^1.1.0
707 silly packumentCache full:https://registry.npmjs.org/has-symbols cache-miss
708 http fetch GET 200 https://registry.npmjs.org/has-symbols 29ms (cache revalidated)
709 silly packumentCache full:https://registry.npmjs.org/has-symbols set size:21550 disposed:false
710 silly fetch manifest es-object-atoms@^1.1.1
711 silly packumentCache full:https://registry.npmjs.org/es-object-atoms cache-miss
712 http fetch GET 200 https://registry.npmjs.org/es-object-atoms 32ms (cache revalidated)
713 silly packumentCache full:https://registry.npmjs.org/es-object-atoms set size:18278 disposed:false
714 silly fetch manifest math-intrinsics@^1.1.0
715 silly packumentCache full:https://registry.npmjs.org/math-intrinsics cache-miss
716 http fetch GET 200 https://registry.npmjs.org/math-intrinsics 29ms (cache revalidated)
717 silly packumentCache full:https://registry.npmjs.org/math-intrinsics set size:9265 disposed:false
718 silly fetch manifest es-define-property@^1.0.1
719 silly packumentCache full:https://registry.npmjs.org/es-define-property cache-miss
720 http fetch GET 200 https://registry.npmjs.org/es-define-property 31ms (cache revalidated)
721 silly packumentCache full:https://registry.npmjs.org/es-define-property set size:8542 disposed:false
722 silly fetch manifest call-bind-apply-helpers@^1.0.2
723 silly packumentCache full:https://registry.npmjs.org/call-bind-apply-helpers cache-miss
724 http fetch GET 200 https://registry.npmjs.org/call-bind-apply-helpers 29ms (cache revalidated)
725 silly packumentCache full:https://registry.npmjs.org/call-bind-apply-helpers set size:12744 disposed:false
726 silly fetch manifest has-symbols@^1.0.3
727 silly packumentCache full:https://registry.npmjs.org/has-symbols cache-hit
728 silly placeDep node_modules/@bubblewrap/cli call-bind-apply-helpers@1.0.2 OK for: get-intrinsic@1.3.0 want: ^1.0.2
729 silly placeDep node_modules/@bubblewrap/cli es-define-property@1.0.1 OK for: get-intrinsic@1.3.0 want: ^1.0.1
730 silly placeDep node_modules/@bubblewrap/cli es-object-atoms@1.1.2 OK for: get-intrinsic@1.3.0 want: ^1.1.1
731 silly placeDep node_modules/@bubblewrap/cli function-bind@1.1.2 OK for: get-intrinsic@1.3.0 want: ^1.1.2
732 silly placeDep node_modules/@bubblewrap/cli get-proto@1.0.1 OK for: get-intrinsic@1.3.0 want: ^1.0.1
733 silly placeDep node_modules/@bubblewrap/cli gopd@1.2.0 OK for: get-intrinsic@1.3.0 want: ^1.2.0
734 silly placeDep node_modules/@bubblewrap/cli has-symbols@1.1.0 OK for: get-intrinsic@1.3.0 want: ^1.1.0
735 silly placeDep node_modules/@bubblewrap/cli math-intrinsics@1.1.0 OK for: get-intrinsic@1.3.0 want: ^1.1.0
736 silly fetch manifest dunder-proto@^1.0.1
737 silly packumentCache full:https://registry.npmjs.org/dunder-proto cache-miss
738 http fetch GET 200 https://registry.npmjs.org/dunder-proto 30ms (cache revalidated)
739 silly packumentCache full:https://registry.npmjs.org/dunder-proto set size:8256 disposed:false
740 silly placeDep node_modules/@bubblewrap/cli dunder-proto@1.0.1 OK for: get-proto@1.0.1 want: ^1.0.1
741 silly placeDep node_modules/@bubblewrap/cli google-auth-library@7.14.1 OK for: googleapis@81.0.0 want: ^7.0.2
742 silly placeDep node_modules/@bubblewrap/cli googleapis-common@5.1.0 OK for: googleapis@81.0.0 want: ^5.0.2
743 silly fetch manifest jws@^4.0.0
744 silly packumentCache full:https://registry.npmjs.org/jws cache-miss
745 http fetch GET 200 https://registry.npmjs.org/jws 33ms (cache revalidated)
746 silly packumentCache full:https://registry.npmjs.org/jws set size:48740 disposed:false
747 silly fetch manifest arrify@^2.0.0
748 silly packumentCache full:https://registry.npmjs.org/arrify cache-miss
749 http fetch GET 200 https://registry.npmjs.org/arrify 29ms (cache revalidated)
750 silly packumentCache full:https://registry.npmjs.org/arrify set size:11862 disposed:false
751 silly fetch manifest gaxios@^4.0.0
752 silly packumentCache full:https://registry.npmjs.org/gaxios cache-miss
753 http fetch GET 200 https://registry.npmjs.org/gaxios 35ms (cache revalidated)
754 silly packumentCache full:https://registry.npmjs.org/gaxios set size:367168 disposed:false
755 silly fetch manifest gtoken@^5.0.4
756 silly packumentCache full:https://registry.npmjs.org/gtoken cache-miss
757 http fetch GET 200 https://registry.npmjs.org/gtoken 32ms (cache revalidated)
758 silly packumentCache full:https://registry.npmjs.org/gtoken set size:155604 disposed:false
759 silly fetch manifest base64-js@^1.3.0
760 silly packumentCache full:https://registry.npmjs.org/base64-js cache-miss
761 http fetch GET 200 https://registry.npmjs.org/base64-js 32ms (cache revalidated)
762 silly packumentCache full:https://registry.npmjs.org/base64-js set size:41270 disposed:false
763 silly fetch manifest lru-cache@^6.0.0
764 silly packumentCache full:https://registry.npmjs.org/lru-cache cache-miss
765 http fetch GET 200 https://registry.npmjs.org/lru-cache 37ms (cache revalidated)
766 silly packumentCache full:https://registry.npmjs.org/lru-cache set size:460407 disposed:false
767 silly fetch manifest gcp-metadata@^4.2.0
768 silly packumentCache full:https://registry.npmjs.org/gcp-metadata cache-miss
769 http fetch GET 200 https://registry.npmjs.org/gcp-metadata 34ms (cache revalidated)
770 silly packumentCache full:https://registry.npmjs.org/gcp-metadata set size:210123 disposed:false
771 silly fetch manifest fast-text-encoding@^1.0.0
772 silly packumentCache full:https://registry.npmjs.org/fast-text-encoding cache-miss
773 http fetch GET 200 https://registry.npmjs.org/fast-text-encoding 45ms (cache miss)
774 silly packumentCache full:https://registry.npmjs.org/fast-text-encoding set size:undefined disposed:false
775 silly fetch manifest ecdsa-sig-formatter@^1.0.11
776 silly packumentCache full:https://registry.npmjs.org/ecdsa-sig-formatter cache-miss
777 http fetch GET 200 https://registry.npmjs.org/ecdsa-sig-formatter 33ms (cache revalidated)
778 silly packumentCache full:https://registry.npmjs.org/ecdsa-sig-formatter set size:23546 disposed:false
779 silly fetch manifest qs@^6.7.0
780 silly packumentCache full:https://registry.npmjs.org/qs cache-miss
781 http fetch GET 200 https://registry.npmjs.org/qs 42ms (cache revalidated)
782 silly packumentCache full:https://registry.npmjs.org/qs set size:365613 disposed:false
783 silly fetch manifest uuid@^8.0.0
784 silly packumentCache full:https://registry.npmjs.org/uuid cache-miss
785 http fetch GET 200 https://registry.npmjs.org/uuid 29ms (cache revalidated)
786 silly packumentCache full:https://registry.npmjs.org/uuid set size:260936 disposed:false
787 silly fetch manifest extend@^3.0.2
788 silly packumentCache full:https://registry.npmjs.org/extend cache-miss
789 http fetch GET 200 https://registry.npmjs.org/extend 30ms (cache revalidated)
790 silly packumentCache full:https://registry.npmjs.org/extend set size:25974 disposed:false
791 silly fetch manifest url-template@^2.0.8
792 silly packumentCache full:https://registry.npmjs.org/url-template cache-miss
793 http fetch GET 200 https://registry.npmjs.org/url-template 33ms (cache revalidated)
794 silly packumentCache full:https://registry.npmjs.org/url-template set size:25205 disposed:false
795 silly placeDep node_modules/@bubblewrap/cli arrify@2.0.1 OK for: google-auth-library@7.14.1 want: ^2.0.0
796 silly placeDep node_modules/@bubblewrap/cli base64-js@1.5.1 OK for: google-auth-library@7.14.1 want: ^1.3.0
797 silly placeDep node_modules/@bubblewrap/cli ecdsa-sig-formatter@1.0.11 OK for: google-auth-library@7.14.1 want: ^1.0.11
798 silly placeDep node_modules/@bubblewrap/cli fast-text-encoding@1.0.6 OK for: google-auth-library@7.14.1 want: ^1.0.0
799 silly placeDep node_modules/@bubblewrap/cli gaxios@4.3.3 OK for: google-auth-library@7.14.1 want: ^4.0.0
800 silly placeDep node_modules/@bubblewrap/cli gcp-metadata@4.3.1 OK for: google-auth-library@7.14.1 want: ^4.2.0
801 silly placeDep node_modules/@bubblewrap/cli gtoken@5.3.2 OK for: google-auth-library@7.14.1 want: ^5.0.4
802 silly placeDep node_modules/@bubblewrap/cli jws@4.0.1 OK for: google-auth-library@7.14.1 want: ^4.0.0
803 silly placeDep node_modules/@bubblewrap/cli lru-cache@6.0.0 OK for: google-auth-library@7.14.1 want: ^6.0.0
804 silly fetch manifest safe-buffer@^5.0.1
805 silly packumentCache full:https://registry.npmjs.org/safe-buffer cache-hit
806 silly fetch manifest is-stream@^2.0.0
807 silly packumentCache full:https://registry.npmjs.org/is-stream cache-miss
808 http fetch GET 200 https://registry.npmjs.org/is-stream 28ms (cache revalidated)
809 silly packumentCache full:https://registry.npmjs.org/is-stream set size:18582 disposed:false
810 silly fetch manifest abort-controller@^3.0.0
811 silly packumentCache full:https://registry.npmjs.org/abort-controller cache-miss
812 http fetch GET 200 https://registry.npmjs.org/abort-controller 29ms (cache revalidated)
813 silly packumentCache full:https://registry.npmjs.org/abort-controller set size:47272 disposed:false
814 silly fetch manifest https-proxy-agent@^5.0.0
815 silly packumentCache full:https://registry.npmjs.org/https-proxy-agent cache-miss
816 http fetch GET 200 https://registry.npmjs.org/https-proxy-agent 39ms (cache revalidated)
817 silly packumentCache full:https://registry.npmjs.org/https-proxy-agent set size:83792 disposed:false
818 silly fetch manifest json-bigint@^1.0.0
819 silly packumentCache full:https://registry.npmjs.org/json-bigint cache-miss
820 http fetch GET 200 https://registry.npmjs.org/json-bigint 30ms (cache revalidated)
821 silly packumentCache full:https://registry.npmjs.org/json-bigint set size:36963 disposed:false
822 silly fetch manifest google-p12-pem@^3.1.3
823 silly packumentCache full:https://registry.npmjs.org/google-p12-pem cache-miss
824 http fetch GET 200 https://registry.npmjs.org/google-p12-pem 55ms (cache miss)
825 silly packumentCache full:https://registry.npmjs.org/google-p12-pem set size:undefined disposed:false
826 silly fetch manifest jwa@^2.0.1
827 silly packumentCache full:https://registry.npmjs.org/jwa cache-miss
828 http fetch GET 200 https://registry.npmjs.org/jwa 53ms (cache revalidated)
829 silly packumentCache full:https://registry.npmjs.org/jwa set size:39720 disposed:false
830 silly fetch manifest yallist@^4.0.0
831 silly packumentCache full:https://registry.npmjs.org/yallist cache-hit
832 silly placeDep node_modules/@bubblewrap/cli safe-buffer@5.2.1 OK for: ecdsa-sig-formatter@1.0.11 want: ^5.0.1
833 silly placeDep node_modules/@bubblewrap/cli abort-controller@3.0.0 OK for: gaxios@4.3.3 want: ^3.0.0
834 silly placeDep node_modules/@bubblewrap/cli extend@3.0.2 OK for: gaxios@4.3.3 want: ^3.0.2
835 silly placeDep node_modules/@bubblewrap/cli https-proxy-agent@5.0.1 OK for: gaxios@4.3.3 want: ^5.0.0
836 silly placeDep node_modules/@bubblewrap/cli is-stream@2.0.1 OK for: gaxios@4.3.3 want: ^2.0.0
837 silly fetch manifest event-target-shim@^5.0.0
838 silly packumentCache full:https://registry.npmjs.org/event-target-shim cache-miss
839 http fetch GET 200 https://registry.npmjs.org/event-target-shim 83ms (cache revalidated)
840 silly packumentCache full:https://registry.npmjs.org/event-target-shim set size:103601 disposed:false
841 silly fetch manifest debug@4
842 silly packumentCache full:https://registry.npmjs.org/debug cache-hit
843 silly fetch manifest agent-base@6
844 silly packumentCache full:https://registry.npmjs.org/agent-base cache-miss
845 http fetch GET 200 https://registry.npmjs.org/agent-base 59ms (cache revalidated)
846 silly packumentCache full:https://registry.npmjs.org/agent-base set size:72085 disposed:false
847 silly placeDep node_modules/@bubblewrap/cli event-target-shim@5.0.1 OK for: abort-controller@3.0.0 want: ^5.0.0
848 silly placeDep node_modules/@bubblewrap/cli json-bigint@1.0.0 OK for: gcp-metadata@4.3.1 want: ^1.0.0
849 silly fetch manifest bignumber.js@^9.0.0
850 silly packumentCache full:https://registry.npmjs.org/bignumber.js cache-miss
851 http fetch GET 200 https://registry.npmjs.org/bignumber.js 37ms (cache revalidated)
852 silly packumentCache full:https://registry.npmjs.org/bignumber.js set size:149332 disposed:false
853 silly placeDep node_modules/@bubblewrap/cli qs@6.16.0 OK for: googleapis-common@5.1.0 want: ^6.7.0
854 silly placeDep node_modules/@bubblewrap/cli url-template@2.0.8 OK for: googleapis-common@5.1.0 want: ^2.0.8
855 silly placeDep node_modules/@bubblewrap/cli uuid@8.3.2 OK for: googleapis-common@5.1.0 want: ^8.0.0
856 silly fetch manifest side-channel@^1.1.1
857 silly packumentCache full:https://registry.npmjs.org/side-channel cache-miss
858 http fetch GET 200 https://registry.npmjs.org/side-channel 33ms (cache revalidated)
859 silly packumentCache full:https://registry.npmjs.org/side-channel set size:27650 disposed:false
860 silly placeDep node_modules/@bubblewrap/cli google-p12-pem@3.1.4 OK for: gtoken@5.3.2 want: ^3.1.3
861 silly fetch manifest node-forge@^1.3.1
862 silly packumentCache full:https://registry.npmjs.org/node-forge cache-miss
863 http fetch GET 200 https://registry.npmjs.org/node-forge 53ms (cache miss)
864 silly packumentCache full:https://registry.npmjs.org/node-forge set size:undefined disposed:false
865 silly placeDep node_modules/@bubblewrap/cli node-forge@1.4.0 OK for: google-p12-pem@3.1.4 want: ^1.3.1
866 silly placeDep node_modules/@bubblewrap/cli agent-base@6.0.2 OK for: https-proxy-agent@5.0.1 want: 6
867 silly placeDep node_modules/@bubblewrap/cli/node_modules/https-proxy-agent debug@4.4.3 OK for: https-proxy-agent@5.0.1 want: 4
868 silly fetch manifest ms@^2.1.3
869 silly packumentCache full:https://registry.npmjs.org/ms cache-hit
870 silly placeDep node_modules/@bubblewrap/cli/node_modules/agent-base debug@4.4.3 OK for: agent-base@6.0.2 want: 4
871 silly fetch manifest @types/node@>=18
872 silly packumentCache full:https://registry.npmjs.org/@types%2fnode cache-miss
873 http cache https://registry.npmjs.org/@types%2fnode 27ms (cache hit)
874 silly packumentCache full:https://registry.npmjs.org/@types%2fnode set size:11100097 disposed:false
875 silly placeDep node_modules/@bubblewrap/cli @inquirer/external-editor@1.0.3 OK for: inquirer@8.2.7 want: ^1.0.0
876 silly placeDep node_modules/@bubblewrap/cli ansi-escapes@4.3.2 OK for: inquirer@8.2.7 want: ^4.2.1
877 silly placeDep node_modules/@bubblewrap/cli chalk@4.1.2 OK for: inquirer@8.2.7 want: ^4.1.1
878 silly placeDep node_modules/@bubblewrap/cli cli-cursor@3.1.0 OK for: inquirer@8.2.7 want: ^3.1.0
879 silly placeDep node_modules/@bubblewrap/cli cli-width@3.0.0 OK for: inquirer@8.2.7 want: ^3.0.0
880 silly placeDep node_modules/@bubblewrap/cli figures@3.2.0 OK for: inquirer@8.2.7 want: ^3.0.0
881 silly placeDep node_modules/@bubblewrap/cli mute-stream@0.0.8 OK for: inquirer@8.2.7 want: 0.0.8
882 silly placeDep node_modules/@bubblewrap/cli ora@5.4.1 OK for: inquirer@8.2.7 want: ^5.4.1
883 silly placeDep node_modules/@bubblewrap/cli run-async@2.4.1 OK for: inquirer@8.2.7 want: ^2.4.0
884 silly placeDep node_modules/@bubblewrap/cli strip-ansi@6.0.1 OK for: inquirer@8.2.7 want: ^6.0.0
885 silly placeDep node_modules/@bubblewrap/cli through@2.3.8 OK for: inquirer@8.2.7 want: ^2.3.6
886 silly placeDep node_modules/@bubblewrap/cli wrap-ansi@6.2.0 OK for: inquirer@8.2.7 want: ^6.0.1
887 silly fetch manifest chardet@^2.1.1
888 silly packumentCache full:https://registry.npmjs.org/chardet cache-miss
889 http fetch GET 200 https://registry.npmjs.org/chardet 48ms (cache revalidated)
890 silly packumentCache full:https://registry.npmjs.org/chardet set size:73855 disposed:false
891 silly fetch manifest iconv-lite@^0.7.0
892 silly packumentCache full:https://registry.npmjs.org/iconv-lite cache-miss
893 http fetch GET 200 https://registry.npmjs.org/iconv-lite 30ms (cache revalidated)
894 silly packumentCache full:https://registry.npmjs.org/iconv-lite set size:126462 disposed:false
895 silly fetch manifest type-fest@^0.21.3
896 silly packumentCache full:https://registry.npmjs.org/type-fest cache-miss
897 http fetch GET 200 https://registry.npmjs.org/type-fest 31ms (cache revalidated)
898 silly packumentCache full:https://registry.npmjs.org/type-fest set size:568986 disposed:false
899 silly fetch manifest ansi-styles@^4.1.0
900 silly packumentCache full:https://registry.npmjs.org/ansi-styles cache-miss
901 http fetch GET 200 https://registry.npmjs.org/ansi-styles 31ms (cache revalidated)
902 silly packumentCache full:https://registry.npmjs.org/ansi-styles set size:71772 disposed:false
903 silly fetch manifest supports-color@^7.1.0
904 silly packumentCache full:https://registry.npmjs.org/supports-color cache-miss
905 http fetch GET 200 https://registry.npmjs.org/supports-color 29ms (cache revalidated)
906 silly packumentCache full:https://registry.npmjs.org/supports-color set size:124169 disposed:false
907 silly fetch manifest restore-cursor@^3.1.0
908 silly packumentCache full:https://registry.npmjs.org/restore-cursor cache-miss
909 http fetch GET 200 https://registry.npmjs.org/restore-cursor 28ms (cache revalidated)
910 silly packumentCache full:https://registry.npmjs.org/restore-cursor set size:17895 disposed:false
911 silly fetch manifest escape-string-regexp@^1.0.5
912 silly packumentCache full:https://registry.npmjs.org/escape-string-regexp cache-miss
913 http fetch GET 200 https://registry.npmjs.org/escape-string-regexp 26ms (cache miss)
914 silly packumentCache full:https://registry.npmjs.org/escape-string-regexp set size:undefined disposed:false
915 silly fetch manifest bl@^4.1.0
916 silly packumentCache full:https://registry.npmjs.org/bl cache-miss
917 http fetch GET 200 https://registry.npmjs.org/bl 27ms (cache revalidated)
918 silly packumentCache full:https://registry.npmjs.org/bl set size:237796 disposed:false
919 silly fetch manifest wcwidth@^1.0.1
920 silly packumentCache full:https://registry.npmjs.org/wcwidth cache-miss
921 http fetch GET 200 https://registry.npmjs.org/wcwidth 30ms (cache revalidated)
922 silly packumentCache full:https://registry.npmjs.org/wcwidth set size:5904 disposed:false
923 silly fetch manifest log-symbols@^4.1.0
924 silly packumentCache full:https://registry.npmjs.org/log-symbols cache-miss
925 http fetch GET 200 https://registry.npmjs.org/log-symbols 26ms (cache revalidated)
926 silly packumentCache full:https://registry.npmjs.org/log-symbols set size:31977 disposed:false
927 silly fetch manifest cli-spinners@^2.5.0
928 silly packumentCache full:https://registry.npmjs.org/cli-spinners cache-miss
929 http fetch GET 200 https://registry.npmjs.org/cli-spinners 31ms (cache revalidated)
930 silly packumentCache full:https://registry.npmjs.org/cli-spinners set size:67473 disposed:false
931 silly fetch manifest is-interactive@^1.0.0
932 silly packumentCache full:https://registry.npmjs.org/is-interactive cache-miss
933 http fetch GET 200 https://registry.npmjs.org/is-interactive 34ms (cache revalidated)
934 silly packumentCache full:https://registry.npmjs.org/is-interactive set size:10692 disposed:false
935 silly fetch manifest is-unicode-supported@^0.1.0
936 silly packumentCache full:https://registry.npmjs.org/is-unicode-supported cache-miss
937 http fetch GET 200 https://registry.npmjs.org/is-unicode-supported 40ms (cache revalidated)
938 silly packumentCache full:https://registry.npmjs.org/is-unicode-supported set size:19461 disposed:false
939 silly fetch manifest ansi-regex@^5.0.1
940 silly packumentCache full:https://registry.npmjs.org/ansi-regex cache-miss
941 http fetch GET 200 https://registry.npmjs.org/ansi-regex 29ms (cache revalidated)
942 silly packumentCache full:https://registry.npmjs.org/ansi-regex set size:48203 disposed:false
943 silly fetch manifest ansi-styles@^4.0.0
944 silly packumentCache full:https://registry.npmjs.org/ansi-styles cache-hit
945 silly placeDep node_modules/@bubblewrap/cli chardet@2.2.0 OK for: @inquirer/external-editor@1.0.3 want: ^2.1.1
946 silly placeDep node_modules/@bubblewrap/cli iconv-lite@0.7.3 OK for: @inquirer/external-editor@1.0.3 want: ^0.7.0
947 silly fetch manifest safer-buffer@>= 2.1.2 < 3.0.0
948 silly packumentCache full:https://registry.npmjs.org/safer-buffer cache-miss
949 http fetch GET 200 https://registry.npmjs.org/safer-buffer 28ms (cache revalidated)
950 silly packumentCache full:https://registry.npmjs.org/safer-buffer set size:18521 disposed:false
951 silly placeDep node_modules/@bubblewrap/cli type-fest@0.21.3 OK for: ansi-escapes@4.3.2 want: ^0.21.3
952 silly placeDep node_modules/@bubblewrap/cli ansi-styles@4.3.0 OK for: chalk@4.1.2 want: ^4.1.0
953 silly placeDep node_modules/@bubblewrap/cli supports-color@7.2.0 OK for: chalk@4.1.2 want: ^7.1.0
954 silly fetch manifest color-convert@^2.0.1
955 silly packumentCache full:https://registry.npmjs.org/color-convert cache-hit
956 silly fetch manifest has-flag@^4.0.0
957 silly packumentCache full:https://registry.npmjs.org/has-flag cache-miss
958 http fetch GET 200 https://registry.npmjs.org/has-flag 33ms (cache revalidated)
959 silly packumentCache full:https://registry.npmjs.org/has-flag set size:15180 disposed:false
960 silly placeDep node_modules/@bubblewrap/cli/node_modules/ansi-styles color-convert@2.0.1 OK for: ansi-styles@4.3.0 want: ^2.0.1
961 silly fetch manifest color-name@~1.1.4
962 silly packumentCache full:https://registry.npmjs.org/color-name cache-hit
963 silly placeDep node_modules/@bubblewrap/cli restore-cursor@3.1.0 OK for: cli-cursor@3.1.0 want: ^3.1.0
964 silly fetch manifest onetime@^5.1.0
965 silly packumentCache full:https://registry.npmjs.org/onetime cache-miss
966 http fetch GET 200 https://registry.npmjs.org/onetime 29ms (cache revalidated)
967 silly packumentCache full:https://registry.npmjs.org/onetime set size:32314 disposed:false
968 silly fetch manifest signal-exit@^3.0.2
969 silly packumentCache full:https://registry.npmjs.org/signal-exit cache-miss
970 http fetch GET 200 https://registry.npmjs.org/signal-exit 33ms (cache revalidated)
971 silly packumentCache full:https://registry.npmjs.org/signal-exit set size:53489 disposed:false
972 silly placeDep node_modules/@bubblewrap/cli escape-string-regexp@1.0.5 OK for: figures@3.2.0 want: ^1.0.5
973 silly placeDep node_modules/@bubblewrap/cli safer-buffer@2.1.2 OK for: iconv-lite@0.7.3 want: >= 2.1.2 < 3.0.0
974 silly placeDep node_modules/@bubblewrap/cli @jimp/custom@0.22.12 OK for: jimp@0.22.12 want: ^0.22.12
975 silly placeDep node_modules/@bubblewrap/cli @jimp/plugins@0.22.12 OK for: jimp@0.22.12 want: ^0.22.12
976 silly placeDep node_modules/@bubblewrap/cli @jimp/types@0.22.12 OK for: jimp@0.22.12 want: ^0.22.12
977 silly placeDep node_modules/@bubblewrap/cli regenerator-runtime@0.13.11 OK for: jimp@0.22.12 want: ^0.13.3
978 silly fetch manifest @jimp/core@^0.22.12
979 silly packumentCache full:https://registry.npmjs.org/@jimp%2fcore cache-miss
980 http fetch GET 200 https://registry.npmjs.org/@jimp%2fcore 90ms (cache miss)
981 silly packumentCache full:https://registry.npmjs.org/@jimp%2fcore set size:undefined disposed:false
982 silly fetch manifest @jimp/plugin-blit@^0.22.12
983 silly packumentCache full:https://registry.npmjs.org/@jimp%2fplugin-blit cache-miss
984 http fetch GET 200 https://registry.npmjs.org/@jimp%2fplugin-blit 105ms (cache miss)
985 silly packumentCache full:https://registry.npmjs.org/@jimp%2fplugin-blit set size:undefined disposed:false
986 silly fetch manifest @jimp/plugin-blur@^0.22.12
987 silly packumentCache full:https://registry.npmjs.org/@jimp%2fplugin-blur cache-miss
988 http fetch GET 200 https://registry.npmjs.org/@jimp%2fplugin-blur 93ms (cache miss)
989 silly packumentCache full:https://registry.npmjs.org/@jimp%2fplugin-blur set size:undefined disposed:false
990 silly fetch manifest @jimp/plugin-circle@^0.22.12
991 silly packumentCache full:https://registry.npmjs.org/@jimp%2fplugin-circle cache-miss
992 http fetch GET 200 https://registry.npmjs.org/@jimp%2fplugin-circle 86ms (cache miss)
993 silly packumentCache full:https://registry.npmjs.org/@jimp%2fplugin-circle set size:undefined disposed:false
994 silly fetch manifest @jimp/plugin-color@^0.22.12
995 silly packumentCache full:https://registry.npmjs.org/@jimp%2fplugin-color cache-miss
996 http fetch GET 200 https://registry.npmjs.org/@jimp%2fplugin-color 303ms (cache miss)
997 silly packumentCache full:https://registry.npmjs.org/@jimp%2fplugin-color set size:undefined disposed:false
998 silly fetch manifest @jimp/plugin-contain@^0.22.12
999 silly packumentCache full:https://registry.npmjs.org/@jimp%2fplugin-contain cache-miss
1000 http fetch GET 200 https://registry.npmjs.org/@jimp%2fplugin-contain 100ms (cache miss)
1001 silly packumentCache full:https://registry.npmjs.org/@jimp%2fplugin-contain set size:undefined disposed:false
1002 silly fetch manifest @jimp/plugin-cover@^0.22.12
1003 silly packumentCache full:https://registry.npmjs.org/@jimp%2fplugin-cover cache-miss
1004 http fetch GET 200 https://registry.npmjs.org/@jimp%2fplugin-cover 91ms (cache miss)
1005 silly packumentCache full:https://registry.npmjs.org/@jimp%2fplugin-cover set size:undefined disposed:false
1006 silly fetch manifest @jimp/plugin-crop@^0.22.12
1007 silly packumentCache full:https://registry.npmjs.org/@jimp%2fplugin-crop cache-miss
1008 http fetch GET 200 https://registry.npmjs.org/@jimp%2fplugin-crop 103ms (cache miss)
1009 silly packumentCache full:https://registry.npmjs.org/@jimp%2fplugin-crop set size:undefined disposed:false
1010 silly fetch manifest @jimp/plugin-displace@^0.22.12
1011 silly packumentCache full:https://registry.npmjs.org/@jimp%2fplugin-displace cache-miss
1012 http fetch GET 200 https://registry.npmjs.org/@jimp%2fplugin-displace 129ms (cache miss)
1013 silly packumentCache full:https://registry.npmjs.org/@jimp%2fplugin-displace set size:undefined disposed:false
1014 silly fetch manifest @jimp/plugin-dither@^0.22.12
1015 silly packumentCache full:https://registry.npmjs.org/@jimp%2fplugin-dither cache-miss
1016 http fetch GET 200 https://registry.npmjs.org/@jimp%2fplugin-dither 89ms (cache miss)
1017 silly packumentCache full:https://registry.npmjs.org/@jimp%2fplugin-dither set size:undefined disposed:false
1018 silly fetch manifest @jimp/plugin-fisheye@^0.22.12
1019 silly packumentCache full:https://registry.npmjs.org/@jimp%2fplugin-fisheye cache-miss
1020 http fetch GET 200 https://registry.npmjs.org/@jimp%2fplugin-fisheye 86ms (cache miss)
1021 silly packumentCache full:https://registry.npmjs.org/@jimp%2fplugin-fisheye set size:undefined disposed:false
1022 silly fetch manifest @jimp/plugin-flip@^0.22.12
1023 silly packumentCache full:https://registry.npmjs.org/@jimp%2fplugin-flip cache-miss
1024 http fetch GET 200 https://registry.npmjs.org/@jimp%2fplugin-flip 86ms (cache miss)
1025 silly packumentCache full:https://registry.npmjs.org/@jimp%2fplugin-flip set size:undefined disposed:false
1026 silly fetch manifest @jimp/plugin-gaussian@^0.22.12
1027 silly packumentCache full:https://registry.npmjs.org/@jimp%2fplugin-gaussian cache-miss
1028 http fetch GET 200 https://registry.npmjs.org/@jimp%2fplugin-gaussian 88ms (cache miss)
1029 silly packumentCache full:https://registry.npmjs.org/@jimp%2fplugin-gaussian set size:undefined disposed:false
1030 silly fetch manifest @jimp/plugin-invert@^0.22.12
1031 silly packumentCache full:https://registry.npmjs.org/@jimp%2fplugin-invert cache-miss
1032 http fetch GET 200 https://registry.npmjs.org/@jimp%2fplugin-invert 84ms (cache miss)
1033 silly packumentCache full:https://registry.npmjs.org/@jimp%2fplugin-invert set size:undefined disposed:false
1034 silly fetch manifest @jimp/plugin-mask@^0.22.12
1035 silly packumentCache full:https://registry.npmjs.org/@jimp%2fplugin-mask cache-miss
1036 http fetch GET 200 https://registry.npmjs.org/@jimp%2fplugin-mask 123ms (cache miss)
1037 silly packumentCache full:https://registry.npmjs.org/@jimp%2fplugin-mask set size:undefined disposed:false
1038 silly fetch manifest @jimp/plugin-normalize@^0.22.12
1039 silly packumentCache full:https://registry.npmjs.org/@jimp%2fplugin-normalize cache-miss
1040 http fetch GET 200 https://registry.npmjs.org/@jimp%2fplugin-normalize 82ms (cache miss)
1041 silly packumentCache full:https://registry.npmjs.org/@jimp%2fplugin-normalize set size:undefined disposed:false
1042 silly fetch manifest @jimp/plugin-print@^0.22.12
1043 silly packumentCache full:https://registry.npmjs.org/@jimp%2fplugin-print cache-miss
1044 http fetch GET 200 https://registry.npmjs.org/@jimp%2fplugin-print 80ms (cache miss)
1045 silly packumentCache full:https://registry.npmjs.org/@jimp%2fplugin-print set size:undefined disposed:false
1046 silly fetch manifest @jimp/plugin-resize@^0.22.12
1047 silly packumentCache full:https://registry.npmjs.org/@jimp%2fplugin-resize cache-miss
1048 http fetch GET 200 https://registry.npmjs.org/@jimp%2fplugin-resize 87ms (cache miss)
1049 silly packumentCache full:https://registry.npmjs.org/@jimp%2fplugin-resize set size:undefined disposed:false
1050 silly fetch manifest @jimp/plugin-rotate@^0.22.12
1051 silly packumentCache full:https://registry.npmjs.org/@jimp%2fplugin-rotate cache-miss
1052 http fetch GET 200 https://registry.npmjs.org/@jimp%2fplugin-rotate 89ms (cache miss)
1053 silly packumentCache full:https://registry.npmjs.org/@jimp%2fplugin-rotate set size:undefined disposed:false
1054 silly fetch manifest @jimp/plugin-scale@^0.22.12
1055 silly packumentCache full:https://registry.npmjs.org/@jimp%2fplugin-scale cache-miss
1056 http fetch GET 200 https://registry.npmjs.org/@jimp%2fplugin-scale 111ms (cache miss)
1057 silly packumentCache full:https://registry.npmjs.org/@jimp%2fplugin-scale set size:undefined disposed:false
1058 silly fetch manifest @jimp/plugin-shadow@^0.22.12
1059 silly packumentCache full:https://registry.npmjs.org/@jimp%2fplugin-shadow cache-miss
1060 http fetch GET 200 https://registry.npmjs.org/@jimp%2fplugin-shadow 76ms (cache miss)
1061 silly packumentCache full:https://registry.npmjs.org/@jimp%2fplugin-shadow set size:undefined disposed:false
1062 silly fetch manifest @jimp/plugin-threshold@^0.22.12
1063 silly packumentCache full:https://registry.npmjs.org/@jimp%2fplugin-threshold cache-miss
1064 http fetch GET 200 https://registry.npmjs.org/@jimp%2fplugin-threshold 77ms (cache miss)
1065 silly packumentCache full:https://registry.npmjs.org/@jimp%2fplugin-threshold set size:undefined disposed:false
1066 silly fetch manifest timm@^1.6.1
1067 silly packumentCache full:https://registry.npmjs.org/timm cache-miss
1068 http fetch GET 200 https://registry.npmjs.org/timm 37ms (cache miss)
1069 silly packumentCache full:https://registry.npmjs.org/timm set size:undefined disposed:false
1070 silly fetch manifest @jimp/bmp@^0.22.12
1071 silly packumentCache full:https://registry.npmjs.org/@jimp%2fbmp cache-miss
1072 http fetch GET 200 https://registry.npmjs.org/@jimp%2fbmp 71ms (cache miss)
1073 silly packumentCache full:https://registry.npmjs.org/@jimp%2fbmp set size:undefined disposed:false
1074 silly fetch manifest @jimp/gif@^0.22.12
1075 silly packumentCache full:https://registry.npmjs.org/@jimp%2fgif cache-miss
1076 http fetch GET 200 https://registry.npmjs.org/@jimp%2fgif 79ms (cache miss)
1077 silly packumentCache full:https://registry.npmjs.org/@jimp%2fgif set size:undefined disposed:false
1078 silly fetch manifest @jimp/png@^0.22.12
1079 silly packumentCache full:https://registry.npmjs.org/@jimp%2fpng cache-miss
1080 http fetch GET 200 https://registry.npmjs.org/@jimp%2fpng 80ms (cache miss)
1081 silly packumentCache full:https://registry.npmjs.org/@jimp%2fpng set size:undefined disposed:false
1082 silly fetch manifest @jimp/jpeg@^0.22.12
1083 silly packumentCache full:https://registry.npmjs.org/@jimp%2fjpeg cache-miss
1084 http fetch GET 200 https://registry.npmjs.org/@jimp%2fjpeg 89ms (cache miss)
1085 silly packumentCache full:https://registry.npmjs.org/@jimp%2fjpeg set size:undefined disposed:false
1086 silly fetch manifest @jimp/tiff@^0.22.12
1087 silly packumentCache full:https://registry.npmjs.org/@jimp%2ftiff cache-miss
1088 http fetch GET 200 https://registry.npmjs.org/@jimp%2ftiff 86ms (cache miss)
1089 silly packumentCache full:https://registry.npmjs.org/@jimp%2ftiff set size:undefined disposed:false
1090 silly placeDep node_modules/@bubblewrap/cli @jimp/core@0.22.12 OK for: @jimp/custom@0.22.12 want: ^0.22.12
1091 silly fetch manifest buffer@^5.2.0
1092 silly packumentCache full:https://registry.npmjs.org/buffer cache-miss
1093 http fetch GET 200 https://registry.npmjs.org/buffer 27ms (cache revalidated)
1094 silly packumentCache full:https://registry.npmjs.org/buffer set size:280480 disposed:false
1095 silly fetch manifest any-base@^1.1.0
1096 silly packumentCache full:https://registry.npmjs.org/any-base cache-miss
1097 http fetch GET 200 https://registry.npmjs.org/any-base 30ms (cache miss)
1098 silly packumentCache full:https://registry.npmjs.org/any-base set size:undefined disposed:false
1099 silly fetch manifest file-type@^16.5.4
1100 silly packumentCache full:https://registry.npmjs.org/file-type cache-miss
1101 http fetch GET 200 https://registry.npmjs.org/file-type 52ms (cache miss)
1102 silly packumentCache full:https://registry.npmjs.org/file-type set size:undefined disposed:false
1103 silly fetch manifest pixelmatch@^4.0.2
1104 silly packumentCache full:https://registry.npmjs.org/pixelmatch cache-miss
1105 http fetch GET 200 https://registry.npmjs.org/pixelmatch 44ms (cache miss)
1106 silly packumentCache full:https://registry.npmjs.org/pixelmatch set size:undefined disposed:false
1107 silly fetch manifest tinycolor2@^1.6.0
1108 silly packumentCache full:https://registry.npmjs.org/tinycolor2 cache-miss
1109 http fetch GET 200 https://registry.npmjs.org/tinycolor2 34ms (cache miss)
1110 silly packumentCache full:https://registry.npmjs.org/tinycolor2 set size:undefined disposed:false
1111 silly fetch manifest @jimp/utils@^0.22.12
1112 silly packumentCache full:https://registry.npmjs.org/@jimp%2futils cache-miss
1113 http fetch GET 200 https://registry.npmjs.org/@jimp%2futils 85ms (cache miss)
1114 silly packumentCache full:https://registry.npmjs.org/@jimp%2futils set size:undefined disposed:false
1115 silly fetch manifest exif-parser@^0.1.12
1116 silly packumentCache full:https://registry.npmjs.org/exif-parser cache-miss
1117 http fetch GET 200 https://registry.npmjs.org/exif-parser 32ms (cache miss)
1118 silly packumentCache full:https://registry.npmjs.org/exif-parser set size:undefined disposed:false
1119 silly fetch manifest isomorphic-fetch@^3.0.0
1120 silly packumentCache full:https://registry.npmjs.org/isomorphic-fetch cache-miss
1121 http fetch GET 200 https://registry.npmjs.org/isomorphic-fetch 29ms (cache revalidated)
1122 silly packumentCache full:https://registry.npmjs.org/isomorphic-fetch set size:45618 disposed:false
1123 silly placeDep node_modules/@bubblewrap/cli @jimp/utils@0.22.12 OK for: @jimp/core@0.22.12 want: ^0.22.12
1124 silly placeDep node_modules/@bubblewrap/cli any-base@1.1.0 OK for: @jimp/core@0.22.12 want: ^1.1.0
1125 silly placeDep node_modules/@bubblewrap/cli buffer@5.7.1 OK for: @jimp/core@0.22.12 want: ^5.2.0
1126 silly placeDep node_modules/@bubblewrap/cli exif-parser@0.1.12 OK for: @jimp/core@0.22.12 want: ^0.1.12
1127 silly placeDep node_modules/@bubblewrap/cli file-type@16.5.4 OK for: @jimp/core@0.22.12 want: ^16.5.4
1128 silly placeDep node_modules/@bubblewrap/cli isomorphic-fetch@3.0.0 OK for: @jimp/core@0.22.12 want: ^3.0.0
1129 silly placeDep node_modules/@bubblewrap/cli pixelmatch@4.0.2 OK for: @jimp/core@0.22.12 want: ^4.0.2
1130 silly placeDep node_modules/@bubblewrap/cli tinycolor2@1.6.0 OK for: @jimp/core@0.22.12 want: ^1.6.0
1131 silly fetch manifest ieee754@^1.1.13
1132 silly packumentCache full:https://registry.npmjs.org/ieee754 cache-miss
1133 http fetch GET 200 https://registry.npmjs.org/ieee754 33ms (cache revalidated)
1134 silly packumentCache full:https://registry.npmjs.org/ieee754 set size:34910 disposed:false
1135 silly fetch manifest strtok3@^6.2.4
1136 silly packumentCache full:https://registry.npmjs.org/strtok3 cache-miss
1137 http fetch GET 200 https://registry.npmjs.org/strtok3 45ms (cache miss)
1138 silly packumentCache full:https://registry.npmjs.org/strtok3 set size:undefined disposed:false
1139 silly fetch manifest token-types@^4.1.1
1140 silly packumentCache full:https://registry.npmjs.org/token-types cache-miss
1141 http fetch GET 200 https://registry.npmjs.org/token-types 44ms (cache miss)
1142 silly packumentCache full:https://registry.npmjs.org/token-types set size:undefined disposed:false
1143 silly fetch manifest readable-web-to-node-stream@^3.0.0
1144 silly packumentCache full:https://registry.npmjs.org/readable-web-to-node-stream cache-miss
1145 http fetch GET 200 https://registry.npmjs.org/readable-web-to-node-stream 32ms (cache miss)
1146 silly packumentCache full:https://registry.npmjs.org/readable-web-to-node-stream set size:undefined disposed:false
1147 silly fetch manifest whatwg-fetch@^3.4.1
1148 silly packumentCache full:https://registry.npmjs.org/whatwg-fetch cache-miss
1149 http fetch GET 200 https://registry.npmjs.org/whatwg-fetch 30ms (cache revalidated)
1150 silly packumentCache full:https://registry.npmjs.org/whatwg-fetch set size:120970 disposed:false
1151 silly fetch manifest pngjs@^3.0.0
1152 silly packumentCache full:https://registry.npmjs.org/pngjs cache-miss
1153 http fetch GET 200 https://registry.npmjs.org/pngjs 30ms (cache miss)
1154 silly packumentCache full:https://registry.npmjs.org/pngjs set size:undefined disposed:false
1155 silly fetch manifest @jimp/custom@>=0.3.5
1156 silly packumentCache full:https://registry.npmjs.org/@jimp%2fcustom cache-miss
1157 http cache https://registry.npmjs.org/@jimp%2fcustom 6ms (cache hit)
1158 silly packumentCache full:https://registry.npmjs.org/@jimp%2fcustom set size:1162364 disposed:false
1159 silly placeDep node_modules/@bubblewrap/cli @jimp/plugin-blit@0.22.12 OK for: @jimp/plugins@0.22.12 want: ^0.22.12
1160 silly placeDep node_modules/@bubblewrap/cli @jimp/plugin-blur@0.22.12 OK for: @jimp/plugins@0.22.12 want: ^0.22.12
1161 silly placeDep node_modules/@bubblewrap/cli @jimp/plugin-circle@0.22.12 OK for: @jimp/plugins@0.22.12 want: ^0.22.12
1162 silly placeDep node_modules/@bubblewrap/cli @jimp/plugin-color@0.22.12 OK for: @jimp/plugins@0.22.12 want: ^0.22.12
1163 silly placeDep node_modules/@bubblewrap/cli @jimp/plugin-contain@0.22.12 OK for: @jimp/plugins@0.22.12 want: ^0.22.12
1164 silly placeDep node_modules/@bubblewrap/cli @jimp/plugin-scale@0.22.12 OK for: @jimp/plugin-contain@0.22.12 want: >=0.3.5
1165 silly placeDep node_modules/@bubblewrap/cli @jimp/plugin-resize@0.22.12 OK for: @jimp/plugin-scale@0.22.12 want: >=0.3.5
1166 silly placeDep node_modules/@bubblewrap/cli @jimp/plugin-cover@0.22.12 OK for: @jimp/plugins@0.22.12 want: ^0.22.12
1167 silly placeDep node_modules/@bubblewrap/cli @jimp/plugin-crop@0.22.12 OK for: @jimp/plugin-cover@0.22.12 want: >=0.3.5
1168 silly placeDep node_modules/@bubblewrap/cli @jimp/plugin-displace@0.22.12 OK for: @jimp/plugins@0.22.12 want: ^0.22.12
1169 silly placeDep node_modules/@bubblewrap/cli @jimp/plugin-dither@0.22.12 OK for: @jimp/plugins@0.22.12 want: ^0.22.12
1170 silly placeDep node_modules/@bubblewrap/cli @jimp/plugin-fisheye@0.22.12 OK for: @jimp/plugins@0.22.12 want: ^0.22.12
1171 silly placeDep node_modules/@bubblewrap/cli @jimp/plugin-flip@0.22.12 OK for: @jimp/plugins@0.22.12 want: ^0.22.12
1172 silly placeDep node_modules/@bubblewrap/cli @jimp/plugin-rotate@0.22.12 OK for: @jimp/plugin-flip@0.22.12 want: >=0.3.5
1173 silly placeDep node_modules/@bubblewrap/cli @jimp/plugin-gaussian@0.22.12 OK for: @jimp/plugins@0.22.12 want: ^0.22.12
1174 silly placeDep node_modules/@bubblewrap/cli @jimp/plugin-invert@0.22.12 OK for: @jimp/plugins@0.22.12 want: ^0.22.12
1175 silly placeDep node_modules/@bubblewrap/cli @jimp/plugin-mask@0.22.12 OK for: @jimp/plugins@0.22.12 want: ^0.22.12
1176 silly placeDep node_modules/@bubblewrap/cli @jimp/plugin-normalize@0.22.12 OK for: @jimp/plugins@0.22.12 want: ^0.22.12
1177 silly placeDep node_modules/@bubblewrap/cli @jimp/plugin-print@0.22.12 OK for: @jimp/plugins@0.22.12 want: ^0.22.12
1178 silly placeDep node_modules/@bubblewrap/cli @jimp/plugin-shadow@0.22.12 OK for: @jimp/plugins@0.22.12 want: ^0.22.12
1179 silly placeDep node_modules/@bubblewrap/cli @jimp/plugin-threshold@0.22.12 OK for: @jimp/plugins@0.22.12 want: ^0.22.12
1180 silly placeDep node_modules/@bubblewrap/cli timm@1.7.1 OK for: @jimp/plugins@0.22.12 want: ^1.6.1
1181 silly fetch manifest load-bmfont@^1.4.1
1182 silly packumentCache full:https://registry.npmjs.org/load-bmfont cache-miss
1183 http fetch GET 200 https://registry.npmjs.org/load-bmfont 31ms (cache miss)
1184 silly packumentCache full:https://registry.npmjs.org/load-bmfont set size:undefined disposed:false
1185 silly placeDep node_modules/@bubblewrap/cli load-bmfont@1.4.2 OK for: @jimp/plugin-print@0.22.12 want: ^1.4.1
1186 silly fetch manifest buffer-equal@0.0.1
1187 silly packumentCache full:https://registry.npmjs.org/buffer-equal cache-miss
1188 http fetch GET 200 https://registry.npmjs.org/buffer-equal 31ms (cache miss)
1189 silly packumentCache full:https://registry.npmjs.org/buffer-equal set size:undefined disposed:false
1190 silly fetch manifest mime@^1.3.4
1191 silly packumentCache full:https://registry.npmjs.org/mime cache-miss
1192 http fetch GET 200 https://registry.npmjs.org/mime 27ms (cache revalidated)
1193 silly packumentCache full:https://registry.npmjs.org/mime set size:119236 disposed:false
1194 silly fetch manifest parse-bmfont-ascii@^1.0.3
1195 silly packumentCache full:https://registry.npmjs.org/parse-bmfont-ascii cache-miss
1196 http fetch GET 200 https://registry.npmjs.org/parse-bmfont-ascii 31ms (cache miss)
1197 silly packumentCache full:https://registry.npmjs.org/parse-bmfont-ascii set size:undefined disposed:false
1198 silly fetch manifest parse-bmfont-binary@^1.0.5
1199 silly packumentCache full:https://registry.npmjs.org/parse-bmfont-binary cache-miss
1200 http fetch GET 200 https://registry.npmjs.org/parse-bmfont-binary 51ms (cache miss)
1201 silly packumentCache full:https://registry.npmjs.org/parse-bmfont-binary set size:undefined disposed:false
1202 silly fetch manifest parse-bmfont-xml@^1.1.4
1203 silly packumentCache full:https://registry.npmjs.org/parse-bmfont-xml cache-miss
1204 http fetch GET 200 https://registry.npmjs.org/parse-bmfont-xml 47ms (cache miss)
1205 silly packumentCache full:https://registry.npmjs.org/parse-bmfont-xml set size:undefined disposed:false
1206 silly fetch manifest phin@^3.7.1
1207 silly packumentCache full:https://registry.npmjs.org/phin cache-miss
1208 http fetch GET 200 https://registry.npmjs.org/phin 40ms (cache miss)
1209 silly packumentCache full:https://registry.npmjs.org/phin set size:undefined disposed:false
1210 silly fetch manifest xhr@^2.0.1
1211 silly packumentCache full:https://registry.npmjs.org/xhr cache-miss
1212 http fetch GET 200 https://registry.npmjs.org/xhr 36ms (cache miss)
1213 silly packumentCache full:https://registry.npmjs.org/xhr set size:undefined disposed:false
1214 silly fetch manifest xtend@^4.0.0
1215 silly packumentCache full:https://registry.npmjs.org/xtend cache-miss
1216 http fetch GET 200 https://registry.npmjs.org/xtend 31ms (cache revalidated)
1217 silly packumentCache full:https://registry.npmjs.org/xtend set size:28314 disposed:false
1218 silly placeDep node_modules/@bubblewrap/cli @jimp/bmp@0.22.12 OK for: @jimp/types@0.22.12 want: ^0.22.12
1219 silly placeDep node_modules/@bubblewrap/cli @jimp/gif@0.22.12 OK for: @jimp/types@0.22.12 want: ^0.22.12
1220 silly placeDep node_modules/@bubblewrap/cli @jimp/jpeg@0.22.12 OK for: @jimp/types@0.22.12 want: ^0.22.12
1221 silly placeDep node_modules/@bubblewrap/cli @jimp/png@0.22.12 OK for: @jimp/types@0.22.12 want: ^0.22.12
1222 silly placeDep node_modules/@bubblewrap/cli @jimp/tiff@0.22.12 OK for: @jimp/types@0.22.12 want: ^0.22.12
1223 silly fetch manifest bmp-js@^0.1.0
1224 silly packumentCache full:https://registry.npmjs.org/bmp-js cache-miss
1225 http fetch GET 200 https://registry.npmjs.org/bmp-js 30ms (cache miss)
1226 silly packumentCache full:https://registry.npmjs.org/bmp-js set size:undefined disposed:false
1227 silly fetch manifest gifwrap@^0.10.1
1228 silly packumentCache full:https://registry.npmjs.org/gifwrap cache-miss
1229 http fetch GET 200 https://registry.npmjs.org/gifwrap 44ms (cache miss)
1230 silly packumentCache full:https://registry.npmjs.org/gifwrap set size:undefined disposed:false
1231 silly fetch manifest omggif@^1.0.9
1232 silly packumentCache full:https://registry.npmjs.org/omggif cache-miss
1233 http fetch GET 200 https://registry.npmjs.org/omggif 53ms (cache miss)
1234 silly packumentCache full:https://registry.npmjs.org/omggif set size:undefined disposed:false
1235 silly fetch manifest jpeg-js@^0.4.4
1236 silly packumentCache full:https://registry.npmjs.org/jpeg-js cache-miss
1237 http fetch GET 200 https://registry.npmjs.org/jpeg-js 43ms (cache miss)
1238 silly packumentCache full:https://registry.npmjs.org/jpeg-js set size:undefined disposed:false
1239 silly fetch manifest pngjs@^6.0.0
1240 silly packumentCache full:https://registry.npmjs.org/pngjs cache-miss
1241 http cache https://registry.npmjs.org/pngjs 4ms (cache hit)
1242 silly packumentCache full:https://registry.npmjs.org/pngjs set size:70154 disposed:false
1243 silly fetch manifest utif2@^4.0.1
1244 silly packumentCache full:https://registry.npmjs.org/utif2 cache-miss
1245 http fetch GET 200 https://registry.npmjs.org/utif2 32ms (cache miss)
1246 silly packumentCache full:https://registry.npmjs.org/utif2 set size:undefined disposed:false
1247 silly placeDep node_modules/@bubblewrap/cli bmp-js@0.1.0 OK for: @jimp/bmp@0.22.12 want: ^0.1.0
1248 silly placeDep node_modules/@bubblewrap/cli gifwrap@0.10.1 OK for: @jimp/gif@0.22.12 want: ^0.10.1
1249 silly placeDep node_modules/@bubblewrap/cli omggif@1.0.10 OK for: @jimp/gif@0.22.12 want: ^1.0.9
1250 silly fetch manifest image-q@^4.0.0
1251 silly packumentCache full:https://registry.npmjs.org/image-q cache-miss
1252 http fetch GET 200 https://registry.npmjs.org/image-q 35ms (cache miss)
1253 silly packumentCache full:https://registry.npmjs.org/image-q set size:undefined disposed:false
1254 silly fetch manifest omggif@^1.0.10
1255 silly packumentCache full:https://registry.npmjs.org/omggif cache-miss
1256 http cache https://registry.npmjs.org/omggif 3ms (cache hit)
1257 silly packumentCache full:https://registry.npmjs.org/omggif set size:9453 disposed:false
1258 silly placeDep node_modules/@bubblewrap/cli jpeg-js@0.4.4 OK for: @jimp/jpeg@0.22.12 want: ^0.4.4
1259 silly placeDep node_modules/@bubblewrap/cli pngjs@6.0.0 OK for: @jimp/png@0.22.12 want: ^6.0.0
1260 silly placeDep node_modules/@bubblewrap/cli utif2@4.1.0 OK for: @jimp/tiff@0.22.12 want: ^4.0.1
1261 silly fetch manifest pako@^1.0.11
1262 silly packumentCache full:https://registry.npmjs.org/pako cache-miss
1263 http fetch GET 200 https://registry.npmjs.org/pako 35ms (cache miss)
1264 silly packumentCache full:https://registry.npmjs.org/pako set size:undefined disposed:false
1265 silly placeDep node_modules/@bubblewrap/cli ieee754@1.2.1 OK for: buffer@5.7.1 want: ^1.1.13
1266 silly placeDep node_modules/@bubblewrap/cli readable-web-to-node-stream@3.0.4 OK for: file-type@16.5.4 want: ^3.0.0
1267 silly placeDep node_modules/@bubblewrap/cli strtok3@6.3.0 OK for: file-type@16.5.4 want: ^6.2.4
1268 silly placeDep node_modules/@bubblewrap/cli token-types@4.2.1 OK for: file-type@16.5.4 want: ^4.1.1
1269 silly fetch manifest readable-stream@^4.7.0
1270 silly packumentCache full:https://registry.npmjs.org/readable-stream cache-hit
1271 silly fetch manifest peek-readable@^4.1.0
1272 silly packumentCache full:https://registry.npmjs.org/peek-readable cache-miss
1273 http fetch GET 200 https://registry.npmjs.org/peek-readable 41ms (cache miss)
1274 silly packumentCache full:https://registry.npmjs.org/peek-readable set size:undefined disposed:false
1275 silly fetch manifest @tokenizer/token@^0.3.0
1276 silly packumentCache full:https://registry.npmjs.org/@tokenizer%2ftoken cache-miss
1277 http fetch GET 200 https://registry.npmjs.org/@tokenizer%2ftoken 61ms (cache miss)
1278 silly packumentCache full:https://registry.npmjs.org/@tokenizer%2ftoken set size:undefined disposed:false
1279 silly placeDep node_modules/@bubblewrap/cli image-q@4.0.0 OK for: gifwrap@0.10.1 want: ^4.0.0
1280 silly fetch manifest @types/node@16.9.1
1281 silly packumentCache full:https://registry.npmjs.org/@types%2fnode cache-miss
1282 http cache https://registry.npmjs.org/@types%2fnode 31ms (cache hit)
1283 silly packumentCache full:https://registry.npmjs.org/@types%2fnode set size:11100097 disposed:false
1284 silly placeDep node_modules/@bubblewrap/cli/node_modules/image-q @types/node@16.9.1 OK for: image-q@4.0.0 want: 16.9.1
1285 silly placeDep node_modules/@bubblewrap/cli whatwg-fetch@3.6.20 OK for: isomorphic-fetch@3.0.0 want: ^3.4.1
1286 silly placeDep node_modules/@bubblewrap/cli bignumber.js@9.3.1 OK for: json-bigint@1.0.0 want: ^9.0.0
1287 silly placeDep node_modules/@bubblewrap/cli jwa@2.0.1 OK for: jws@4.0.1 want: ^2.0.1
1288 silly fetch manifest buffer-equal-constant-time@^1.0.1
1289 silly packumentCache full:https://registry.npmjs.org/buffer-equal-constant-time cache-miss
1290 http fetch GET 200 https://registry.npmjs.org/buffer-equal-constant-time 33ms (cache revalidated)
1291 silly packumentCache full:https://registry.npmjs.org/buffer-equal-constant-time set size:4390 disposed:false
1292 silly placeDep node_modules/@bubblewrap/cli buffer-equal-constant-time@1.0.1 OK for: jwa@2.0.1 want: ^1.0.1
1293 silly placeDep node_modules/@bubblewrap/cli buffer-equal@0.0.1 OK for: load-bmfont@1.4.2 want: 0.0.1
1294 silly placeDep node_modules/@bubblewrap/cli mime@1.6.0 OK for: load-bmfont@1.4.2 want: ^1.3.4
1295 silly placeDep node_modules/@bubblewrap/cli parse-bmfont-ascii@1.0.6 OK for: load-bmfont@1.4.2 want: ^1.0.3
1296 silly placeDep node_modules/@bubblewrap/cli parse-bmfont-binary@1.0.6 OK for: load-bmfont@1.4.2 want: ^1.0.5
1297 silly placeDep node_modules/@bubblewrap/cli parse-bmfont-xml@1.1.6 OK for: load-bmfont@1.4.2 want: ^1.1.4
1298 silly placeDep node_modules/@bubblewrap/cli phin@3.7.1 OK for: load-bmfont@1.4.2 want: ^3.7.1
1299 silly placeDep node_modules/@bubblewrap/cli xhr@2.6.0 OK for: load-bmfont@1.4.2 want: ^2.0.1
1300 silly placeDep node_modules/@bubblewrap/cli xtend@4.0.2 OK for: load-bmfont@1.4.2 want: ^4.0.0
1301 silly fetch manifest xml-parse-from-string@^1.0.0
1302 silly packumentCache full:https://registry.npmjs.org/xml-parse-from-string cache-miss
1303 http fetch GET 200 https://registry.npmjs.org/xml-parse-from-string 43ms (cache miss)
1304 silly packumentCache full:https://registry.npmjs.org/xml-parse-from-string set size:undefined disposed:false
1305 silly fetch manifest xml2js@^0.5.0
1306 silly packumentCache full:https://registry.npmjs.org/xml2js cache-miss
1307 http fetch GET 200 https://registry.npmjs.org/xml2js 56ms (cache miss)
1308 silly packumentCache full:https://registry.npmjs.org/xml2js set size:undefined disposed:false
1309 silly fetch manifest centra@^2.7.0
1310 silly packumentCache full:https://registry.npmjs.org/centra cache-miss
1311 http fetch GET 200 https://registry.npmjs.org/centra 41ms (cache miss)
1312 silly packumentCache full:https://registry.npmjs.org/centra set size:undefined disposed:false
1313 silly fetch manifest global@~4.4.0
1314 silly packumentCache full:https://registry.npmjs.org/global cache-miss
1315 http fetch GET 200 https://registry.npmjs.org/global 44ms (cache miss)
1316 silly packumentCache full:https://registry.npmjs.org/global set size:undefined disposed:false
1317 silly fetch manifest is-function@^1.0.1
1318 silly packumentCache full:https://registry.npmjs.org/is-function cache-miss
1319 http fetch GET 200 https://registry.npmjs.org/is-function 36ms (cache miss)
1320 silly packumentCache full:https://registry.npmjs.org/is-function set size:undefined disposed:false
1321 silly fetch manifest parse-headers@^2.0.0
1322 silly packumentCache full:https://registry.npmjs.org/parse-headers cache-miss
1323 http fetch GET 200 https://registry.npmjs.org/parse-headers 39ms (cache miss)
1324 silly packumentCache full:https://registry.npmjs.org/parse-headers set size:undefined disposed:false
1325 silly placeDep node_modules/@bubblewrap/cli yallist@4.0.0 OK for: lru-cache@6.0.0 want: ^4.0.0
1326 silly placeDep node_modules/@bubblewrap/cli mime-db@1.52.0 OK for: mime-types@2.1.35 want: 1.52.0
1327 silly placeDep node_modules/@bubblewrap/cli whatwg-url@5.0.0 OK for: node-fetch@2.7.0 want: ^5.0.0
1328 silly fetch manifest tr46@~0.0.3
1329 silly packumentCache full:https://registry.npmjs.org/tr46 cache-miss
1330 http fetch GET 200 https://registry.npmjs.org/tr46 41ms (cache revalidated)
1331 silly packumentCache full:https://registry.npmjs.org/tr46 set size:47377 disposed:false
1332 silly fetch manifest webidl-conversions@^3.0.0
1333 silly packumentCache full:https://registry.npmjs.org/webidl-conversions cache-miss
1334 http fetch GET 200 https://registry.npmjs.org/webidl-conversions 39ms (cache revalidated)
1335 silly packumentCache full:https://registry.npmjs.org/webidl-conversions set size:46073 disposed:false
1336 silly placeDep node_modules/@bubblewrap/cli bl@4.1.0 OK for: ora@5.4.1 want: ^4.1.0
1337 silly placeDep node_modules/@bubblewrap/cli cli-spinners@2.9.2 OK for: ora@5.4.1 want: ^2.5.0
1338 silly placeDep node_modules/@bubblewrap/cli is-interactive@1.0.0 OK for: ora@5.4.1 want: ^1.0.0
1339 silly placeDep node_modules/@bubblewrap/cli is-unicode-supported@0.1.0 OK for: ora@5.4.1 want: ^0.1.0
1340 silly placeDep node_modules/@bubblewrap/cli log-symbols@4.1.0 OK for: ora@5.4.1 want: ^4.1.0
1341 silly placeDep node_modules/@bubblewrap/cli wcwidth@1.0.1 OK for: ora@5.4.1 want: ^1.0.1
1342 silly fetch manifest readable-stream@^3.4.0
1343 silly packumentCache full:https://registry.npmjs.org/readable-stream cache-hit
1344 silly fetch manifest defaults@^1.0.3
1345 silly packumentCache full:https://registry.npmjs.org/defaults cache-miss
1346 http fetch GET 200 https://registry.npmjs.org/defaults 78ms (cache revalidated)
1347 silly packumentCache full:https://registry.npmjs.org/defaults set size:18134 disposed:false
1348 silly placeDep node_modules/@bubblewrap/cli/node_modules/bl readable-stream@3.6.2 OK for: bl@4.1.0 want: ^3.4.0
1349 silly fetch manifest string_decoder@^1.1.1
1350 silly packumentCache full:https://registry.npmjs.org/string_decoder cache-hit
1351 silly fetch manifest util-deprecate@^1.0.1
1352 silly packumentCache full:https://registry.npmjs.org/util-deprecate cache-hit
1353 silly placeDep node_modules/@bubblewrap/cli xml-parse-from-string@1.0.1 OK for: parse-bmfont-xml@1.1.6 want: ^1.0.0
1354 silly placeDep node_modules/@bubblewrap/cli xml2js@0.5.0 OK for: parse-bmfont-xml@1.1.6 want: ^0.5.0
1355 silly fetch manifest sax@>=0.6.0
1356 silly packumentCache full:https://registry.npmjs.org/sax cache-miss
1357 http fetch GET 200 https://registry.npmjs.org/sax 37ms (cache miss)
1358 silly packumentCache full:https://registry.npmjs.org/sax set size:undefined disposed:false
1359 silly fetch manifest xmlbuilder@~11.0.0
1360 silly packumentCache full:https://registry.npmjs.org/xmlbuilder cache-miss
1361 http fetch GET 200 https://registry.npmjs.org/xmlbuilder 46ms (cache miss)
1362 silly packumentCache full:https://registry.npmjs.org/xmlbuilder set size:undefined disposed:false
1363 silly placeDep node_modules/@bubblewrap/cli centra@2.7.0 OK for: phin@3.7.1 want: ^2.7.0
1364 silly fetch manifest follow-redirects@^1.15.6
1365 silly packumentCache full:https://registry.npmjs.org/follow-redirects cache-miss
1366 http fetch GET 200 https://registry.npmjs.org/follow-redirects 42ms (cache miss)
1367 silly packumentCache full:https://registry.npmjs.org/follow-redirects set size:undefined disposed:false
1368 silly placeDep node_modules/@bubblewrap/cli follow-redirects@1.16.0 OK for: centra@2.7.0 want: ^1.15.6
1369 silly placeDep node_modules/@bubblewrap/cli/node_modules/pixelmatch pngjs@3.4.0 OK for: pixelmatch@4.0.2 want: ^3.0.0
1370 silly placeDep node_modules/@bubblewrap/cli side-channel@1.1.1 OK for: qs@6.16.0 want: ^1.1.1
1371 silly fetch manifest object-inspect@^1.13.4
1372 silly packumentCache full:https://registry.npmjs.org/object-inspect cache-miss
1373 http fetch GET 200 https://registry.npmjs.org/object-inspect 32ms (cache revalidated)
1374 silly packumentCache full:https://registry.npmjs.org/object-inspect set size:101927 disposed:false
1375 silly fetch manifest side-channel-list@^1.0.1
1376 silly packumentCache full:https://registry.npmjs.org/side-channel-list cache-miss
1377 http fetch GET 200 https://registry.npmjs.org/side-channel-list 35ms (cache revalidated)
1378 silly packumentCache full:https://registry.npmjs.org/side-channel-list set size:9021 disposed:false
1379 silly fetch manifest side-channel-map@^1.0.1
1380 silly packumentCache full:https://registry.npmjs.org/side-channel-map cache-miss
1381 http fetch GET 200 https://registry.npmjs.org/side-channel-map 32ms (cache revalidated)
1382 silly packumentCache full:https://registry.npmjs.org/side-channel-map set size:9126 disposed:false
1383 silly fetch manifest side-channel-weakmap@^1.0.2
1384 silly packumentCache full:https://registry.npmjs.org/side-channel-weakmap cache-miss
1385 http fetch GET 200 https://registry.npmjs.org/side-channel-weakmap 29ms (cache revalidated)
1386 silly packumentCache full:https://registry.npmjs.org/side-channel-weakmap set size:12620 disposed:false
1387 silly placeDep node_modules/@bubblewrap/cli performance-now@2.1.0 OK for: raf@3.4.1 want: ^2.1.0
1388 silly placeDep node_modules/@bubblewrap/cli core-util-is@1.0.3 OK for: readable-stream@2.3.8 want: ~1.0.0
1389 silly placeDep node_modules/@bubblewrap/cli isarray@1.0.0 OK for: readable-stream@2.3.8 want: ~1.0.0
1390 silly placeDep node_modules/@bubblewrap/cli process-nextick-args@2.0.1 OK for: readable-stream@2.3.8 want: ~2.0.0
1391 silly placeDep node_modules/@bubblewrap/cli/node_modules/readable-stream safe-buffer@5.1.2 OK for: readable-stream@2.3.8 want: ~5.1.1
1392 silly placeDep node_modules/@bubblewrap/cli string_decoder@1.1.1 OK for: readable-stream@2.3.8 want: ~1.1.1
1393 silly placeDep node_modules/@bubblewrap/cli util-deprecate@1.0.2 OK for: readable-stream@2.3.8 want: ~1.0.1
1394 silly fetch manifest safe-buffer@~5.1.0
1395 silly packumentCache full:https://registry.npmjs.org/safe-buffer cache-hit
1396 silly placeDep node_modules/@bubblewrap/cli/node_modules/readable-web-to-node-stream readable-stream@4.7.0 OK for: readable-web-to-node-stream@3.0.4 want: ^4.7.0
1397 silly fetch manifest buffer@^6.0.3
1398 silly packumentCache full:https://registry.npmjs.org/buffer cache-hit
1399 silly fetch manifest events@^3.3.0
1400 silly packumentCache full:https://registry.npmjs.org/events cache-miss
1401 http fetch GET 200 https://registry.npmjs.org/events 33ms (cache revalidated)
1402 silly packumentCache full:https://registry.npmjs.org/events set size:35240 disposed:false
1403 silly fetch manifest process@^0.11.10
1404 silly packumentCache full:https://registry.npmjs.org/process cache-miss
1405 http fetch GET 200 https://registry.npmjs.org/process 28ms (cache revalidated)
1406 silly packumentCache full:https://registry.npmjs.org/process set size:31260 disposed:false
1407 silly fetch manifest string_decoder@^1.3.0
1408 silly packumentCache full:https://registry.npmjs.org/string_decoder cache-hit
1409 silly placeDep node_modules/@bubblewrap/cli onetime@5.1.2 OK for: restore-cursor@3.1.0 want: ^5.1.0
1410 silly placeDep node_modules/@bubblewrap/cli signal-exit@3.0.7 OK for: restore-cursor@3.1.0 want: ^3.0.2
1411 silly fetch manifest mimic-fn@^2.1.0
1412 silly packumentCache full:https://registry.npmjs.org/mimic-fn cache-miss
1413 http fetch GET 200 https://registry.npmjs.org/mimic-fn 35ms (cache revalidated)
1414 silly packumentCache full:https://registry.npmjs.org/mimic-fn set size:22257 disposed:false
1415 silly placeDep node_modules/@bubblewrap/cli mimic-fn@2.1.0 OK for: onetime@5.1.2 want: ^2.1.0
1416 silly placeDep node_modules/@bubblewrap/cli tslib@2.8.1 OK for: rxjs@7.8.2 want: ^2.1.0
1417 silly placeDep node_modules/@bubblewrap/cli object-inspect@1.13.4 OK for: side-channel@1.1.1 want: ^1.13.4
1418 silly placeDep node_modules/@bubblewrap/cli side-channel-list@1.0.1 OK for: side-channel@1.1.1 want: ^1.0.1
1419 silly placeDep node_modules/@bubblewrap/cli side-channel-map@1.0.1 OK for: side-channel@1.1.1 want: ^1.0.1
1420 silly placeDep node_modules/@bubblewrap/cli side-channel-weakmap@1.0.2 OK for: side-channel@1.1.1 want: ^1.0.2
1421 silly fetch manifest call-bound@^1.0.2
1422 silly packumentCache full:https://registry.npmjs.org/call-bound cache-miss
1423 http fetch GET 200 https://registry.npmjs.org/call-bound 26ms (cache revalidated)
1424 silly packumentCache full:https://registry.npmjs.org/call-bound set size:15317 disposed:false
1425 silly placeDep node_modules/@bubblewrap/cli call-bound@1.0.4 OK for: side-channel-map@1.0.1 want: ^1.0.2
1426 silly placeDep node_modules/@bubblewrap/cli is-arrayish@0.3.4 OK for: simple-swizzle@0.2.4 want: ^0.3.1
1427 silly placeDep node_modules/@bubblewrap/cli/node_modules/string_decoder safe-buffer@5.1.2 OK for: string_decoder@1.1.1 want: ~5.1.0
1428 silly placeDep node_modules/@bubblewrap/cli emoji-regex@8.0.0 OK for: string-width@4.2.3 want: ^8.0.0
1429 silly placeDep node_modules/@bubblewrap/cli is-fullwidth-code-point@3.0.0 OK for: string-width@4.2.3 want: ^3.0.0
1430 silly placeDep node_modules/@bubblewrap/cli ansi-regex@5.0.1 OK for: strip-ansi@6.0.1 want: ^5.0.1
1431 silly placeDep node_modules/@bubblewrap/cli @tokenizer/token@0.3.0 OK for: strtok3@6.3.0 want: ^0.3.0
1432 silly placeDep node_modules/@bubblewrap/cli peek-readable@4.1.0 OK for: strtok3@6.3.0 want: ^4.1.0
1433 silly placeDep node_modules/@bubblewrap/cli has-flag@4.0.0 OK for: supports-color@7.2.0 want: ^4.0.0
1434 silly placeDep node_modules/@bubblewrap/cli @isaacs/fs-minipass@4.0.1 OK for: tar@7.5.22 want: ^4.0.0
1435 silly placeDep node_modules/@bubblewrap/cli chownr@3.0.0 OK for: tar@7.5.22 want: ^3.0.0
1436 silly placeDep node_modules/@bubblewrap/cli minipass@7.1.3 OK for: tar@7.5.22 want: ^7.1.2
1437 silly placeDep node_modules/@bubblewrap/cli minizlib@3.1.0 OK for: tar@7.5.22 want: ^3.1.0
1438 silly placeDep node_modules/@bubblewrap/cli/node_modules/tar yallist@5.0.0 OK for: tar@7.5.22 want: ^5.0.0
1439 silly fetch manifest minipass@^7.0.4
1440 silly packumentCache full:https://registry.npmjs.org/minipass cache-hit
1441 silly placeDep node_modules/@bubblewrap/cli/node_modules/through2 readable-stream@3.6.2 OK for: through2@4.0.2 want: 3
1442 silly placeDep node_modules/@bubblewrap/cli psl@1.15.0 OK for: tough-cookie@4.1.4 want: ^1.1.33
1443 silly placeDep node_modules/@bubblewrap/cli punycode@2.3.1 OK for: tough-cookie@4.1.4 want: ^2.1.1
1444 silly placeDep node_modules/@bubblewrap/cli universalify@0.2.0 OK for: tough-cookie@4.1.4 want: ^0.2.0
1445 silly placeDep node_modules/@bubblewrap/cli url-parse@1.5.10 OK for: tough-cookie@4.1.4 want: ^1.5.3
1446 silly fetch manifest punycode@^2.3.1
1447 silly packumentCache full:https://registry.npmjs.org/punycode cache-miss
1448 http cache https://registry.npmjs.org/punycode 4ms (cache hit)
1449 silly packumentCache full:https://registry.npmjs.org/punycode set size:61278 disposed:false
1450 silly fetch manifest querystringify@^2.1.1
1451 silly packumentCache full:https://registry.npmjs.org/querystringify cache-miss
1452 http fetch GET 200 https://registry.npmjs.org/querystringify 29ms (cache miss)
1453 silly packumentCache full:https://registry.npmjs.org/querystringify set size:undefined disposed:false
1454 silly fetch manifest requires-port@^1.0.0
1455 silly packumentCache full:https://registry.npmjs.org/requires-port cache-miss
1456 http fetch GET 200 https://registry.npmjs.org/requires-port 31ms (cache miss)
1457 silly packumentCache full:https://registry.npmjs.org/requires-port set size:undefined disposed:false
1458 silly placeDep node_modules/@bubblewrap/cli querystringify@2.2.0 OK for: url-parse@1.5.10 want: ^2.1.1
1459 silly placeDep node_modules/@bubblewrap/cli requires-port@1.0.0 OK for: url-parse@1.5.10 want: ^1.0.0
1460 silly placeDep node_modules/@bubblewrap/cli pako@1.0.11 OK for: utif2@4.1.0 want: ^1.0.11
1461 silly placeDep node_modules/@bubblewrap/cli defaults@1.0.4 OK for: wcwidth@1.0.1 want: ^1.0.3
1462 silly fetch manifest clone@^1.0.2
1463 silly packumentCache full:https://registry.npmjs.org/clone cache-miss
1464 http fetch GET 200 https://registry.npmjs.org/clone 36ms (cache revalidated)
1465 silly packumentCache full:https://registry.npmjs.org/clone set size:82973 disposed:false
1466 silly placeDep node_modules/@bubblewrap/cli clone@1.0.4 OK for: defaults@1.0.4 want: ^1.0.2
1467 silly placeDep node_modules/@bubblewrap/cli tr46@0.0.3 OK for: whatwg-url@5.0.0 want: ~0.0.3
1468 silly placeDep node_modules/@bubblewrap/cli webidl-conversions@3.0.1 OK for: whatwg-url@5.0.0 want: ^3.0.0
1469 silly placeDep node_modules/@bubblewrap/cli global@4.4.0 OK for: xhr@2.6.0 want: ~4.4.0
1470 silly placeDep node_modules/@bubblewrap/cli is-function@1.0.2 OK for: xhr@2.6.0 want: ^1.0.1
1471 silly placeDep node_modules/@bubblewrap/cli parse-headers@2.0.6 OK for: xhr@2.6.0 want: ^2.0.0
1472 silly fetch manifest min-document@^2.19.0
1473 silly packumentCache full:https://registry.npmjs.org/min-document cache-miss
1474 http fetch GET 200 https://registry.npmjs.org/min-document 31ms (cache miss)
1475 silly packumentCache full:https://registry.npmjs.org/min-document set size:undefined disposed:false
1476 silly placeDep node_modules/@bubblewrap/cli min-document@2.19.2 OK for: global@4.4.0 want: ^2.19.0
1477 silly placeDep node_modules/@bubblewrap/cli process@0.11.10 OK for: global@4.4.0 want: ^0.11.10
1478 silly fetch manifest dom-walk@^0.1.0
1479 silly packumentCache full:https://registry.npmjs.org/dom-walk cache-miss
1480 http fetch GET 200 https://registry.npmjs.org/dom-walk 35ms (cache miss)
1481 silly packumentCache full:https://registry.npmjs.org/dom-walk set size:undefined disposed:false
1482 silly placeDep node_modules/@bubblewrap/cli dom-walk@0.1.2 OK for: min-document@2.19.2 want: ^0.1.0
1483 silly placeDep node_modules/@bubblewrap/cli sax@1.6.1 OK for: xml2js@0.5.0 want: >=0.6.0
1484 silly placeDep node_modules/@bubblewrap/cli xmlbuilder@11.0.1 OK for: xml2js@0.5.0 want: ~11.0.0
1485 silly placeDep node_modules/@bubblewrap/cli buffer-crc32@0.2.13 OK for: yauzl@2.10.0 want: ~0.2.3
1486 silly placeDep node_modules/@bubblewrap/cli fd-slicer@1.1.0 OK for: yauzl@2.10.0 want: ~1.1.0
1487 silly fetch manifest pend@~1.2.0
1488 silly packumentCache full:https://registry.npmjs.org/pend cache-miss
1489 http fetch GET 200 https://registry.npmjs.org/pend 32ms (cache miss)
1490 silly packumentCache full:https://registry.npmjs.org/pend set size:undefined disposed:false
1491 silly placeDep node_modules/@bubblewrap/cli pend@1.2.0 OK for: fd-slicer@1.1.0 want: ~1.2.0
1492 silly placeDep node_modules/@bubblewrap/cli @inquirer/figures@1.0.15 OK for: inquirer@9.3.8 want: ^1.0.3
1493 silly placeDep node_modules/@bubblewrap/cli/node_modules/@bubblewrap/core cli-width@4.1.0 OK for: inquirer@9.3.8 want: ^4.1.0
1494 silly placeDep node_modules/@bubblewrap/cli/node_modules/@bubblewrap/core mute-stream@1.0.0 OK for: inquirer@9.3.8 want: 1.0.0
1495 silly placeDep node_modules/@bubblewrap/cli/node_modules/@bubblewrap/core run-async@3.0.0 OK for: inquirer@9.3.8 want: ^3.0.0
1496 silly placeDep node_modules/@bubblewrap/cli yoctocolors-cjs@2.1.3 OK for: inquirer@9.3.8 want: ^2.1.2
1497 silly placeDep node_modules/@bubblewrap/cli/node_modules/agent-base ms@2.1.3 OK for: debug@4.4.3 want: ^2.1.3
1498 silly placeDep node_modules/@bubblewrap/cli/node_modules/ansi-styles color-name@1.1.4 OK for: color-convert@2.0.1 want: ~1.1.4
1499 silly placeDep node_modules/@bubblewrap/cli/node_modules/https-proxy-agent ms@2.1.3 OK for: debug@4.4.3 want: ^2.1.3
1500 silly placeDep node_modules/@bubblewrap/cli/node_modules/readable-web-to-node-stream buffer@6.0.3 OK for: readable-stream@4.7.0 want: ^6.0.3
1501 silly placeDep node_modules/@bubblewrap/cli events@3.3.0 OK for: readable-stream@4.7.0 want: ^3.3.0
1502 silly placeDep node_modules/@bubblewrap/cli/node_modules/readable-web-to-node-stream string_decoder@1.3.0 OK for: readable-stream@4.7.0 want: ^1.3.0
1503 silly reify moves {}
1504 http cache @bubblewrap/cli@https://registry.npmjs.org/@bubblewrap/cli/-/cli-1.25.0.tgz 0ms (cache hit)
1505 http cache events@https://registry.npmjs.org/events/-/events-3.3.0.tgz 0ms (cache hit)
1506 http cache yoctocolors-cjs@https://registry.npmjs.org/yoctocolors-cjs/-/yoctocolors-cjs-2.1.3.tgz 0ms (cache hit)
1507 http cache pend@https://registry.npmjs.org/pend/-/pend-1.2.0.tgz 0ms (cache hit)
1508 http cache @inquirer/figures@https://registry.npmjs.org/@inquirer/figures/-/figures-1.0.15.tgz 0ms (cache hit)
1509 http cache fd-slicer@https://registry.npmjs.org/fd-slicer/-/fd-slicer-1.1.0.tgz 0ms (cache hit)
1510 http cache buffer-crc32@https://registry.npmjs.org/buffer-crc32/-/buffer-crc32-0.2.13.tgz 0ms (cache hit)
1511 http cache xmlbuilder@https://registry.npmjs.org/xmlbuilder/-/xmlbuilder-11.0.1.tgz 1ms (cache hit)
1512 http cache sax@https://registry.npmjs.org/sax/-/sax-1.6.1.tgz 0ms (cache hit)
1513 http cache dom-walk@https://registry.npmjs.org/dom-walk/-/dom-walk-0.1.2.tgz 0ms (cache hit)
1514 http cache process@https://registry.npmjs.org/process/-/process-0.11.10.tgz 0ms (cache hit)
1515 http cache min-document@https://registry.npmjs.org/min-document/-/min-document-2.19.2.tgz 0ms (cache hit)
1516 http cache parse-headers@https://registry.npmjs.org/parse-headers/-/parse-headers-2.0.6.tgz 0ms (cache hit)
1517 http cache is-function@https://registry.npmjs.org/is-function/-/is-function-1.0.2.tgz 0ms (cache hit)
1518 http cache global@https://registry.npmjs.org/global/-/global-4.4.0.tgz 0ms (cache hit)
1519 http cache webidl-conversions@https://registry.npmjs.org/webidl-conversions/-/webidl-conversions-3.0.1.tgz 0ms (cache hit)
1520 http cache tr46@https://registry.npmjs.org/tr46/-/tr46-0.0.3.tgz 0ms (cache hit)
1521 http cache clone@https://registry.npmjs.org/clone/-/clone-1.0.4.tgz 0ms (cache hit)
1522 http cache defaults@https://registry.npmjs.org/defaults/-/defaults-1.0.4.tgz 0ms (cache hit)
1523 http cache pako@https://registry.npmjs.org/pako/-/pako-1.0.11.tgz 0ms (cache hit)
1524 http cache requires-port@https://registry.npmjs.org/requires-port/-/requires-port-1.0.0.tgz 0ms (cache hit)
1525 http cache querystringify@https://registry.npmjs.org/querystringify/-/querystringify-2.2.0.tgz 0ms (cache hit)
1526 http cache url-parse@https://registry.npmjs.org/url-parse/-/url-parse-1.5.10.tgz 0ms (cache hit)
1527 http cache universalify@https://registry.npmjs.org/universalify/-/universalify-0.2.0.tgz 0ms (cache hit)
1528 http cache punycode@https://registry.npmjs.org/punycode/-/punycode-2.3.1.tgz 0ms (cache hit)
1529 http cache psl@https://registry.npmjs.org/psl/-/psl-1.15.0.tgz 0ms (cache hit)
1530 http cache minizlib@https://registry.npmjs.org/minizlib/-/minizlib-3.1.0.tgz 0ms (cache hit)
1531 http cache chownr@https://registry.npmjs.org/chownr/-/chownr-3.0.0.tgz 0ms (cache hit)
1532 http cache @isaacs/fs-minipass@https://registry.npmjs.org/@isaacs/fs-minipass/-/fs-minipass-4.0.1.tgz 0ms (cache hit)
1533 http cache minipass@https://registry.npmjs.org/minipass/-/minipass-7.1.3.tgz 0ms (cache hit)
1534 http cache has-flag@https://registry.npmjs.org/has-flag/-/has-flag-4.0.0.tgz 0ms (cache hit)
1535 http cache peek-readable@https://registry.npmjs.org/peek-readable/-/peek-readable-4.1.0.tgz 0ms (cache hit)
1536 http cache @tokenizer/token@https://registry.npmjs.org/@tokenizer/token/-/token-0.3.0.tgz 0ms (cache hit)
1537 http cache ansi-regex@https://registry.npmjs.org/ansi-regex/-/ansi-regex-5.0.1.tgz 0ms (cache hit)
1538 http cache is-fullwidth-code-point@https://registry.npmjs.org/is-fullwidth-code-point/-/is-fullwidth-code-point-3.0.0.tgz 0ms (cache hit)
1539 http cache emoji-regex@https://registry.npmjs.org/emoji-regex/-/emoji-regex-8.0.0.tgz 0ms (cache hit)
1540 http cache is-arrayish@https://registry.npmjs.org/is-arrayish/-/is-arrayish-0.3.4.tgz 0ms (cache hit)
1541 http cache call-bound@https://registry.npmjs.org/call-bound/-/call-bound-1.0.4.tgz 0ms (cache hit)
1542 http cache side-channel-weakmap@https://registry.npmjs.org/side-channel-weakmap/-/side-channel-weakmap-1.0.2.tgz 0ms (cache hit)
1543 http cache object-inspect@https://registry.npmjs.org/object-inspect/-/object-inspect-1.13.4.tgz 0ms (cache hit)
1544 http cache side-channel-list@https://registry.npmjs.org/side-channel-list/-/side-channel-list-1.0.1.tgz 0ms (cache hit)
1545 http cache side-channel-map@https://registry.npmjs.org/side-channel-map/-/side-channel-map-1.0.1.tgz 0ms (cache hit)
1546 http cache tslib@https://registry.npmjs.org/tslib/-/tslib-2.8.1.tgz 0ms (cache hit)
1547 http cache mimic-fn@https://registry.npmjs.org/mimic-fn/-/mimic-fn-2.1.0.tgz 0ms (cache hit)
1548 http cache signal-exit@https://registry.npmjs.org/signal-exit/-/signal-exit-3.0.7.tgz 0ms (cache hit)
1549 http cache onetime@https://registry.npmjs.org/onetime/-/onetime-5.1.2.tgz 0ms (cache hit)
1550 http cache util-deprecate@https://registry.npmjs.org/util-deprecate/-/util-deprecate-1.0.2.tgz 0ms (cache hit)
1551 http cache string_decoder@https://registry.npmjs.org/string_decoder/-/string_decoder-1.1.1.tgz 0ms (cache hit)
1552 http cache safe-buffer@https://registry.npmjs.org/safe-buffer/-/safe-buffer-5.1.2.tgz 0ms (cache hit)
1553 http cache process-nextick-args@https://registry.npmjs.org/process-nextick-args/-/process-nextick-args-2.0.1.tgz 0ms (cache hit)
1554 http cache isarray@https://registry.npmjs.org/isarray/-/isarray-1.0.0.tgz 0ms (cache hit)
1555 http cache core-util-is@https://registry.npmjs.org/core-util-is/-/core-util-is-1.0.3.tgz 0ms (cache hit)
1556 http cache performance-now@https://registry.npmjs.org/performance-now/-/performance-now-2.1.0.tgz 0ms (cache hit)
1557 http cache side-channel@https://registry.npmjs.org/side-channel/-/side-channel-1.1.1.tgz 0ms (cache hit)
1558 http cache follow-redirects@https://registry.npmjs.org/follow-redirects/-/follow-redirects-1.16.0.tgz 0ms (cache hit)
1559 http cache xml-parse-from-string@https://registry.npmjs.org/xml-parse-from-string/-/xml-parse-from-string-1.0.1.tgz 0ms (cache hit)
1560 http cache xml2js@https://registry.npmjs.org/xml2js/-/xml2js-0.5.0.tgz 0ms (cache hit)
1561 http cache centra@https://registry.npmjs.org/centra/-/centra-2.7.0.tgz 0ms (cache hit)
1562 http cache wcwidth@https://registry.npmjs.org/wcwidth/-/wcwidth-1.0.1.tgz 0ms (cache hit)
1563 http cache log-symbols@https://registry.npmjs.org/log-symbols/-/log-symbols-4.1.0.tgz 0ms (cache hit)
1564 http cache cli-spinners@https://registry.npmjs.org/cli-spinners/-/cli-spinners-2.9.2.tgz 0ms (cache hit)
1565 http cache is-interactive@https://registry.npmjs.org/is-interactive/-/is-interactive-1.0.0.tgz 0ms (cache hit)
1566 http cache is-unicode-supported@https://registry.npmjs.org/is-unicode-supported/-/is-unicode-supported-0.1.0.tgz 0ms (cache hit)
1567 http cache bl@https://registry.npmjs.org/bl/-/bl-4.1.0.tgz 0ms (cache hit)
1568 http cache readable-stream@https://registry.npmjs.org/readable-stream/-/readable-stream-3.6.2.tgz 0ms (cache hit)
1569 http cache whatwg-url@https://registry.npmjs.org/whatwg-url/-/whatwg-url-5.0.0.tgz 0ms (cache hit)
1570 http cache mime-db@https://registry.npmjs.org/mime-db/-/mime-db-1.52.0.tgz 0ms (cache hit)
1571 http cache yallist@https://registry.npmjs.org/yallist/-/yallist-4.0.0.tgz 0ms (cache hit)
1572 http cache xtend@https://registry.npmjs.org/xtend/-/xtend-4.0.2.tgz 0ms (cache hit)
1573 http cache xhr@https://registry.npmjs.org/xhr/-/xhr-2.6.0.tgz 0ms (cache hit)
1574 http cache parse-bmfont-xml@https://registry.npmjs.org/parse-bmfont-xml/-/parse-bmfont-xml-1.1.6.tgz 0ms (cache hit)
1575 http cache parse-bmfont-binary@https://registry.npmjs.org/parse-bmfont-binary/-/parse-bmfont-binary-1.0.6.tgz 0ms (cache hit)
1576 http cache phin@https://registry.npmjs.org/phin/-/phin-3.7.1.tgz 0ms (cache hit)
1577 http cache parse-bmfont-ascii@https://registry.npmjs.org/parse-bmfont-ascii/-/parse-bmfont-ascii-1.0.6.tgz 0ms (cache hit)
1578 http cache mime@https://registry.npmjs.org/mime/-/mime-1.6.0.tgz 0ms (cache hit)
1579 http cache buffer-equal@https://registry.npmjs.org/buffer-equal/-/buffer-equal-0.0.1.tgz 0ms (cache hit)
1580 http cache jwa@https://registry.npmjs.org/jwa/-/jwa-2.0.1.tgz 0ms (cache hit)
1581 http cache bignumber.js@https://registry.npmjs.org/bignumber.js/-/bignumber.js-9.3.1.tgz 0ms (cache hit)
1582 http cache buffer-equal-constant-time@https://registry.npmjs.org/buffer-equal-constant-time/-/buffer-equal-constant-time-1.0.1.tgz 0ms (cache hit)
1583 http cache whatwg-fetch@https://registry.npmjs.org/whatwg-fetch/-/whatwg-fetch-3.6.20.tgz 0ms (cache hit)
1584 http cache image-q@https://registry.npmjs.org/image-q/-/image-q-4.0.0.tgz 0ms (cache hit)
1585 http cache @types/node@https://registry.npmjs.org/@types/node/-/node-16.9.1.tgz 0ms (cache hit)
1586 http cache token-types@https://registry.npmjs.org/token-types/-/token-types-4.2.1.tgz 0ms (cache hit)
1587 http cache strtok3@https://registry.npmjs.org/strtok3/-/strtok3-6.3.0.tgz 0ms (cache hit)
1588 http cache readable-web-to-node-stream@https://registry.npmjs.org/readable-web-to-node-stream/-/readable-web-to-node-stream-3.0.4.tgz 0ms (cache hit)
1589 http cache string_decoder@https://registry.npmjs.org/string_decoder/-/string_decoder-1.3.0.tgz 0ms (cache hit)
1590 http cache buffer@https://registry.npmjs.org/buffer/-/buffer-6.0.3.tgz 0ms (cache hit)
1591 http cache readable-stream@https://registry.npmjs.org/readable-stream/-/readable-stream-4.7.0.tgz 0ms (cache hit)
1592 http cache ieee754@https://registry.npmjs.org/ieee754/-/ieee754-1.2.1.tgz 0ms (cache hit)
1593 http cache utif2@https://registry.npmjs.org/utif2/-/utif2-4.1.0.tgz 0ms (cache hit)
1594 http cache pngjs@https://registry.npmjs.org/pngjs/-/pngjs-6.0.0.tgz 0ms (cache hit)
1595 http cache jpeg-js@https://registry.npmjs.org/jpeg-js/-/jpeg-js-0.4.4.tgz 0ms (cache hit)
1596 http cache omggif@https://registry.npmjs.org/omggif/-/omggif-1.0.10.tgz 0ms (cache hit)
1597 http cache gifwrap@https://registry.npmjs.org/gifwrap/-/gifwrap-0.10.1.tgz 0ms (cache hit)
1598 http cache bmp-js@https://registry.npmjs.org/bmp-js/-/bmp-js-0.1.0.tgz 0ms (cache hit)
1599 http cache @jimp/tiff@https://registry.npmjs.org/@jimp/tiff/-/tiff-0.22.12.tgz 0ms (cache hit)
1600 http cache @jimp/png@https://registry.npmjs.org/@jimp/png/-/png-0.22.12.tgz 0ms (cache hit)
1601 http cache @jimp/jpeg@https://registry.npmjs.org/@jimp/jpeg/-/jpeg-0.22.12.tgz 0ms (cache hit)
1602 http cache @jimp/gif@https://registry.npmjs.org/@jimp/gif/-/gif-0.22.12.tgz 0ms (cache hit)
1603 http cache @jimp/bmp@https://registry.npmjs.org/@jimp/bmp/-/bmp-0.22.12.tgz 0ms (cache hit)
1604 http cache load-bmfont@https://registry.npmjs.org/load-bmfont/-/load-bmfont-1.4.2.tgz 0ms (cache hit)
1605 http cache timm@https://registry.npmjs.org/timm/-/timm-1.7.1.tgz 0ms (cache hit)
1606 http cache @jimp/plugin-threshold@https://registry.npmjs.org/@jimp/plugin-threshold/-/plugin-threshold-0.22.12.tgz 0ms (cache hit)
1607 http cache @jimp/plugin-print@https://registry.npmjs.org/@jimp/plugin-print/-/plugin-print-0.22.12.tgz 0ms (cache hit)
1608 http cache @jimp/plugin-normalize@https://registry.npmjs.org/@jimp/plugin-normalize/-/plugin-normalize-0.22.12.tgz 0ms (cache hit)
1609 http cache @jimp/plugin-mask@https://registry.npmjs.org/@jimp/plugin-mask/-/plugin-mask-0.22.12.tgz 0ms (cache hit)
1610 http cache @jimp/plugin-invert@https://registry.npmjs.org/@jimp/plugin-invert/-/plugin-invert-0.22.12.tgz 0ms (cache hit)
1611 http cache @jimp/plugin-gaussian@https://registry.npmjs.org/@jimp/plugin-gaussian/-/plugin-gaussian-0.22.12.tgz 0ms (cache hit)
1612 http cache @jimp/plugin-shadow@https://registry.npmjs.org/@jimp/plugin-shadow/-/plugin-shadow-0.22.12.tgz 0ms (cache hit)
1613 http cache @jimp/plugin-rotate@https://registry.npmjs.org/@jimp/plugin-rotate/-/plugin-rotate-0.22.12.tgz 0ms (cache hit)
1614 http cache @jimp/plugin-flip@https://registry.npmjs.org/@jimp/plugin-flip/-/plugin-flip-0.22.12.tgz 0ms (cache hit)
1615 http cache @jimp/plugin-fisheye@https://registry.npmjs.org/@jimp/plugin-fisheye/-/plugin-fisheye-0.22.12.tgz 0ms (cache hit)
1616 http cache @jimp/plugin-dither@https://registry.npmjs.org/@jimp/plugin-dither/-/plugin-dither-0.22.12.tgz 0ms (cache hit)
1617 http cache @jimp/plugin-displace@https://registry.npmjs.org/@jimp/plugin-displace/-/plugin-displace-0.22.12.tgz 0ms (cache hit)
1618 http cache @jimp/plugin-crop@https://registry.npmjs.org/@jimp/plugin-crop/-/plugin-crop-0.22.12.tgz 0ms (cache hit)
1619 http cache @jimp/plugin-cover@https://registry.npmjs.org/@jimp/plugin-cover/-/plugin-cover-0.22.12.tgz 0ms (cache hit)
1620 http cache @jimp/plugin-resize@https://registry.npmjs.org/@jimp/plugin-resize/-/plugin-resize-0.22.12.tgz 0ms (cache hit)
1621 http cache @jimp/plugin-scale@https://registry.npmjs.org/@jimp/plugin-scale/-/plugin-scale-0.22.12.tgz 0ms (cache hit)
1622 http cache @jimp/plugin-contain@https://registry.npmjs.org/@jimp/plugin-contain/-/plugin-contain-0.22.12.tgz 0ms (cache hit)
1623 http cache @jimp/plugin-color@https://registry.npmjs.org/@jimp/plugin-color/-/plugin-color-0.22.12.tgz 0ms (cache hit)
1624 http cache @jimp/plugin-circle@https://registry.npmjs.org/@jimp/plugin-circle/-/plugin-circle-0.22.12.tgz 0ms (cache hit)
1625 http cache @jimp/plugin-blur@https://registry.npmjs.org/@jimp/plugin-blur/-/plugin-blur-0.22.12.tgz 0ms (cache hit)
1626 http cache @jimp/plugin-blit@https://registry.npmjs.org/@jimp/plugin-blit/-/plugin-blit-0.22.12.tgz 0ms (cache hit)
1627 http cache tinycolor2@https://registry.npmjs.org/tinycolor2/-/tinycolor2-1.6.0.tgz 0ms (cache hit)
1628 http cache pixelmatch@https://registry.npmjs.org/pixelmatch/-/pixelmatch-4.0.2.tgz 0ms (cache hit)
1629 http cache pngjs@https://registry.npmjs.org/pngjs/-/pngjs-3.4.0.tgz 0ms (cache hit)
1630 http cache isomorphic-fetch@https://registry.npmjs.org/isomorphic-fetch/-/isomorphic-fetch-3.0.0.tgz 0ms (cache hit)
1631 http cache file-type@https://registry.npmjs.org/file-type/-/file-type-16.5.4.tgz 0ms (cache hit)
1632 http cache exif-parser@https://registry.npmjs.org/exif-parser/-/exif-parser-0.1.12.tgz 0ms (cache hit)
1633 http cache buffer@https://registry.npmjs.org/buffer/-/buffer-5.7.1.tgz 0ms (cache hit)
1634 http cache any-base@https://registry.npmjs.org/any-base/-/any-base-1.1.0.tgz 0ms (cache hit)
1635 http cache @jimp/utils@https://registry.npmjs.org/@jimp/utils/-/utils-0.22.12.tgz 0ms (cache hit)
1636 http cache @jimp/core@https://registry.npmjs.org/@jimp/core/-/core-0.22.12.tgz 0ms (cache hit)
1637 http cache regenerator-runtime@https://registry.npmjs.org/regenerator-runtime/-/regenerator-runtime-0.13.11.tgz 0ms (cache hit)
1638 http cache @jimp/types@https://registry.npmjs.org/@jimp/types/-/types-0.22.12.tgz 0ms (cache hit)
1639 http cache @jimp/plugins@https://registry.npmjs.org/@jimp/plugins/-/plugins-0.22.12.tgz 0ms (cache hit)
1640 http cache @jimp/custom@https://registry.npmjs.org/@jimp/custom/-/custom-0.22.12.tgz 0ms (cache hit)
1641 http cache safer-buffer@https://registry.npmjs.org/safer-buffer/-/safer-buffer-2.1.2.tgz 0ms (cache hit)
1642 http cache escape-string-regexp@https://registry.npmjs.org/escape-string-regexp/-/escape-string-regexp-1.0.5.tgz 0ms (cache hit)
1643 http cache restore-cursor@https://registry.npmjs.org/restore-cursor/-/restore-cursor-3.1.0.tgz 0ms (cache hit)
1644 http cache supports-color@https://registry.npmjs.org/supports-color/-/supports-color-7.2.0.tgz 0ms (cache hit)
1645 http cache ansi-styles@https://registry.npmjs.org/ansi-styles/-/ansi-styles-4.3.0.tgz 0ms (cache hit)
1646 http cache color-name@https://registry.npmjs.org/color-name/-/color-name-1.1.4.tgz 0ms (cache hit)
1647 http cache color-convert@https://registry.npmjs.org/color-convert/-/color-convert-2.0.1.tgz 0ms (cache hit)
1648 http cache type-fest@https://registry.npmjs.org/type-fest/-/type-fest-0.21.3.tgz 0ms (cache hit)
1649 http cache iconv-lite@https://registry.npmjs.org/iconv-lite/-/iconv-lite-0.7.3.tgz 0ms (cache hit)
1650 http cache chardet@https://registry.npmjs.org/chardet/-/chardet-2.2.0.tgz 0ms (cache hit)
1651 http cache wrap-ansi@https://registry.npmjs.org/wrap-ansi/-/wrap-ansi-6.2.0.tgz 0ms (cache hit)
1652 http cache through@https://registry.npmjs.org/through/-/through-2.3.8.tgz 0ms (cache hit)
1653 http cache strip-ansi@https://registry.npmjs.org/strip-ansi/-/strip-ansi-6.0.1.tgz 0ms (cache hit)
1654 http cache run-async@https://registry.npmjs.org/run-async/-/run-async-2.4.1.tgz 0ms (cache hit)
1655 http cache ora@https://registry.npmjs.org/ora/-/ora-5.4.1.tgz 0ms (cache hit)
1656 http cache mute-stream@https://registry.npmjs.org/mute-stream/-/mute-stream-0.0.8.tgz 0ms (cache hit)
1657 http cache figures@https://registry.npmjs.org/figures/-/figures-3.2.0.tgz 0ms (cache hit)
1658 http cache cli-width@https://registry.npmjs.org/cli-width/-/cli-width-3.0.0.tgz 0ms (cache hit)
1659 http cache cli-cursor@https://registry.npmjs.org/cli-cursor/-/cli-cursor-3.1.0.tgz 0ms (cache hit)
1660 http cache chalk@https://registry.npmjs.org/chalk/-/chalk-4.1.2.tgz 0ms (cache hit)
1661 http cache ansi-escapes@https://registry.npmjs.org/ansi-escapes/-/ansi-escapes-4.3.2.tgz 0ms (cache hit)
1662 http cache @inquirer/external-editor@https://registry.npmjs.org/@inquirer/external-editor/-/external-editor-1.0.3.tgz 0ms (cache hit)
1663 http cache agent-base@https://registry.npmjs.org/agent-base/-/agent-base-6.0.2.tgz 0ms (cache hit)
1664 http cache ms@https://registry.npmjs.org/ms/-/ms-2.1.3.tgz 0ms (cache hit)
1665 http cache debug@https://registry.npmjs.org/debug/-/debug-4.4.3.tgz 0ms (cache hit)
1666 http cache node-forge@https://registry.npmjs.org/node-forge/-/node-forge-1.4.0.tgz 0ms (cache hit)
1667 http cache google-p12-pem@https://registry.npmjs.org/google-p12-pem/-/google-p12-pem-3.1.4.tgz 0ms (cache hit)
1668 http cache uuid@https://registry.npmjs.org/uuid/-/uuid-8.3.2.tgz 0ms (cache hit)
1669 http cache url-template@https://registry.npmjs.org/url-template/-/url-template-2.0.8.tgz 0ms (cache hit)
1670 http cache qs@https://registry.npmjs.org/qs/-/qs-6.16.0.tgz 1ms (cache hit)
1671 http cache json-bigint@https://registry.npmjs.org/json-bigint/-/json-bigint-1.0.0.tgz 0ms (cache hit)
1672 http cache event-target-shim@https://registry.npmjs.org/event-target-shim/-/event-target-shim-5.0.1.tgz 0ms (cache hit)
1673 http cache is-stream@https://registry.npmjs.org/is-stream/-/is-stream-2.0.1.tgz 0ms (cache hit)
1674 http cache https-proxy-agent@https://registry.npmjs.org/https-proxy-agent/-/https-proxy-agent-5.0.1.tgz 0ms (cache hit)
1675 http cache ms@https://registry.npmjs.org/ms/-/ms-2.1.3.tgz 0ms (cache hit)
1676 http cache debug@https://registry.npmjs.org/debug/-/debug-4.4.3.tgz 0ms (cache hit)
1677 http cache extend@https://registry.npmjs.org/extend/-/extend-3.0.2.tgz 0ms (cache hit)
1678 http cache abort-controller@https://registry.npmjs.org/abort-controller/-/abort-controller-3.0.0.tgz 0ms (cache hit)
1679 http cache safe-buffer@https://registry.npmjs.org/safe-buffer/-/safe-buffer-5.2.1.tgz 0ms (cache hit)
1680 http cache lru-cache@https://registry.npmjs.org/lru-cache/-/lru-cache-6.0.0.tgz 0ms (cache hit)
1681 http cache jws@https://registry.npmjs.org/jws/-/jws-4.0.1.tgz 0ms (cache hit)
1682 http cache gtoken@https://registry.npmjs.org/gtoken/-/gtoken-5.3.2.tgz 0ms (cache hit)
1683 http cache gcp-metadata@https://registry.npmjs.org/gcp-metadata/-/gcp-metadata-4.3.1.tgz 0ms (cache hit)
1684 http cache gaxios@https://registry.npmjs.org/gaxios/-/gaxios-4.3.3.tgz 0ms (cache hit)
1685 http cache fast-text-encoding@https://registry.npmjs.org/fast-text-encoding/-/fast-text-encoding-1.0.6.tgz 0ms (cache hit)
1686 http cache ecdsa-sig-formatter@https://registry.npmjs.org/ecdsa-sig-formatter/-/ecdsa-sig-formatter-1.0.11.tgz 0ms (cache hit)
1687 http cache base64-js@https://registry.npmjs.org/base64-js/-/base64-js-1.5.1.tgz 0ms (cache hit)
1688 http cache arrify@https://registry.npmjs.org/arrify/-/arrify-2.0.1.tgz 0ms (cache hit)
1689 http cache googleapis-common@https://registry.npmjs.org/googleapis-common/-/googleapis-common-5.1.0.tgz 0ms (cache hit)
1690 http cache google-auth-library@https://registry.npmjs.org/google-auth-library/-/google-auth-library-7.14.1.tgz 0ms (cache hit)
1691 http cache dunder-proto@https://registry.npmjs.org/dunder-proto/-/dunder-proto-1.0.1.tgz 0ms (cache hit)
1692 http cache math-intrinsics@https://registry.npmjs.org/math-intrinsics/-/math-intrinsics-1.1.0.tgz 0ms (cache hit)
1693 http cache has-symbols@https://registry.npmjs.org/has-symbols/-/has-symbols-1.1.0.tgz 0ms (cache hit)
1694 http cache gopd@https://registry.npmjs.org/gopd/-/gopd-1.2.0.tgz 0ms (cache hit)
1695 http cache get-proto@https://registry.npmjs.org/get-proto/-/get-proto-1.0.1.tgz 0ms (cache hit)
1696 http cache function-bind@https://registry.npmjs.org/function-bind/-/function-bind-1.1.2.tgz 0ms (cache hit)
1697 http cache es-object-atoms@https://registry.npmjs.org/es-object-atoms/-/es-object-atoms-1.1.2.tgz 1ms (cache hit)
1698 http cache es-define-property@https://registry.npmjs.org/es-define-property/-/es-define-property-1.0.1.tgz 0ms (cache hit)
1699 http cache call-bind-apply-helpers@https://registry.npmjs.org/call-bind-apply-helpers/-/call-bind-apply-helpers-1.0.2.tgz 0ms (cache hit)
1700 http cache has-tostringtag@https://registry.npmjs.org/has-tostringtag/-/has-tostringtag-1.0.2.tgz 1ms (cache hit)
1701 http cache get-intrinsic@https://registry.npmjs.org/get-intrinsic/-/get-intrinsic-1.3.0.tgz 0ms (cache hit)
1702 http cache es-errors@https://registry.npmjs.org/es-errors/-/es-errors-1.3.0.tgz 0ms (cache hit)
1703 http cache delayed-stream@https://registry.npmjs.org/delayed-stream/-/delayed-stream-1.0.0.tgz 0ms (cache hit)
1704 http cache hasown@https://registry.npmjs.org/hasown/-/hasown-2.0.4.tgz 0ms (cache hit)
1705 http cache es-set-tostringtag@https://registry.npmjs.org/es-set-tostringtag/-/es-set-tostringtag-2.1.0.tgz 0ms (cache hit)
1706 http cache combined-stream@https://registry.npmjs.org/combined-stream/-/combined-stream-1.0.8.tgz 0ms (cache hit)
1707 http cache asynckit@https://registry.npmjs.org/asynckit/-/asynckit-0.4.0.tgz 0ms (cache hit)
1708 http cache throat@https://registry.npmjs.org/throat/-/throat-5.0.0.tgz 0ms (cache hit)
1709 http cache tough-cookie@https://registry.npmjs.org/tough-cookie/-/tough-cookie-4.1.4.tgz 0ms (cache hit)
1710 http cache to-arraybuffer@https://registry.npmjs.org/to-arraybuffer/-/to-arraybuffer-1.0.1.tgz 0ms (cache hit)
1711 http cache through2@https://registry.npmjs.org/through2/-/through2-4.0.2.tgz 0ms (cache hit)
1712 http cache readable-stream@https://registry.npmjs.org/readable-stream/-/readable-stream-3.6.2.tgz 0ms (cache hit)
1713 http cache get-stream@https://registry.npmjs.org/get-stream/-/get-stream-6.0.1.tgz 0ms (cache hit)
1714 http cache callguard@https://registry.npmjs.org/callguard/-/callguard-2.0.0.tgz 0ms (cache hit)
1715 http cache already@https://registry.npmjs.org/already/-/already-1.13.2.tgz 0ms (cache hit)
1716 http cache ms@https://registry.npmjs.org/ms/-/ms-2.0.0.tgz 0ms (cache hit)
1717 http cache typedarray@https://registry.npmjs.org/typedarray/-/typedarray-0.0.6.tgz 0ms (cache hit)
1718 http cache @types/tough-cookie@https://registry.npmjs.org/@types/tough-cookie/-/tough-cookie-4.0.5.tgz 0ms (cache hit)
1719 http cache readable-stream@https://registry.npmjs.org/readable-stream/-/readable-stream-2.3.8.tgz 0ms (cache hit)
1720 http cache safe-buffer@https://registry.npmjs.org/safe-buffer/-/safe-buffer-5.1.2.tgz 0ms (cache hit)
1721 http cache inherits@https://registry.npmjs.org/inherits/-/inherits-2.0.4.tgz 1ms (cache hit)
1722 http cache buffer-from@https://registry.npmjs.org/buffer-from/-/buffer-from-1.1.2.tgz 0ms (cache hit)
1723 http cache mkdirp@https://registry.npmjs.org/mkdirp/-/mkdirp-0.5.6.tgz 0ms (cache hit)
1724 http cache yauzl@https://registry.npmjs.org/yauzl/-/yauzl-2.10.0.tgz 1ms (cache hit)
1725 http cache debug@https://registry.npmjs.org/debug/-/debug-2.6.9.tgz 0ms (cache hit)
1726 http cache concat-stream@https://registry.npmjs.org/concat-stream/-/concat-stream-1.6.2.tgz 0ms (cache hit)
1727 http cache simple-swizzle@https://registry.npmjs.org/simple-swizzle/-/simple-swizzle-0.2.4.tgz 0ms (cache hit)
1728 http cache color-name@https://registry.npmjs.org/color-name/-/color-name-1.1.3.tgz 0ms (cache hit)
1729 http cache color-convert@https://registry.npmjs.org/color-convert/-/color-convert-1.9.3.tgz 0ms (cache hit)
1730 http cache color-string@https://registry.npmjs.org/color-string/-/color-string-1.9.1.tgz 0ms (cache hit)
1731 http cache string-width@https://registry.npmjs.org/string-width/-/string-width-4.2.3.tgz 0ms (cache hit)
1732 http cache svg-pathdata@https://registry.npmjs.org/svg-pathdata/-/svg-pathdata-6.0.3.tgz 0ms (cache hit)
1733 http cache stackblur-canvas@https://registry.npmjs.org/stackblur-canvas/-/stackblur-canvas-2.7.0.tgz 0ms (cache hit)
1734 http cache rgbcolor@https://registry.npmjs.org/rgbcolor/-/rgbcolor-1.0.1.tgz 0ms (cache hit)
1735 http cache raf@https://registry.npmjs.org/raf/-/raf-3.4.1.tgz 0ms (cache hit)
1736 http cache @types/raf@https://registry.npmjs.org/@types/raf/-/raf-3.4.3.tgz 0ms (cache hit)
1737 http cache form-data@https://registry.npmjs.org/form-data/-/form-data-4.0.6.tgz 0ms (cache hit)
1738 http cache undici-types@https://registry.npmjs.org/undici-types/-/undici-types-5.26.5.tgz 0ms (cache hit)
1739 http cache rxjs@https://registry.npmjs.org/rxjs/-/rxjs-7.8.2.tgz 0ms (cache hit)
1740 http cache @types/through@https://registry.npmjs.org/@types/through/-/through-0.0.33.tgz 0ms (cache hit)
1741 http cache @maxim_mazurok/gapi.client.discovery-v1@https://registry.npmjs.org/@maxim_mazurok/gapi.client.discovery-v1/-/gapi.client.discovery-v1-0.6.20200806.tgz 0ms (cache hit)
1742 http cache @types/gapi.client.discovery-v1@https://registry.npmjs.org/@types/gapi.client.discovery-v1/-/gapi.client.discovery-v1-0.0.4.tgz 0ms (cache hit)
1743 http cache @maxim_mazurok/gapi.client.androidpublisher-v3@https://registry.npmjs.org/@maxim_mazurok/gapi.client.androidpublisher-v3/-/gapi.client.androidpublisher-v3-0.5.20260902.tgz 0ms (cache hit)
1744 http cache @types/gapi.client@https://registry.npmjs.org/@types/gapi.client/-/gapi.client-1.0.8.tgz 0ms (cache hit)
1745 http cache @types/color-name@https://registry.npmjs.org/@types/color-name/-/color-name-2.0.0.tgz 0ms (cache hit)
1746 http cache @types/color-convert@https://registry.npmjs.org/@types/color-convert/-/color-convert-1.9.0.tgz 0ms (cache hit)
1747 http cache yallist@https://registry.npmjs.org/yallist/-/yallist-5.0.0.tgz 0ms (cache hit)
1748 http cache tar@https://registry.npmjs.org/tar/-/tar-7.5.22.tgz 0ms (cache hit)
1749 http cache @resvg/resvg-js-linux-x64-gnu@https://registry.npmjs.org/@resvg/resvg-js-linux-x64-gnu/-/resvg-js-linux-x64-gnu-2.6.2.tgz 0ms (cache hit)
1750 http cache jimp@https://registry.npmjs.org/jimp/-/jimp-0.22.12.tgz 0ms (cache hit)
1751 http cache lodash@https://registry.npmjs.org/lodash/-/lodash-4.18.1.tgz 0ms (cache hit)
1752 http cache googleapis@https://registry.npmjs.org/googleapis/-/googleapis-81.0.0.tgz 0ms (cache hit)
1753 http cache fetch-h2@https://registry.npmjs.org/fetch-h2/-/fetch-h2-2.5.1.tgz 0ms (cache hit)
1754 http cache extract-zip@https://registry.npmjs.org/extract-zip/-/extract-zip-1.7.0.tgz 0ms (cache hit)
1755 http cache canvg@https://registry.npmjs.org/canvg/-/canvg-4.0.3.tgz 0ms (cache hit)
1756 http cache @types/node-fetch@https://registry.npmjs.org/@types/node-fetch/-/node-fetch-2.6.13.tgz 0ms (cache hit)
1757 http cache @types/node@https://registry.npmjs.org/@types/node/-/node-18.19.130.tgz 0ms (cache hit)
1758 http cache node-fetch@https://registry.npmjs.org/node-fetch/-/node-fetch-2.7.0.tgz 0ms (cache hit)
1759 http cache @types/gapi.client.androidpublisher@https://registry.npmjs.org/@types/gapi.client.androidpublisher/-/gapi.client.androidpublisher-3.0.2.tgz 0ms (cache hit)
1760 http cache @types/extract-zip@https://registry.npmjs.org/@types/extract-zip/-/extract-zip-1.6.2.tgz 0ms (cache hit)
1761 http cache @types/lodash@https://registry.npmjs.org/@types/lodash/-/lodash-4.17.25.tgz 0ms (cache hit)
1762 http cache valid-url@https://registry.npmjs.org/valid-url/-/valid-url-1.0.9.tgz 0ms (cache hit)
1763 http cache @resvg/resvg-js@https://registry.npmjs.org/@resvg/resvg-js/-/resvg-js-2.6.2.tgz 0ms (cache hit)
1764 http cache semver@https://registry.npmjs.org/semver/-/semver-7.8.5.tgz 0ms (cache hit)
1765 http cache minimist@https://registry.npmjs.org/minimist/-/minimist-1.2.8.tgz 0ms (cache hit)
1766 http cache mime-types@https://registry.npmjs.org/mime-types/-/mime-types-2.1.35.tgz 0ms (cache hit)
1767 http cache colors@https://registry.npmjs.org/colors/-/colors-1.4.0.tgz 0ms (cache hit)
1768 http cache color@https://registry.npmjs.org/color/-/color-3.2.1.tgz 0ms (cache hit)
1769 http cache cli-progress@https://registry.npmjs.org/cli-progress/-/cli-progress-3.12.0.tgz 0ms (cache hit)
1770 http cache inquirer@https://registry.npmjs.org/inquirer/-/inquirer-8.2.7.tgz 0ms (cache hit)
1771 http cache @types/valid-url@https://registry.npmjs.org/@types/valid-url/-/valid-url-1.0.7.tgz 0ms (cache hit)
1772 http cache @types/semver@https://registry.npmjs.org/@types/semver/-/semver-7.8.0.tgz 0ms (cache hit)
1773 http cache @types/minimist@https://registry.npmjs.org/@types/minimist/-/minimist-1.2.5.tgz 0ms (cache hit)
1774 http cache @types/mime-types@https://registry.npmjs.org/@types/mime-types/-/mime-types-2.1.4.tgz 0ms (cache hit)
1775 http cache @types/inquirer@https://registry.npmjs.org/@types/inquirer/-/inquirer-8.2.13.tgz 0ms (cache hit)
1776 http cache @types/color@https://registry.npmjs.org/@types/color/-/color-3.0.7.tgz 0ms (cache hit)
1777 http cache @types/cli-progress@https://registry.npmjs.org/@types/cli-progress/-/cli-progress-3.11.6.tgz 0ms (cache hit)
1778 http cache @bubblewrap/validator@https://registry.npmjs.org/@bubblewrap/validator/-/validator-1.25.0.tgz 0ms (cache hit)
1779 http cache @bubblewrap/core@https://registry.npmjs.org/@bubblewrap/core/-/core-1.25.0.tgz 0ms (cache hit)
1780 http cache run-async@https://registry.npmjs.org/run-async/-/run-async-3.0.0.tgz 0ms (cache hit)
1781 http cache mute-stream@https://registry.npmjs.org/mute-stream/-/mute-stream-1.0.0.tgz 0ms (cache hit)
1782 http cache cli-width@https://registry.npmjs.org/cli-width/-/cli-width-4.1.0.tgz 0ms (cache hit)
1783 http cache inquirer@https://registry.npmjs.org/inquirer/-/inquirer-9.3.8.tgz 0ms (cache hit)
1784 http cache @types/inquirer@https://registry.npmjs.org/@types/inquirer/-/inquirer-9.0.10.tgz 0ms (cache hit)
1785 silly tarball no local data for @bubblewrap/cli@https://registry.npmjs.org/@bubblewrap/cli/-/cli-1.25.0.tgz. Extracting by manifest.
1786 silly tarball no local data for pend@https://registry.npmjs.org/pend/-/pend-1.2.0.tgz. Extracting by manifest.
1787 silly tarball no local data for fd-slicer@https://registry.npmjs.org/fd-slicer/-/fd-slicer-1.1.0.tgz. Extracting by manifest.
1788 silly tarball no local data for buffer-crc32@https://registry.npmjs.org/buffer-crc32/-/buffer-crc32-0.2.13.tgz. Extracting by manifest.
1789 silly tarball no local data for xmlbuilder@https://registry.npmjs.org/xmlbuilder/-/xmlbuilder-11.0.1.tgz. Extracting by manifest.
1790 silly tarball no local data for sax@https://registry.npmjs.org/sax/-/sax-1.6.1.tgz. Extracting by manifest.
1791 silly tarball no local data for dom-walk@https://registry.npmjs.org/dom-walk/-/dom-walk-0.1.2.tgz. Extracting by manifest.
1792 silly tarball no local data for min-document@https://registry.npmjs.org/min-document/-/min-document-2.19.2.tgz. Extracting by manifest.
1793 silly tarball no local data for parse-headers@https://registry.npmjs.org/parse-headers/-/parse-headers-2.0.6.tgz. Extracting by manifest.
1794 silly tarball no local data for is-function@https://registry.npmjs.org/is-function/-/is-function-1.0.2.tgz. Extracting by manifest.
1795 silly tarball no local data for global@https://registry.npmjs.org/global/-/global-4.4.0.tgz. Extracting by manifest.
1796 silly tarball no local data for pako@https://registry.npmjs.org/pako/-/pako-1.0.11.tgz. Extracting by manifest.
1797 silly tarball no local data for requires-port@https://registry.npmjs.org/requires-port/-/requires-port-1.0.0.tgz. Extracting by manifest.
1798 silly tarball no local data for querystringify@https://registry.npmjs.org/querystringify/-/querystringify-2.2.0.tgz. Extracting by manifest.
1799 silly tarball no local data for url-parse@https://registry.npmjs.org/url-parse/-/url-parse-1.5.10.tgz. Extracting by manifest.
1800 silly tarball no local data for universalify@https://registry.npmjs.org/universalify/-/universalify-0.2.0.tgz. Extracting by manifest.
1801 silly tarball no local data for punycode@https://registry.npmjs.org/punycode/-/punycode-2.3.1.tgz. Extracting by manifest.
1802 silly tarball no local data for psl@https://registry.npmjs.org/psl/-/psl-1.15.0.tgz. Extracting by manifest.
1803 silly tarball no local data for peek-readable@https://registry.npmjs.org/peek-readable/-/peek-readable-4.1.0.tgz. Extracting by manifest.
1804 silly tarball no local data for @tokenizer/token@https://registry.npmjs.org/@tokenizer/token/-/token-0.3.0.tgz. Extracting by manifest.
1805 silly tarball no local data for is-arrayish@https://registry.npmjs.org/is-arrayish/-/is-arrayish-0.3.4.tgz. Extracting by manifest.
1806 silly tarball no local data for performance-now@https://registry.npmjs.org/performance-now/-/performance-now-2.1.0.tgz. Extracting by manifest.
1807 silly tarball no local data for follow-redirects@https://registry.npmjs.org/follow-redirects/-/follow-redirects-1.16.0.tgz. Extracting by manifest.
1808 silly tarball no local data for xml-parse-from-string@https://registry.npmjs.org/xml-parse-from-string/-/xml-parse-from-string-1.0.1.tgz. Extracting by manifest.
1809 silly tarball no local data for xml2js@https://registry.npmjs.org/xml2js/-/xml2js-0.5.0.tgz. Extracting by manifest.
1810 silly tarball no local data for centra@https://registry.npmjs.org/centra/-/centra-2.7.0.tgz. Extracting by manifest.
1811 silly tarball no local data for yallist@https://registry.npmjs.org/yallist/-/yallist-4.0.0.tgz. Extracting by manifest.
1812 silly tarball no local data for xhr@https://registry.npmjs.org/xhr/-/xhr-2.6.0.tgz. Extracting by manifest.
1813 silly tarball no local data for parse-bmfont-xml@https://registry.npmjs.org/parse-bmfont-xml/-/parse-bmfont-xml-1.1.6.tgz. Extracting by manifest.
1814 silly tarball no local data for parse-bmfont-binary@https://registry.npmjs.org/parse-bmfont-binary/-/parse-bmfont-binary-1.0.6.tgz. Extracting by manifest.
1815 silly tarball no local data for phin@https://registry.npmjs.org/phin/-/phin-3.7.1.tgz. Extracting by manifest.
1816 silly tarball no local data for parse-bmfont-ascii@https://registry.npmjs.org/parse-bmfont-ascii/-/parse-bmfont-ascii-1.0.6.tgz. Extracting by manifest.
1817 silly tarball no local data for buffer-equal@https://registry.npmjs.org/buffer-equal/-/buffer-equal-0.0.1.tgz. Extracting by manifest.
1818 silly tarball no local data for image-q@https://registry.npmjs.org/image-q/-/image-q-4.0.0.tgz. Extracting by manifest.
1819 silly tarball no local data for @types/node@https://registry.npmjs.org/@types/node/-/node-16.9.1.tgz. Extracting by manifest.
1820 silly tarball no local data for token-types@https://registry.npmjs.org/token-types/-/token-types-4.2.1.tgz. Extracting by manifest.
1821 silly tarball no local data for strtok3@https://registry.npmjs.org/strtok3/-/strtok3-6.3.0.tgz. Extracting by manifest.
1822 silly tarball no local data for readable-web-to-node-stream@https://registry.npmjs.org/readable-web-to-node-stream/-/readable-web-to-node-stream-3.0.4.tgz. Extracting by manifest.
1823 silly tarball no local data for utif2@https://registry.npmjs.org/utif2/-/utif2-4.1.0.tgz. Extracting by manifest.
1824 silly tarball no local data for pngjs@https://registry.npmjs.org/pngjs/-/pngjs-6.0.0.tgz. Extracting by manifest.
1825 silly tarball no local data for jpeg-js@https://registry.npmjs.org/jpeg-js/-/jpeg-js-0.4.4.tgz. Extracting by manifest.
1826 silly tarball no local data for omggif@https://registry.npmjs.org/omggif/-/omggif-1.0.10.tgz. Extracting by manifest.
1827 silly tarball no local data for gifwrap@https://registry.npmjs.org/gifwrap/-/gifwrap-0.10.1.tgz. Extracting by manifest.
1828 silly tarball no local data for bmp-js@https://registry.npmjs.org/bmp-js/-/bmp-js-0.1.0.tgz. Extracting by manifest.
1829 silly tarball no local data for @jimp/tiff@https://registry.npmjs.org/@jimp/tiff/-/tiff-0.22.12.tgz. Extracting by manifest.
1830 silly tarball no local data for @jimp/png@https://registry.npmjs.org/@jimp/png/-/png-0.22.12.tgz. Extracting by manifest.
1831 silly tarball no local data for @jimp/jpeg@https://registry.npmjs.org/@jimp/jpeg/-/jpeg-0.22.12.tgz. Extracting by manifest.
1832 silly tarball no local data for @jimp/gif@https://registry.npmjs.org/@jimp/gif/-/gif-0.22.12.tgz. Extracting by manifest.
1833 silly tarball no local data for @jimp/bmp@https://registry.npmjs.org/@jimp/bmp/-/bmp-0.22.12.tgz. Extracting by manifest.
1834 silly tarball no local data for load-bmfont@https://registry.npmjs.org/load-bmfont/-/load-bmfont-1.4.2.tgz. Extracting by manifest.
1835 silly tarball no local data for timm@https://registry.npmjs.org/timm/-/timm-1.7.1.tgz. Extracting by manifest.
1836 silly tarball no local data for @jimp/plugin-threshold@https://registry.npmjs.org/@jimp/plugin-threshold/-/plugin-threshold-0.22.12.tgz. Extracting by manifest.
1837 silly tarball no local data for @jimp/plugin-print@https://registry.npmjs.org/@jimp/plugin-print/-/plugin-print-0.22.12.tgz. Extracting by manifest.
1838 silly tarball no local data for @jimp/plugin-normalize@https://registry.npmjs.org/@jimp/plugin-normalize/-/plugin-normalize-0.22.12.tgz. Extracting by manifest.
1839 silly tarball no local data for @jimp/plugin-mask@https://registry.npmjs.org/@jimp/plugin-mask/-/plugin-mask-0.22.12.tgz. Extracting by manifest.
1840 silly tarball no local data for @jimp/plugin-invert@https://registry.npmjs.org/@jimp/plugin-invert/-/plugin-invert-0.22.12.tgz. Extracting by manifest.
1841 silly tarball no local data for @jimp/plugin-gaussian@https://registry.npmjs.org/@jimp/plugin-gaussian/-/plugin-gaussian-0.22.12.tgz. Extracting by manifest.
1842 silly tarball no local data for @jimp/plugin-shadow@https://registry.npmjs.org/@jimp/plugin-shadow/-/plugin-shadow-0.22.12.tgz. Extracting by manifest.
1843 silly tarball no local data for @jimp/plugin-rotate@https://registry.npmjs.org/@jimp/plugin-rotate/-/plugin-rotate-0.22.12.tgz. Extracting by manifest.
1844 silly tarball no local data for @jimp/plugin-flip@https://registry.npmjs.org/@jimp/plugin-flip/-/plugin-flip-0.22.12.tgz. Extracting by manifest.
1845 silly tarball no local data for @jimp/plugin-fisheye@https://registry.npmjs.org/@jimp/plugin-fisheye/-/plugin-fisheye-0.22.12.tgz. Extracting by manifest.
1846 silly tarball no local data for @jimp/plugin-dither@https://registry.npmjs.org/@jimp/plugin-dither/-/plugin-dither-0.22.12.tgz. Extracting by manifest.
1847 silly tarball no local data for @jimp/plugin-displace@https://registry.npmjs.org/@jimp/plugin-displace/-/plugin-displace-0.22.12.tgz. Extracting by manifest.
1848 silly tarball no local data for @jimp/plugin-crop@https://registry.npmjs.org/@jimp/plugin-crop/-/plugin-crop-0.22.12.tgz. Extracting by manifest.
1849 silly tarball no local data for @jimp/plugin-cover@https://registry.npmjs.org/@jimp/plugin-cover/-/plugin-cover-0.22.12.tgz. Extracting by manifest.
1850 silly tarball no local data for @jimp/plugin-resize@https://registry.npmjs.org/@jimp/plugin-resize/-/plugin-resize-0.22.12.tgz. Extracting by manifest.
1851 silly tarball no local data for @jimp/plugin-scale@https://registry.npmjs.org/@jimp/plugin-scale/-/plugin-scale-0.22.12.tgz. Extracting by manifest.
1852 silly tarball no local data for @jimp/plugin-contain@https://registry.npmjs.org/@jimp/plugin-contain/-/plugin-contain-0.22.12.tgz. Extracting by manifest.
1853 silly tarball no local data for @jimp/plugin-color@https://registry.npmjs.org/@jimp/plugin-color/-/plugin-color-0.22.12.tgz. Extracting by manifest.
1854 silly tarball no local data for @jimp/plugin-circle@https://registry.npmjs.org/@jimp/plugin-circle/-/plugin-circle-0.22.12.tgz. Extracting by manifest.
1855 silly tarball no local data for @jimp/plugin-blur@https://registry.npmjs.org/@jimp/plugin-blur/-/plugin-blur-0.22.12.tgz. Extracting by manifest.
1856 silly tarball no local data for @jimp/plugin-blit@https://registry.npmjs.org/@jimp/plugin-blit/-/plugin-blit-0.22.12.tgz. Extracting by manifest.
1857 silly tarball no local data for tinycolor2@https://registry.npmjs.org/tinycolor2/-/tinycolor2-1.6.0.tgz. Extracting by manifest.
1858 silly tarball no local data for pixelmatch@https://registry.npmjs.org/pixelmatch/-/pixelmatch-4.0.2.tgz. Extracting by manifest.
1859 silly tarball no local data for pngjs@https://registry.npmjs.org/pngjs/-/pngjs-3.4.0.tgz. Extracting by manifest.
1860 silly tarball no local data for file-type@https://registry.npmjs.org/file-type/-/file-type-16.5.4.tgz. Extracting by manifest.
1861 silly tarball no local data for exif-parser@https://registry.npmjs.org/exif-parser/-/exif-parser-0.1.12.tgz. Extracting by manifest.
1862 silly tarball no local data for any-base@https://registry.npmjs.org/any-base/-/any-base-1.1.0.tgz. Extracting by manifest.
1863 silly tarball no local data for @jimp/utils@https://registry.npmjs.org/@jimp/utils/-/utils-0.22.12.tgz. Extracting by manifest.
1864 silly tarball no local data for @jimp/core@https://registry.npmjs.org/@jimp/core/-/core-0.22.12.tgz. Extracting by manifest.
1865 silly tarball no local data for regenerator-runtime@https://registry.npmjs.org/regenerator-runtime/-/regenerator-runtime-0.13.11.tgz. Extracting by manifest.
1866 silly tarball no local data for @jimp/types@https://registry.npmjs.org/@jimp/types/-/types-0.22.12.tgz. Extracting by manifest.
1867 silly tarball no local data for @jimp/plugins@https://registry.npmjs.org/@jimp/plugins/-/plugins-0.22.12.tgz. Extracting by manifest.
1868 silly tarball no local data for @jimp/custom@https://registry.npmjs.org/@jimp/custom/-/custom-0.22.12.tgz. Extracting by manifest.
1869 silly tarball no local data for escape-string-regexp@https://registry.npmjs.org/escape-string-regexp/-/escape-string-regexp-1.0.5.tgz. Extracting by manifest.
1870 silly tarball no local data for type-fest@https://registry.npmjs.org/type-fest/-/type-fest-0.21.3.tgz. Extracting by manifest.
1871 silly tarball no local data for through@https://registry.npmjs.org/through/-/through-2.3.8.tgz. Extracting by manifest.
1872 silly tarball no local data for run-async@https://registry.npmjs.org/run-async/-/run-async-2.4.1.tgz. Extracting by manifest.
1873 silly tarball no local data for mute-stream@https://registry.npmjs.org/mute-stream/-/mute-stream-0.0.8.tgz. Extracting by manifest.
1874 silly tarball no local data for figures@https://registry.npmjs.org/figures/-/figures-3.2.0.tgz. Extracting by manifest.
1875 silly tarball no local data for cli-width@https://registry.npmjs.org/cli-width/-/cli-width-3.0.0.tgz. Extracting by manifest.
1876 silly tarball no local data for ansi-escapes@https://registry.npmjs.org/ansi-escapes/-/ansi-escapes-4.3.2.tgz. Extracting by manifest.
1877 silly tarball no local data for agent-base@https://registry.npmjs.org/agent-base/-/agent-base-6.0.2.tgz. Extracting by manifest.
1878 silly tarball no local data for node-forge@https://registry.npmjs.org/node-forge/-/node-forge-1.4.0.tgz. Extracting by manifest.
1879 silly tarball no local data for google-p12-pem@https://registry.npmjs.org/google-p12-pem/-/google-p12-pem-3.1.4.tgz. Extracting by manifest.
1880 silly tarball no local data for uuid@https://registry.npmjs.org/uuid/-/uuid-8.3.2.tgz. Extracting by manifest.
1881 silly tarball no local data for qs@https://registry.npmjs.org/qs/-/qs-6.16.0.tgz. Extracting by manifest.
1882 silly tarball no local data for https-proxy-agent@https://registry.npmjs.org/https-proxy-agent/-/https-proxy-agent-5.0.1.tgz. Extracting by manifest.
1883 silly tarball no local data for lru-cache@https://registry.npmjs.org/lru-cache/-/lru-cache-6.0.0.tgz. Extracting by manifest.
1884 silly tarball no local data for gtoken@https://registry.npmjs.org/gtoken/-/gtoken-5.3.2.tgz. Extracting by manifest.
1885 silly tarball no local data for gcp-metadata@https://registry.npmjs.org/gcp-metadata/-/gcp-metadata-4.3.1.tgz. Extracting by manifest.
1886 silly tarball no local data for gaxios@https://registry.npmjs.org/gaxios/-/gaxios-4.3.3.tgz. Extracting by manifest.
1887 silly tarball no local data for fast-text-encoding@https://registry.npmjs.org/fast-text-encoding/-/fast-text-encoding-1.0.6.tgz. Extracting by manifest.
1888 silly tarball no local data for googleapis-common@https://registry.npmjs.org/googleapis-common/-/googleapis-common-5.1.0.tgz. Extracting by manifest.
1889 silly tarball no local data for google-auth-library@https://registry.npmjs.org/google-auth-library/-/google-auth-library-7.14.1.tgz. Extracting by manifest.
1890 silly tarball no local data for throat@https://registry.npmjs.org/throat/-/throat-5.0.0.tgz. Extracting by manifest.
1891 silly tarball no local data for tough-cookie@https://registry.npmjs.org/tough-cookie/-/tough-cookie-4.1.4.tgz. Extracting by manifest.
1892 silly tarball no local data for to-arraybuffer@https://registry.npmjs.org/to-arraybuffer/-/to-arraybuffer-1.0.1.tgz. Extracting by manifest.
1893 silly tarball no local data for through2@https://registry.npmjs.org/through2/-/through2-4.0.2.tgz. Extracting by manifest.
1894 silly tarball no local data for get-stream@https://registry.npmjs.org/get-stream/-/get-stream-6.0.1.tgz. Extracting by manifest.
1895 silly tarball no local data for callguard@https://registry.npmjs.org/callguard/-/callguard-2.0.0.tgz. Extracting by manifest.
1896 silly tarball no local data for already@https://registry.npmjs.org/already/-/already-1.13.2.tgz. Extracting by manifest.
1897 silly tarball no local data for typedarray@https://registry.npmjs.org/typedarray/-/typedarray-0.0.6.tgz. Extracting by manifest.
1898 silly tarball no local data for @types/tough-cookie@https://registry.npmjs.org/@types/tough-cookie/-/tough-cookie-4.0.5.tgz. Extracting by manifest.
1899 silly tarball no local data for buffer-from@https://registry.npmjs.org/buffer-from/-/buffer-from-1.1.2.tgz. Extracting by manifest.
1900 silly tarball no local data for mkdirp@https://registry.npmjs.org/mkdirp/-/mkdirp-0.5.6.tgz. Extracting by manifest.
1901 silly tarball no local data for yauzl@https://registry.npmjs.org/yauzl/-/yauzl-2.10.0.tgz. Extracting by manifest.
1902 silly tarball no local data for concat-stream@https://registry.npmjs.org/concat-stream/-/concat-stream-1.6.2.tgz. Extracting by manifest.
1903 silly tarball no local data for simple-swizzle@https://registry.npmjs.org/simple-swizzle/-/simple-swizzle-0.2.4.tgz. Extracting by manifest.
1904 silly tarball no local data for color-name@https://registry.npmjs.org/color-name/-/color-name-1.1.3.tgz. Extracting by manifest.
1905 silly tarball no local data for color-convert@https://registry.npmjs.org/color-convert/-/color-convert-1.9.3.tgz. Extracting by manifest.
1906 silly tarball no local data for color-string@https://registry.npmjs.org/color-string/-/color-string-1.9.1.tgz. Extracting by manifest.
1907 silly tarball no local data for svg-pathdata@https://registry.npmjs.org/svg-pathdata/-/svg-pathdata-6.0.3.tgz. Extracting by manifest.
1908 silly tarball no local data for stackblur-canvas@https://registry.npmjs.org/stackblur-canvas/-/stackblur-canvas-2.7.0.tgz. Extracting by manifest.
1909 silly tarball no local data for rgbcolor@https://registry.npmjs.org/rgbcolor/-/rgbcolor-1.0.1.tgz. Extracting by manifest.
1910 silly tarball no local data for raf@https://registry.npmjs.org/raf/-/raf-3.4.1.tgz. Extracting by manifest.
1911 silly tarball no local data for @types/raf@https://registry.npmjs.org/@types/raf/-/raf-3.4.3.tgz. Extracting by manifest.
1912 silly tarball no local data for undici-types@https://registry.npmjs.org/undici-types/-/undici-types-5.26.5.tgz. Extracting by manifest.
1913 silly tarball no local data for rxjs@https://registry.npmjs.org/rxjs/-/rxjs-7.8.2.tgz. Extracting by manifest.
1914 silly tarball no local data for @types/through@https://registry.npmjs.org/@types/through/-/through-0.0.33.tgz. Extracting by manifest.
1915 silly tarball no local data for @maxim_mazurok/gapi.client.discovery-v1@https://registry.npmjs.org/@maxim_mazurok/gapi.client.discovery-v1/-/gapi.client.discovery-v1-0.6.20200806.tgz. Extracting by manifest.
1916 silly tarball no local data for @types/gapi.client.discovery-v1@https://registry.npmjs.org/@types/gapi.client.discovery-v1/-/gapi.client.discovery-v1-0.0.4.tgz. Extracting by manifest.
1917 silly tarball no local data for @maxim_mazurok/gapi.client.androidpublisher-v3@https://registry.npmjs.org/@maxim_mazurok/gapi.client.androidpublisher-v3/-/gapi.client.androidpublisher-v3-0.5.20260902.tgz. Extracting by manifest.
1918 silly tarball no local data for @types/gapi.client@https://registry.npmjs.org/@types/gapi.client/-/gapi.client-1.0.8.tgz. Extracting by manifest.
1919 silly tarball no local data for @types/color-name@https://registry.npmjs.org/@types/color-name/-/color-name-2.0.0.tgz. Extracting by manifest.
1920 silly tarball no local data for @types/color-convert@https://registry.npmjs.org/@types/color-convert/-/color-convert-1.9.0.tgz. Extracting by manifest.
1921 silly tarball no local data for @resvg/resvg-js-linux-x64-gnu@https://registry.npmjs.org/@resvg/resvg-js-linux-x64-gnu/-/resvg-js-linux-x64-gnu-2.6.2.tgz. Extracting by manifest.
1922 silly tarball no local data for jimp@https://registry.npmjs.org/jimp/-/jimp-0.22.12.tgz. Extracting by manifest.
1923 silly tarball no local data for googleapis@https://registry.npmjs.org/googleapis/-/googleapis-81.0.0.tgz. Extracting by manifest.
1924 silly tarball no local data for fetch-h2@https://registry.npmjs.org/fetch-h2/-/fetch-h2-2.5.1.tgz. Extracting by manifest.
1925 silly tarball no local data for extract-zip@https://registry.npmjs.org/extract-zip/-/extract-zip-1.7.0.tgz. Extracting by manifest.
1926 silly tarball no local data for canvg@https://registry.npmjs.org/canvg/-/canvg-4.0.3.tgz. Extracting by manifest.
1927 silly tarball no local data for @types/node-fetch@https://registry.npmjs.org/@types/node-fetch/-/node-fetch-2.6.13.tgz. Extracting by manifest.
1928 silly tarball no local data for @types/node@https://registry.npmjs.org/@types/node/-/node-18.19.130.tgz. Extracting by manifest.
1929 silly tarball no local data for @types/gapi.client.androidpublisher@https://registry.npmjs.org/@types/gapi.client.androidpublisher/-/gapi.client.androidpublisher-3.0.2.tgz. Extracting by manifest.
1930 silly tarball no local data for @types/extract-zip@https://registry.npmjs.org/@types/extract-zip/-/extract-zip-1.6.2.tgz. Extracting by manifest.
1931 silly tarball no local data for @types/lodash@https://registry.npmjs.org/@types/lodash/-/lodash-4.17.25.tgz. Extracting by manifest.
1932 silly tarball no local data for @resvg/resvg-js@https://registry.npmjs.org/@resvg/resvg-js/-/resvg-js-2.6.2.tgz. Extracting by manifest.
1933 silly tarball no local data for colors@https://registry.npmjs.org/colors/-/colors-1.4.0.tgz. Extracting by manifest.
1934 silly tarball no local data for color@https://registry.npmjs.org/color/-/color-3.2.1.tgz. Extracting by manifest.
1935 silly tarball no local data for cli-progress@https://registry.npmjs.org/cli-progress/-/cli-progress-3.12.0.tgz. Extracting by manifest.
1936 silly tarball no local data for inquirer@https://registry.npmjs.org/inquirer/-/inquirer-8.2.7.tgz. Extracting by manifest.
1937 silly tarball no local data for @types/valid-url@https://registry.npmjs.org/@types/valid-url/-/valid-url-1.0.7.tgz. Extracting by manifest.
1938 silly tarball no local data for @types/semver@https://registry.npmjs.org/@types/semver/-/semver-7.8.0.tgz. Extracting by manifest.
1939 silly tarball no local data for @types/minimist@https://registry.npmjs.org/@types/minimist/-/minimist-1.2.5.tgz. Extracting by manifest.
1940 silly tarball no local data for @types/mime-types@https://registry.npmjs.org/@types/mime-types/-/mime-types-2.1.4.tgz. Extracting by manifest.
1941 silly tarball no local data for @types/inquirer@https://registry.npmjs.org/@types/inquirer/-/inquirer-8.2.13.tgz. Extracting by manifest.
1942 silly tarball no local data for @types/color@https://registry.npmjs.org/@types/color/-/color-3.0.7.tgz. Extracting by manifest.
1943 silly tarball no local data for @types/cli-progress@https://registry.npmjs.org/@types/cli-progress/-/cli-progress-3.11.6.tgz. Extracting by manifest.
1944 silly tarball no local data for @bubblewrap/validator@https://registry.npmjs.org/@bubblewrap/validator/-/validator-1.25.0.tgz. Extracting by manifest.
1945 silly tarball no local data for @bubblewrap/core@https://registry.npmjs.org/@bubblewrap/core/-/core-1.25.0.tgz. Extracting by manifest.
1946 silly tarball no local data for run-async@https://registry.npmjs.org/run-async/-/run-async-3.0.0.tgz. Extracting by manifest.
1947 silly tarball no local data for mute-stream@https://registry.npmjs.org/mute-stream/-/mute-stream-1.0.0.tgz. Extracting by manifest.
1948 silly tarball no local data for inquirer@https://registry.npmjs.org/inquirer/-/inquirer-9.3.8.tgz. Extracting by manifest.
1949 silly tarball no local data for @types/inquirer@https://registry.npmjs.org/@types/inquirer/-/inquirer-9.0.10.tgz. Extracting by manifest.
1950 http fetch GET 200 https://registry.npmjs.org/universalify/-/universalify-0.2.0.tgz 1485ms (cache miss)
1951 http fetch GET 200 https://registry.npmjs.org/peek-readable/-/peek-readable-4.1.0.tgz 1568ms (cache miss)
1952 http fetch GET 200 https://registry.npmjs.org/dom-walk/-/dom-walk-0.1.2.tgz 1621ms (cache miss)
1953 http fetch GET 200 https://registry.npmjs.org/pend/-/pend-1.2.0.tgz 1661ms (cache miss)
1954 http fetch GET 200 https://registry.npmjs.org/buffer-crc32/-/buffer-crc32-0.2.13.tgz 1658ms (cache miss)
1955 http fetch GET 200 https://registry.npmjs.org/is-function/-/is-function-1.0.2.tgz 1654ms (cache miss)
1956 http fetch GET 200 https://registry.npmjs.org/global/-/global-4.4.0.tgz 1652ms (cache miss)
1957 http fetch GET 200 https://registry.npmjs.org/querystringify/-/querystringify-2.2.0.tgz 1650ms (cache miss)
1958 http fetch GET 200 https://registry.npmjs.org/parse-headers/-/parse-headers-2.0.6.tgz 1656ms (cache miss)
1959 http fetch GET 200 https://registry.npmjs.org/@tokenizer/token/-/token-0.3.0.tgz 1645ms (cache miss)
1960 http fetch GET 200 https://registry.npmjs.org/is-arrayish/-/is-arrayish-0.3.4.tgz 1681ms (cache miss)
1961 http fetch GET 200 https://registry.npmjs.org/parse-bmfont-binary/-/parse-bmfont-binary-1.0.6.tgz 1671ms (cache miss)
1962 http fetch GET 200 https://registry.npmjs.org/parse-bmfont-ascii/-/parse-bmfont-ascii-1.0.6.tgz 1670ms (cache miss)
1963 http fetch GET 200 https://registry.npmjs.org/requires-port/-/requires-port-1.0.0.tgz 1728ms (cache miss)
1964 http fetch GET 200 https://registry.npmjs.org/xml-parse-from-string/-/xml-parse-from-string-1.0.1.tgz 1715ms (cache miss)
1965 http fetch GET 200 https://registry.npmjs.org/phin/-/phin-3.7.1.tgz 1709ms (cache miss)
1966 warn deprecated phin@3.7.1: Package no longer supported. Contact Support at https://www.npmjs.com/support for more info.
1967 http fetch GET 200 https://registry.npmjs.org/yallist/-/yallist-4.0.0.tgz 1745ms (cache miss)
1968 http fetch GET 200 https://registry.npmjs.org/parse-bmfont-xml/-/parse-bmfont-xml-1.1.6.tgz 1744ms (cache miss)
1969 http fetch GET 200 https://registry.npmjs.org/centra/-/centra-2.7.0.tgz 1766ms (cache miss)
1970 http fetch GET 200 https://registry.npmjs.org/buffer-equal/-/buffer-equal-0.0.1.tgz 1759ms (cache miss)
1971 http fetch GET 200 https://registry.npmjs.org/fd-slicer/-/fd-slicer-1.1.0.tgz 1810ms (cache miss)
1972 http fetch GET 200 https://registry.npmjs.org/readable-web-to-node-stream/-/readable-web-to-node-stream-3.0.4.tgz 1776ms (cache miss)
1973 http fetch GET 200 https://registry.npmjs.org/@jimp/plugin-rotate/-/plugin-rotate-0.22.12.tgz 1761ms (cache miss)
1974 http fetch GET 200 https://registry.npmjs.org/token-types/-/token-types-4.2.1.tgz 1798ms (cache miss)
1975 http fetch GET 200 https://registry.npmjs.org/@jimp/plugin-invert/-/plugin-invert-0.22.12.tgz 1783ms (cache miss)
1976 http fetch GET 200 https://registry.npmjs.org/@jimp/plugin-gaussian/-/plugin-gaussian-0.22.12.tgz 1782ms (cache miss)
1977 http fetch GET 200 https://registry.npmjs.org/@jimp/plugin-flip/-/plugin-flip-0.22.12.tgz 1781ms (cache miss)
1978 http fetch GET 200 https://registry.npmjs.org/@jimp/plugin-displace/-/plugin-displace-0.22.12.tgz 1779ms (cache miss)
1979 http fetch GET 200 https://registry.npmjs.org/@jimp/plugin-crop/-/plugin-crop-0.22.12.tgz 1779ms (cache miss)
1980 http fetch GET 200 https://registry.npmjs.org/xhr/-/xhr-2.6.0.tgz 1823ms (cache miss)
1981 http fetch GET 200 https://registry.npmjs.org/load-bmfont/-/load-bmfont-1.4.2.tgz 1806ms (cache miss)
1982 http fetch GET 200 https://registry.npmjs.org/@jimp/plugin-scale/-/plugin-scale-0.22.12.tgz 1794ms (cache miss)
1983 http fetch GET 200 https://registry.npmjs.org/@jimp/plugin-fisheye/-/plugin-fisheye-0.22.12.tgz 1818ms (cache miss)
1984 http fetch GET 200 https://registry.npmjs.org/@jimp/plugin-contain/-/plugin-contain-0.22.12.tgz 1813ms (cache miss)
1985 http fetch GET 200 https://registry.npmjs.org/regenerator-runtime/-/regenerator-runtime-0.13.11.tgz 1804ms (cache miss)
1986 http fetch GET 200 https://registry.npmjs.org/sax/-/sax-1.6.1.tgz 1883ms (cache miss)
1987 http fetch GET 200 https://registry.npmjs.org/punycode/-/punycode-2.3.1.tgz 1874ms (cache miss)
1988 http fetch GET 200 https://registry.npmjs.org/@jimp/plugin-shadow/-/plugin-shadow-0.22.12.tgz 1839ms (cache miss)
1989 http fetch GET 200 https://registry.npmjs.org/@jimp/plugin-dither/-/plugin-dither-0.22.12.tgz 1836ms (cache miss)
1990 http fetch GET 200 https://registry.npmjs.org/file-type/-/file-type-16.5.4.tgz 1826ms (cache miss)
1991 http fetch GET 200 https://registry.npmjs.org/any-base/-/any-base-1.1.0.tgz 1825ms (cache miss)
1992 http fetch GET 200 https://registry.npmjs.org/escape-string-regexp/-/escape-string-regexp-1.0.5.tgz 1820ms (cache miss)
1993 http fetch GET 200 https://registry.npmjs.org/@jimp/types/-/types-0.22.12.tgz 1823ms (cache miss)
1994 http fetch GET 200 https://registry.npmjs.org/through/-/through-2.3.8.tgz 1818ms (cache miss)
1995 http fetch GET 200 https://registry.npmjs.org/@jimp/plugins/-/plugins-0.22.12.tgz 1823ms (cache miss)
1996 http fetch GET 200 https://registry.npmjs.org/run-async/-/run-async-2.4.1.tgz 1834ms (cache miss)
1997 http fetch GET 200 https://registry.npmjs.org/mute-stream/-/mute-stream-0.0.8.tgz 1833ms (cache miss)
1998 http fetch GET 200 https://registry.npmjs.org/figures/-/figures-3.2.0.tgz 1834ms (cache miss)
1999 http fetch GET 200 https://registry.npmjs.org/ansi-escapes/-/ansi-escapes-4.3.2.tgz 1832ms (cache miss)
2000 http fetch GET 200 https://registry.npmjs.org/cli-width/-/cli-width-3.0.0.tgz 1834ms (cache miss)
2001 http fetch GET 200 https://registry.npmjs.org/follow-redirects/-/follow-redirects-1.16.0.tgz 1903ms (cache miss)
2002 http fetch GET 200 https://registry.npmjs.org/@jimp/plugin-cover/-/plugin-cover-0.22.12.tgz 1871ms (cache miss)
2003 http fetch GET 200 https://registry.npmjs.org/lru-cache/-/lru-cache-6.0.0.tgz 1842ms (cache miss)
2004 http fetch GET 200 https://registry.npmjs.org/omggif/-/omggif-1.0.10.tgz 1902ms (cache miss)
2005 http fetch GET 200 https://registry.npmjs.org/@jimp/utils/-/utils-0.22.12.tgz 1875ms (cache miss)
2006 http fetch GET 200 https://registry.npmjs.org/gtoken/-/gtoken-5.3.2.tgz 1856ms (cache miss)
2007 http fetch GET 200 https://registry.npmjs.org/to-arraybuffer/-/to-arraybuffer-1.0.1.tgz 1846ms (cache miss)
2008 http fetch GET 200 https://registry.npmjs.org/through2/-/through2-4.0.2.tgz 1845ms (cache miss)
2009 http fetch GET 200 https://registry.npmjs.org/fast-text-encoding/-/fast-text-encoding-1.0.6.tgz 1873ms (cache miss)
2010 http fetch GET 200 https://registry.npmjs.org/get-stream/-/get-stream-6.0.1.tgz 1862ms (cache miss)
2011 http fetch GET 200 https://registry.npmjs.org/buffer-from/-/buffer-from-1.1.2.tgz 1858ms (cache miss)
2012 http fetch GET 200 https://registry.npmjs.org/@types/tough-cookie/-/tough-cookie-4.0.5.tgz 1859ms (cache miss)
2013 http fetch GET 200 https://registry.npmjs.org/mkdirp/-/mkdirp-0.5.6.tgz 1857ms (cache miss)
2014 http fetch GET 200 https://registry.npmjs.org/throat/-/throat-5.0.0.tgz 1868ms (cache miss)
2015 http fetch GET 200 https://registry.npmjs.org/@jimp/plugin-mask/-/plugin-mask-0.22.12.tgz 1926ms (cache miss)
2016 http fetch GET 200 https://registry.npmjs.org/callguard/-/callguard-2.0.0.tgz 1875ms (cache miss)
2017 http fetch GET 200 https://registry.npmjs.org/typedarray/-/typedarray-0.0.6.tgz 1874ms (cache miss)
2018 http fetch GET 200 https://registry.npmjs.org/concat-stream/-/concat-stream-1.6.2.tgz 1871ms (cache miss)
2019 http fetch GET 200 https://registry.npmjs.org/simple-swizzle/-/simple-swizzle-0.2.4.tgz 1870ms (cache miss)
2020 http fetch GET 200 https://registry.npmjs.org/color-string/-/color-string-1.9.1.tgz 1867ms (cache miss)
2021 http fetch GET 200 https://registry.npmjs.org/color-convert/-/color-convert-1.9.3.tgz 1869ms (cache miss)
2022 http fetch GET 200 https://registry.npmjs.org/color-name/-/color-name-1.1.3.tgz 1889ms (cache miss)
2023 http fetch GET 200 https://registry.npmjs.org/rgbcolor/-/rgbcolor-1.0.1.tgz 1886ms (cache miss)
2024 http fetch GET 200 https://registry.npmjs.org/raf/-/raf-3.4.1.tgz 1885ms (cache miss)
2025 http fetch GET 200 https://registry.npmjs.org/@types/raf/-/raf-3.4.3.tgz 1885ms (cache miss)
2026 http fetch GET 200 https://registry.npmjs.org/@types/through/-/through-0.0.33.tgz 1883ms (cache miss)
2027 http fetch GET 200 https://registry.npmjs.org/gcp-metadata/-/gcp-metadata-4.3.1.tgz 1924ms (cache miss)
2028 http fetch GET 200 https://registry.npmjs.org/@jimp/plugin-normalize/-/plugin-normalize-0.22.12.tgz 1975ms (cache miss)
2029 http fetch GET 200 https://registry.npmjs.org/@jimp/custom/-/custom-0.22.12.tgz 1954ms (cache miss)
2030 http fetch GET 200 https://registry.npmjs.org/@maxim_mazurok/gapi.client.discovery-v1/-/gapi.client.discovery-v1-0.6.20200806.tgz 1907ms (cache miss)
2031 http fetch GET 200 https://registry.npmjs.org/extract-zip/-/extract-zip-1.7.0.tgz 1898ms (cache miss)
2032 http fetch GET 200 https://registry.npmjs.org/@types/node-fetch/-/node-fetch-2.6.13.tgz 1897ms (cache miss)
2033 http fetch GET 200 https://registry.npmjs.org/google-p12-pem/-/google-p12-pem-3.1.4.tgz 1957ms (cache miss)
2034 http fetch GET 200 https://registry.npmjs.org/yauzl/-/yauzl-2.10.0.tgz 1934ms (cache miss)
2035 http fetch GET 200 https://registry.npmjs.org/color/-/color-3.2.1.tgz 1916ms (cache miss)
2036 http fetch GET 200 https://registry.npmjs.org/@resvg/resvg-js/-/resvg-js-2.6.2.tgz 1919ms (cache miss)
2037 http fetch GET 200 https://registry.npmjs.org/colors/-/colors-1.4.0.tgz 1933ms (cache miss)
2038 http fetch GET 200 https://registry.npmjs.org/url-parse/-/url-parse-1.5.10.tgz 2065ms (cache miss)
2039 warn deprecated google-p12-pem@3.1.4: Package is no longer maintained
2040 http fetch GET 200 https://registry.npmjs.org/@types/color-name/-/color-name-2.0.0.tgz 1957ms (cache miss)
2041 http fetch GET 200 https://registry.npmjs.org/@types/color-convert/-/color-convert-1.9.0.tgz 1958ms (cache miss)
2042 http fetch GET 200 https://registry.npmjs.org/@types/mime-types/-/mime-types-2.1.4.tgz 1940ms (cache miss)
2043 http fetch GET 200 https://registry.npmjs.org/@types/gapi.client.discovery-v1/-/gapi.client.discovery-v1-0.0.4.tgz 1962ms (cache miss)
2044 http fetch GET 200 https://registry.npmjs.org/@types/semver/-/semver-7.8.0.tgz 1943ms (cache miss)
2045 http fetch GET 200 https://registry.npmjs.org/@types/minimist/-/minimist-1.2.5.tgz 1943ms (cache miss)
2046 http fetch GET 200 https://registry.npmjs.org/@types/inquirer/-/inquirer-8.2.13.tgz 1941ms (cache miss)
2047 http fetch GET 200 https://registry.npmjs.org/@jimp/plugin-circle/-/plugin-circle-0.22.12.tgz 2031ms (cache miss)
2048 http fetch GET 200 https://registry.npmjs.org/@types/gapi.client/-/gapi.client-1.0.8.tgz 1970ms (cache miss)
2049 http fetch GET 200 https://registry.npmjs.org/@types/gapi.client.androidpublisher/-/gapi.client.androidpublisher-3.0.2.tgz 1960ms (cache miss)
2050 warn deprecated @types/gapi.client.androidpublisher@3.0.2: use @types/gapi.client.androidpublisher-v3 instead; see https://github.com/Maxim-Mazurok/google-api-typings-generator/issues/652 for details
2051 http fetch GET 200 https://registry.npmjs.org/https-proxy-agent/-/https-proxy-agent-5.0.1.tgz 2015ms (cache miss)
2052 http fetch GET 200 https://registry.npmjs.org/run-async/-/run-async-3.0.0.tgz 1957ms (cache miss)
2053 http fetch GET 200 https://registry.npmjs.org/@types/inquirer/-/inquirer-9.0.10.tgz 1954ms (cache miss)
2054 http fetch GET 200 https://registry.npmjs.org/mute-stream/-/mute-stream-1.0.0.tgz 1957ms (cache miss)
2055 http fetch GET 200 https://registry.npmjs.org/@jimp/gif/-/gif-0.22.12.tgz 2069ms (cache miss)
2056 http fetch GET 200 https://registry.npmjs.org/@types/cli-progress/-/cli-progress-3.11.6.tgz 1972ms (cache miss)
2057 http fetch GET 200 https://registry.npmjs.org/@types/extract-zip/-/extract-zip-1.6.2.tgz 1982ms (cache miss)
2058 http fetch GET 200 https://registry.npmjs.org/timm/-/timm-1.7.1.tgz 2075ms (cache miss)
2059 http fetch GET 200 https://registry.npmjs.org/@jimp/plugin-blur/-/plugin-blur-0.22.12.tgz 2060ms (cache miss)
2060 http fetch GET 200 https://registry.npmjs.org/already/-/already-1.13.2.tgz 2019ms (cache miss)
2061 http fetch GET 200 https://registry.npmjs.org/utif2/-/utif2-4.1.0.tgz 2101ms (cache miss)
2062 http fetch GET 200 https://registry.npmjs.org/@types/valid-url/-/valid-url-1.0.7.tgz 2002ms (cache miss)
2063 http fetch GET 200 https://registry.npmjs.org/performance-now/-/performance-now-2.1.0.tgz 2125ms (cache miss)
2064 http fetch GET 200 https://registry.npmjs.org/jpeg-js/-/jpeg-js-0.4.4.tgz 2108ms (cache miss)
2065 http fetch GET 200 https://registry.npmjs.org/xml2js/-/xml2js-0.5.0.tgz 2137ms (cache miss)
2066 http fetch GET 200 https://registry.npmjs.org/@types/color/-/color-3.0.7.tgz 2025ms (cache miss)
2067 http fetch GET 200 https://registry.npmjs.org/tough-cookie/-/tough-cookie-4.1.4.tgz 2075ms (cache miss)
2068 http fetch GET 200 https://registry.npmjs.org/@bubblewrap/validator/-/validator-1.25.0.tgz 2037ms (cache miss)
2069 http fetch GET 200 https://registry.npmjs.org/agent-base/-/agent-base-6.0.2.tgz 2106ms (cache miss)
2070 http fetch GET 200 https://registry.npmjs.org/stackblur-canvas/-/stackblur-canvas-2.7.0.tgz 2075ms (cache miss)
2071 http fetch GET 200 https://registry.npmjs.org/undici-types/-/undici-types-5.26.5.tgz 2094ms (cache miss)
2072 http fetch GET 200 https://registry.npmjs.org/@jimp/png/-/png-0.22.12.tgz 2175ms (cache miss)
2073 http fetch GET 200 https://registry.npmjs.org/tinycolor2/-/tinycolor2-1.6.0.tgz 2179ms (cache miss)
2074 http fetch GET 200 https://registry.npmjs.org/@maxim_mazurok/gapi.client.androidpublisher-v3/-/gapi.client.androidpublisher-v3-0.5.20260902.tgz 2129ms (cache miss)
2075 http fetch GET 200 https://registry.npmjs.org/min-document/-/min-document-2.19.2.tgz 2255ms (cache miss)
2076 http fetch GET 200 https://registry.npmjs.org/@jimp/bmp/-/bmp-0.22.12.tgz 2230ms (cache miss)
2077 http fetch GET 200 https://registry.npmjs.org/strtok3/-/strtok3-6.3.0.tgz 2243ms (cache miss)
2078 http fetch GET 200 https://registry.npmjs.org/cli-progress/-/cli-progress-3.12.0.tgz 2178ms (cache miss)
2079 http fetch GET 200 https://registry.npmjs.org/gaxios/-/gaxios-4.3.3.tgz 2265ms (cache miss)
2080 http fetch GET 200 https://registry.npmjs.org/qs/-/qs-6.16.0.tgz 2280ms (cache miss)
2081 http fetch GET 200 https://registry.npmjs.org/@jimp/jpeg/-/jpeg-0.22.12.tgz 2353ms (cache miss)
2082 http fetch GET 200 https://registry.npmjs.org/svg-pathdata/-/svg-pathdata-6.0.3.tgz 2331ms (cache miss)
2083 http fetch GET 200 https://registry.npmjs.org/@jimp/plugin-resize/-/plugin-resize-0.22.12.tgz 2395ms (cache miss)
2084 http fetch GET 200 https://registry.npmjs.org/@jimp/plugin-threshold/-/plugin-threshold-0.22.12.tgz 2477ms (cache miss)
2085 http fetch GET 200 https://registry.npmjs.org/psl/-/psl-1.15.0.tgz 2517ms (cache miss)
2086 http fetch GET 200 https://registry.npmjs.org/@jimp/plugin-color/-/plugin-color-0.22.12.tgz 2477ms (cache miss)
2087 http fetch GET 200 https://registry.npmjs.org/googleapis-common/-/googleapis-common-5.1.0.tgz 2460ms (cache miss)
2088 http fetch GET 200 https://registry.npmjs.org/exif-parser/-/exif-parser-0.1.12.tgz 2504ms (cache miss)
2089 http fetch GET 200 https://registry.npmjs.org/@jimp/plugin-blit/-/plugin-blit-0.22.12.tgz 2522ms (cache miss)
2090 http fetch GET 200 https://registry.npmjs.org/inquirer/-/inquirer-8.2.7.tgz 2470ms (cache miss)
2091 http fetch GET 200 https://registry.npmjs.org/pngjs/-/pngjs-6.0.0.tgz 2608ms (cache miss)
2092 http fetch GET 200 https://registry.npmjs.org/type-fest/-/type-fest-0.21.3.tgz 2574ms (cache miss)
2093 http fetch GET 200 https://registry.npmjs.org/xmlbuilder/-/xmlbuilder-11.0.1.tgz 2650ms (cache miss)
2094 http fetch GET 200 https://registry.npmjs.org/pngjs/-/pngjs-3.4.0.tgz 2588ms (cache miss)
2095 http fetch GET 200 https://registry.npmjs.org/inquirer/-/inquirer-9.3.8.tgz 2535ms (cache miss)
2096 http fetch GET 200 https://registry.npmjs.org/bmp-js/-/bmp-js-0.1.0.tgz 2674ms (cache miss)
2097 http fetch GET 200 https://registry.npmjs.org/pixelmatch/-/pixelmatch-4.0.2.tgz 2674ms (cache miss)
2098 http fetch GET 200 https://registry.npmjs.org/pako/-/pako-1.0.11.tgz 2766ms (cache miss)
2099 http fetch GET 200 https://registry.npmjs.org/@jimp/tiff/-/tiff-0.22.12.tgz 2759ms (cache miss)
2100 http fetch GET 200 https://registry.npmjs.org/@types/node/-/node-16.9.1.tgz 2811ms (cache miss)
2101 http fetch GET 200 https://registry.npmjs.org/@jimp/core/-/core-0.22.12.tgz 2782ms (cache miss)
2102 http fetch GET 200 https://registry.npmjs.org/fetch-h2/-/fetch-h2-2.5.1.tgz 2769ms (cache miss)
2103 http fetch GET 200 https://registry.npmjs.org/@types/node/-/node-18.19.130.tgz 2809ms (cache miss)
2104 http fetch GET 200 https://registry.npmjs.org/@bubblewrap/cli/-/cli-1.25.0.tgz 2975ms (cache miss)
2105 http fetch GET 200 https://registry.npmjs.org/uuid/-/uuid-8.3.2.tgz 2885ms (cache miss)
2106 warn deprecated uuid@8.3.2: uuid@10 and below is no longer supported.  For ESM codebases, update to uuid@latest.  For CommonJS codebases, use uuid@11 (but be aware this version will likely be deprecated in 2028).
2107 http fetch GET 200 https://registry.npmjs.org/node-forge/-/node-forge-1.4.0.tgz 2932ms (cache miss)
2108 http fetch GET 200 https://registry.npmjs.org/@resvg/resvg-js-linux-x64-gnu/-/resvg-js-linux-x64-gnu-2.6.2.tgz 2923ms (cache miss)
2109 http fetch GET 200 https://registry.npmjs.org/google-auth-library/-/google-auth-library-7.14.1.tgz 3044ms (cache miss)
2110 http fetch GET 200 https://registry.npmjs.org/@jimp/plugin-print/-/plugin-print-0.22.12.tgz 3102ms (cache miss)
2111 http fetch GET 200 https://registry.npmjs.org/jimp/-/jimp-0.22.12.tgz 3260ms (cache miss)
2112 http fetch GET 200 https://registry.npmjs.org/@bubblewrap/core/-/core-1.25.0.tgz 3332ms (cache miss)
2113 http fetch GET 200 https://registry.npmjs.org/canvg/-/canvg-4.0.3.tgz 3480ms (cache miss)
2114 http fetch GET 200 https://registry.npmjs.org/gifwrap/-/gifwrap-0.10.1.tgz 3580ms (cache miss)
2115 http fetch GET 200 https://registry.npmjs.org/image-q/-/image-q-4.0.0.tgz 3675ms (cache miss)
2116 http fetch GET 200 https://registry.npmjs.org/@types/lodash/-/lodash-4.17.25.tgz 3698ms (cache miss)
2117 http fetch GET 200 https://registry.npmjs.org/googleapis/-/googleapis-81.0.0.tgz 5424ms (cache miss)
2118 http fetch GET 200 https://registry.npmjs.org/rxjs/-/rxjs-7.8.2.tgz 5639ms (cache miss)
2119 silly ADD node_modules/@bubblewrap/cli
2120 silly ADD node_modules/@bubblewrap/cli/node_modules/events
2121 silly ADD node_modules/@bubblewrap/cli/node_modules/yoctocolors-cjs
2122 silly ADD node_modules/@bubblewrap/cli/node_modules/@inquirer/figures
2123 silly ADD node_modules/@bubblewrap/cli/node_modules/pend
2124 silly ADD node_modules/@bubblewrap/cli/node_modules/fd-slicer
2125 silly ADD node_modules/@bubblewrap/cli/node_modules/buffer-crc32
2126 silly ADD node_modules/@bubblewrap/cli/node_modules/xmlbuilder
2127 silly ADD node_modules/@bubblewrap/cli/node_modules/sax
2128 silly ADD node_modules/@bubblewrap/cli/node_modules/dom-walk
2129 silly ADD node_modules/@bubblewrap/cli/node_modules/process
2130 silly ADD node_modules/@bubblewrap/cli/node_modules/min-document
2131 silly ADD node_modules/@bubblewrap/cli/node_modules/parse-headers
2132 silly ADD node_modules/@bubblewrap/cli/node_modules/is-function
2133 silly ADD node_modules/@bubblewrap/cli/node_modules/global
2134 silly ADD node_modules/@bubblewrap/cli/node_modules/webidl-conversions
2135 silly ADD node_modules/@bubblewrap/cli/node_modules/tr46
2136 silly ADD node_modules/@bubblewrap/cli/node_modules/clone
2137 silly ADD node_modules/@bubblewrap/cli/node_modules/defaults
2138 silly ADD node_modules/@bubblewrap/cli/node_modules/pako
2139 silly ADD node_modules/@bubblewrap/cli/node_modules/requires-port
2140 silly ADD node_modules/@bubblewrap/cli/node_modules/querystringify
2141 silly ADD node_modules/@bubblewrap/cli/node_modules/url-parse
2142 silly ADD node_modules/@bubblewrap/cli/node_modules/universalify
2143 silly ADD node_modules/@bubblewrap/cli/node_modules/punycode
2144 silly ADD node_modules/@bubblewrap/cli/node_modules/psl
2145 silly ADD node_modules/@bubblewrap/cli/node_modules/minizlib
2146 silly ADD node_modules/@bubblewrap/cli/node_modules/minipass
2147 silly ADD node_modules/@bubblewrap/cli/node_modules/chownr
2148 silly ADD node_modules/@bubblewrap/cli/node_modules/@isaacs/fs-minipass
2149 silly ADD node_modules/@bubblewrap/cli/node_modules/has-flag
2150 silly ADD node_modules/@bubblewrap/cli/node_modules/peek-readable
2151 silly ADD node_modules/@bubblewrap/cli/node_modules/@tokenizer/token
2152 silly ADD node_modules/@bubblewrap/cli/node_modules/ansi-regex
2153 silly ADD node_modules/@bubblewrap/cli/node_modules/is-fullwidth-code-point
2154 silly ADD node_modules/@bubblewrap/cli/node_modules/emoji-regex
2155 silly ADD node_modules/@bubblewrap/cli/node_modules/is-arrayish
2156 silly ADD node_modules/@bubblewrap/cli/node_modules/call-bound
2157 silly ADD node_modules/@bubblewrap/cli/node_modules/side-channel-weakmap
2158 silly ADD node_modules/@bubblewrap/cli/node_modules/side-channel-map
2159 silly ADD node_modules/@bubblewrap/cli/node_modules/side-channel-list
2160 silly ADD node_modules/@bubblewrap/cli/node_modules/object-inspect
2161 silly ADD node_modules/@bubblewrap/cli/node_modules/tslib
2162 silly ADD node_modules/@bubblewrap/cli/node_modules/mimic-fn
2163 silly ADD node_modules/@bubblewrap/cli/node_modules/signal-exit
2164 silly ADD node_modules/@bubblewrap/cli/node_modules/onetime
2165 silly ADD node_modules/@bubblewrap/cli/node_modules/util-deprecate
2166 silly ADD node_modules/@bubblewrap/cli/node_modules/string_decoder
2167 silly ADD node_modules/@bubblewrap/cli/node_modules/string_decoder/node_modules/safe-buffer
2168 silly ADD node_modules/@bubblewrap/cli/node_modules/process-nextick-args
2169 silly ADD node_modules/@bubblewrap/cli/node_modules/isarray
2170 silly ADD node_modules/@bubblewrap/cli/node_modules/core-util-is
2171 silly ADD node_modules/@bubblewrap/cli/node_modules/performance-now
2172 silly ADD node_modules/@bubblewrap/cli/node_modules/side-channel
2173 silly ADD node_modules/@bubblewrap/cli/node_modules/follow-redirects
2174 silly ADD node_modules/@bubblewrap/cli/node_modules/centra
2175 silly ADD node_modules/@bubblewrap/cli/node_modules/xml2js
2176 silly ADD node_modules/@bubblewrap/cli/node_modules/xml-parse-from-string
2177 silly ADD node_modules/@bubblewrap/cli/node_modules/wcwidth
2178 silly ADD node_modules/@bubblewrap/cli/node_modules/log-symbols
2179 silly ADD node_modules/@bubblewrap/cli/node_modules/is-unicode-supported
2180 silly ADD node_modules/@bubblewrap/cli/node_modules/is-interactive
2181 silly ADD node_modules/@bubblewrap/cli/node_modules/cli-spinners
2182 silly ADD node_modules/@bubblewrap/cli/node_modules/bl
2183 silly ADD node_modules/@bubblewrap/cli/node_modules/bl/node_modules/readable-stream
2184 silly ADD node_modules/@bubblewrap/cli/node_modules/whatwg-url
2185 silly ADD node_modules/@bubblewrap/cli/node_modules/mime-db
2186 silly ADD node_modules/@bubblewrap/cli/node_modules/yallist
2187 silly ADD node_modules/@bubblewrap/cli/node_modules/xtend
2188 silly ADD node_modules/@bubblewrap/cli/node_modules/xhr
2189 silly ADD node_modules/@bubblewrap/cli/node_modules/phin
2190 silly ADD node_modules/@bubblewrap/cli/node_modules/parse-bmfont-xml
2191 silly ADD node_modules/@bubblewrap/cli/node_modules/parse-bmfont-binary
2192 silly ADD node_modules/@bubblewrap/cli/node_modules/parse-bmfont-ascii
2193 silly ADD node_modules/@bubblewrap/cli/node_modules/mime
2194 silly ADD node_modules/@bubblewrap/cli/node_modules/buffer-equal
2195 silly ADD node_modules/@bubblewrap/cli/node_modules/buffer-equal-constant-time
2196 silly ADD node_modules/@bubblewrap/cli/node_modules/jwa
2197 silly ADD node_modules/@bubblewrap/cli/node_modules/bignumber.js
2198 silly ADD node_modules/@bubblewrap/cli/node_modules/whatwg-fetch
2199 silly ADD node_modules/@bubblewrap/cli/node_modules/image-q
2200 silly ADD node_modules/@bubblewrap/cli/node_modules/image-q/node_modules/@types/node
2201 silly ADD node_modules/@bubblewrap/cli/node_modules/token-types
2202 silly ADD node_modules/@bubblewrap/cli/node_modules/strtok3
2203 silly ADD node_modules/@bubblewrap/cli/node_modules/readable-web-to-node-stream
2204 silly ADD node_modules/@bubblewrap/cli/node_modules/readable-web-to-node-stream/node_modules/string_decoder
2205 silly ADD node_modules/@bubblewrap/cli/node_modules/readable-web-to-node-stream/node_modules/buffer
2206 silly ADD node_modules/@bubblewrap/cli/node_modules/readable-web-to-node-stream/node_modules/readable-stream
2207 silly ADD node_modules/@bubblewrap/cli/node_modules/ieee754
2208 silly ADD node_modules/@bubblewrap/cli/node_modules/utif2
2209 silly ADD node_modules/@bubblewrap/cli/node_modules/pngjs
2210 silly ADD node_modules/@bubblewrap/cli/node_modules/jpeg-js
2211 silly ADD node_modules/@bubblewrap/cli/node_modules/omggif
2212 silly ADD node_modules/@bubblewrap/cli/node_modules/gifwrap
2213 silly ADD node_modules/@bubblewrap/cli/node_modules/bmp-js
2214 silly ADD node_modules/@bubblewrap/cli/node_modules/@jimp/tiff
2215 silly ADD node_modules/@bubblewrap/cli/node_modules/@jimp/png
2216 silly ADD node_modules/@bubblewrap/cli/node_modules/@jimp/jpeg
2217 silly ADD node_modules/@bubblewrap/cli/node_modules/@jimp/gif
2218 silly ADD node_modules/@bubblewrap/cli/node_modules/@jimp/bmp
2219 silly ADD node_modules/@bubblewrap/cli/node_modules/load-bmfont
2220 silly ADD node_modules/@bubblewrap/cli/node_modules/timm
2221 silly ADD node_modules/@bubblewrap/cli/node_modules/@jimp/plugin-threshold
2222 silly ADD node_modules/@bubblewrap/cli/node_modules/@jimp/plugin-shadow
2223 silly ADD node_modules/@bubblewrap/cli/node_modules/@jimp/plugin-print
2224 silly ADD node_modules/@bubblewrap/cli/node_modules/@jimp/plugin-normalize
2225 silly ADD node_modules/@bubblewrap/cli/node_modules/@jimp/plugin-mask
2226 silly ADD node_modules/@bubblewrap/cli/node_modules/@jimp/plugin-invert
2227 silly ADD node_modules/@bubblewrap/cli/node_modules/@jimp/plugin-gaussian
2228 silly ADD node_modules/@bubblewrap/cli/node_modules/@jimp/plugin-rotate
2229 silly ADD node_modules/@bubblewrap/cli/node_modules/@jimp/plugin-flip
2230 silly ADD node_modules/@bubblewrap/cli/node_modules/@jimp/plugin-fisheye
2231 silly ADD node_modules/@bubblewrap/cli/node_modules/@jimp/plugin-dither
2232 silly ADD node_modules/@bubblewrap/cli/node_modules/@jimp/plugin-displace
2233 silly ADD node_modules/@bubblewrap/cli/node_modules/@jimp/plugin-crop
2234 silly ADD node_modules/@bubblewrap/cli/node_modules/@jimp/plugin-cover
2235 silly ADD node_modules/@bubblewrap/cli/node_modules/@jimp/plugin-resize
2236 silly ADD node_modules/@bubblewrap/cli/node_modules/@jimp/plugin-scale
2237 silly ADD node_modules/@bubblewrap/cli/node_modules/@jimp/plugin-contain
2238 silly ADD node_modules/@bubblewrap/cli/node_modules/@jimp/plugin-color
2239 silly ADD node_modules/@bubblewrap/cli/node_modules/@jimp/plugin-circle
2240 silly ADD node_modules/@bubblewrap/cli/node_modules/@jimp/plugin-blur
2241 silly ADD node_modules/@bubblewrap/cli/node_modules/@jimp/plugin-blit
2242 silly ADD node_modules/@bubblewrap/cli/node_modules/tinycolor2
2243 silly ADD node_modules/@bubblewrap/cli/node_modules/pixelmatch
2244 silly ADD node_modules/@bubblewrap/cli/node_modules/pixelmatch/node_modules/pngjs
2245 silly ADD node_modules/@bubblewrap/cli/node_modules/isomorphic-fetch
2246 silly ADD node_modules/@bubblewrap/cli/node_modules/file-type
2247 silly ADD node_modules/@bubblewrap/cli/node_modules/exif-parser
2248 silly ADD node_modules/@bubblewrap/cli/node_modules/buffer
2249 silly ADD node_modules/@bubblewrap/cli/node_modules/any-base
2250 silly ADD node_modules/@bubblewrap/cli/node_modules/@jimp/utils
2251 silly ADD node_modules/@bubblewrap/cli/node_modules/@jimp/core
2252 silly ADD node_modules/@bubblewrap/cli/node_modules/regenerator-runtime
2253 silly ADD node_modules/@bubblewrap/cli/node_modules/@jimp/types
2254 silly ADD node_modules/@bubblewrap/cli/node_modules/@jimp/plugins
2255 silly ADD node_modules/@bubblewrap/cli/node_modules/@jimp/custom
2256 silly ADD node_modules/@bubblewrap/cli/node_modules/safer-buffer
2257 silly ADD node_modules/@bubblewrap/cli/node_modules/escape-string-regexp
2258 silly ADD node_modules/@bubblewrap/cli/node_modules/restore-cursor
2259 silly ADD node_modules/@bubblewrap/cli/node_modules/supports-color
2260 silly ADD node_modules/@bubblewrap/cli/node_modules/ansi-styles
2261 silly ADD node_modules/@bubblewrap/cli/node_modules/ansi-styles/node_modules/color-name
2262 silly ADD node_modules/@bubblewrap/cli/node_modules/ansi-styles/node_modules/color-convert
2263 silly ADD node_modules/@bubblewrap/cli/node_modules/type-fest
2264 silly ADD node_modules/@bubblewrap/cli/node_modules/iconv-lite
2265 silly ADD node_modules/@bubblewrap/cli/node_modules/chardet
2266 silly ADD node_modules/@bubblewrap/cli/node_modules/wrap-ansi
2267 silly ADD node_modules/@bubblewrap/cli/node_modules/through
2268 silly ADD node_modules/@bubblewrap/cli/node_modules/strip-ansi
2269 silly ADD node_modules/@bubblewrap/cli/node_modules/run-async
2270 silly ADD node_modules/@bubblewrap/cli/node_modules/ora
2271 silly ADD node_modules/@bubblewrap/cli/node_modules/mute-stream
2272 silly ADD node_modules/@bubblewrap/cli/node_modules/figures
2273 silly ADD node_modules/@bubblewrap/cli/node_modules/cli-width
2274 silly ADD node_modules/@bubblewrap/cli/node_modules/cli-cursor
2275 silly ADD node_modules/@bubblewrap/cli/node_modules/chalk
2276 silly ADD node_modules/@bubblewrap/cli/node_modules/ansi-escapes
2277 silly ADD node_modules/@bubblewrap/cli/node_modules/@inquirer/external-editor
2278 silly ADD node_modules/@bubblewrap/cli/node_modules/agent-base
2279 silly ADD node_modules/@bubblewrap/cli/node_modules/agent-base/node_modules/ms
2280 silly ADD node_modules/@bubblewrap/cli/node_modules/agent-base/node_modules/debug
2281 silly ADD node_modules/@bubblewrap/cli/node_modules/node-forge
2282 silly ADD node_modules/@bubblewrap/cli/node_modules/google-p12-pem
2283 silly ADD node_modules/@bubblewrap/cli/node_modules/uuid
2284 silly ADD node_modules/@bubblewrap/cli/node_modules/url-template
2285 silly ADD node_modules/@bubblewrap/cli/node_modules/qs
2286 silly ADD node_modules/@bubblewrap/cli/node_modules/json-bigint
2287 silly ADD node_modules/@bubblewrap/cli/node_modules/event-target-shim
2288 silly ADD node_modules/@bubblewrap/cli/node_modules/is-stream
2289 silly ADD node_modules/@bubblewrap/cli/node_modules/https-proxy-agent
2290 silly ADD node_modules/@bubblewrap/cli/node_modules/https-proxy-agent/node_modules/ms
2291 silly ADD node_modules/@bubblewrap/cli/node_modules/https-proxy-agent/node_modules/debug
2292 silly ADD node_modules/@bubblewrap/cli/node_modules/extend
2293 silly ADD node_modules/@bubblewrap/cli/node_modules/abort-controller
2294 silly ADD node_modules/@bubblewrap/cli/node_modules/safe-buffer
2295 silly ADD node_modules/@bubblewrap/cli/node_modules/lru-cache
2296 silly ADD node_modules/@bubblewrap/cli/node_modules/jws
2297 silly ADD node_modules/@bubblewrap/cli/node_modules/gtoken
2298 silly ADD node_modules/@bubblewrap/cli/node_modules/gcp-metadata
2299 silly ADD node_modules/@bubblewrap/cli/node_modules/gaxios
2300 silly ADD node_modules/@bubblewrap/cli/node_modules/fast-text-encoding
2301 silly ADD node_modules/@bubblewrap/cli/node_modules/ecdsa-sig-formatter
2302 silly ADD node_modules/@bubblewrap/cli/node_modules/base64-js
2303 silly ADD node_modules/@bubblewrap/cli/node_modules/arrify
2304 silly ADD node_modules/@bubblewrap/cli/node_modules/googleapis-common
2305 silly ADD node_modules/@bubblewrap/cli/node_modules/google-auth-library
2306 silly ADD node_modules/@bubblewrap/cli/node_modules/dunder-proto
2307 silly ADD node_modules/@bubblewrap/cli/node_modules/math-intrinsics
2308 silly ADD node_modules/@bubblewrap/cli/node_modules/has-symbols
2309 silly ADD node_modules/@bubblewrap/cli/node_modules/gopd
2310 silly ADD node_modules/@bubblewrap/cli/node_modules/get-proto
2311 silly ADD node_modules/@bubblewrap/cli/node_modules/function-bind
2312 silly ADD node_modules/@bubblewrap/cli/node_modules/es-object-atoms
2313 silly ADD node_modules/@bubblewrap/cli/node_modules/es-define-property
2314 silly ADD node_modules/@bubblewrap/cli/node_modules/call-bind-apply-helpers
2315 silly ADD node_modules/@bubblewrap/cli/node_modules/has-tostringtag
2316 silly ADD node_modules/@bubblewrap/cli/node_modules/get-intrinsic
2317 silly ADD node_modules/@bubblewrap/cli/node_modules/es-errors
2318 silly ADD node_modules/@bubblewrap/cli/node_modules/delayed-stream
2319 silly ADD node_modules/@bubblewrap/cli/node_modules/hasown
2320 silly ADD node_modules/@bubblewrap/cli/node_modules/es-set-tostringtag
2321 silly ADD node_modules/@bubblewrap/cli/node_modules/combined-stream
2322 silly ADD node_modules/@bubblewrap/cli/node_modules/asynckit
2323 silly ADD node_modules/@bubblewrap/cli/node_modules/throat
2324 silly ADD node_modules/@bubblewrap/cli/node_modules/tough-cookie
2325 silly ADD node_modules/@bubblewrap/cli/node_modules/to-arraybuffer
2326 silly ADD node_modules/@bubblewrap/cli/node_modules/through2
2327 silly ADD node_modules/@bubblewrap/cli/node_modules/through2/node_modules/readable-stream
2328 silly ADD node_modules/@bubblewrap/cli/node_modules/get-stream
2329 silly ADD node_modules/@bubblewrap/cli/node_modules/callguard
2330 silly ADD node_modules/@bubblewrap/cli/node_modules/already
2331 silly ADD node_modules/@bubblewrap/cli/node_modules/@types/tough-cookie
2332 silly ADD node_modules/@bubblewrap/cli/node_modules/ms
2333 silly ADD node_modules/@bubblewrap/cli/node_modules/typedarray
2334 silly ADD node_modules/@bubblewrap/cli/node_modules/readable-stream
2335 silly ADD node_modules/@bubblewrap/cli/node_modules/readable-stream/node_modules/safe-buffer
2336 silly ADD node_modules/@bubblewrap/cli/node_modules/inherits
2337 silly ADD node_modules/@bubblewrap/cli/node_modules/buffer-from
2338 silly ADD node_modules/@bubblewrap/cli/node_modules/yauzl
2339 silly ADD node_modules/@bubblewrap/cli/node_modules/mkdirp
2340 silly ADD node_modules/@bubblewrap/cli/node_modules/debug
2341 silly ADD node_modules/@bubblewrap/cli/node_modules/concat-stream
2342 silly ADD node_modules/@bubblewrap/cli/node_modules/simple-swizzle
2343 silly ADD node_modules/@bubblewrap/cli/node_modules/color-name
2344 silly ADD node_modules/@bubblewrap/cli/node_modules/color-string
2345 silly ADD node_modules/@bubblewrap/cli/node_modules/color-convert
2346 silly ADD node_modules/@bubblewrap/cli/node_modules/string-width
2347 silly ADD node_modules/@bubblewrap/cli/node_modules/svg-pathdata
2348 silly ADD node_modules/@bubblewrap/cli/node_modules/stackblur-canvas
2349 silly ADD node_modules/@bubblewrap/cli/node_modules/rgbcolor
2350 silly ADD node_modules/@bubblewrap/cli/node_modules/raf
2351 silly ADD node_modules/@bubblewrap/cli/node_modules/@types/raf
2352 silly ADD node_modules/@bubblewrap/cli/node_modules/form-data
2353 silly ADD node_modules/@bubblewrap/cli/node_modules/undici-types
2354 silly ADD node_modules/@bubblewrap/cli/node_modules/rxjs
2355 silly ADD node_modules/@bubblewrap/cli/node_modules/@types/through
2356 silly ADD node_modules/@bubblewrap/cli/node_modules/@maxim_mazurok/gapi.client.discovery-v1
2357 silly ADD node_modules/@bubblewrap/cli/node_modules/@types/gapi.client.discovery-v1
2358 silly ADD node_modules/@bubblewrap/cli/node_modules/@types/gapi.client
2359 silly ADD node_modules/@bubblewrap/cli/node_modules/@maxim_mazurok/gapi.client.androidpublisher-v3
2360 silly ADD node_modules/@bubblewrap/cli/node_modules/@types/color-name
2361 silly ADD node_modules/@bubblewrap/cli/node_modules/@types/color-convert
2362 silly ADD node_modules/@bubblewrap/cli/node_modules/@resvg/resvg-js-linux-x64-gnu
2363 silly ADD node_modules/@bubblewrap/cli/node_modules/tar
2364 silly ADD node_modules/@bubblewrap/cli/node_modules/tar/node_modules/yallist
2365 silly ADD node_modules/@bubblewrap/cli/node_modules/node-fetch
2366 silly ADD node_modules/@bubblewrap/cli/node_modules/lodash
2367 silly ADD node_modules/@bubblewrap/cli/node_modules/jimp
2368 silly ADD node_modules/@bubblewrap/cli/node_modules/googleapis
2369 silly ADD node_modules/@bubblewrap/cli/node_modules/fetch-h2
2370 silly ADD node_modules/@bubblewrap/cli/node_modules/extract-zip
2371 silly ADD node_modules/@bubblewrap/cli/node_modules/canvg
2372 silly ADD node_modules/@bubblewrap/cli/node_modules/@types/node-fetch
2373 silly ADD node_modules/@bubblewrap/cli/node_modules/@types/node
2374 silly ADD node_modules/@bubblewrap/cli/node_modules/@types/lodash
2375 silly ADD node_modules/@bubblewrap/cli/node_modules/@types/gapi.client.androidpublisher
2376 silly ADD node_modules/@bubblewrap/cli/node_modules/@types/extract-zip
2377 silly ADD node_modules/@bubblewrap/cli/node_modules/@resvg/resvg-js
2378 silly ADD node_modules/@bubblewrap/cli/node_modules/valid-url
2379 silly ADD node_modules/@bubblewrap/cli/node_modules/semver
2380 silly ADD node_modules/@bubblewrap/cli/node_modules/minimist
2381 silly ADD node_modules/@bubblewrap/cli/node_modules/mime-types
2382 silly ADD node_modules/@bubblewrap/cli/node_modules/inquirer
2383 silly ADD node_modules/@bubblewrap/cli/node_modules/colors
2384 silly ADD node_modules/@bubblewrap/cli/node_modules/color
2385 silly ADD node_modules/@bubblewrap/cli/node_modules/cli-progress
2386 silly ADD node_modules/@bubblewrap/cli/node_modules/@types/valid-url
2387 silly ADD node_modules/@bubblewrap/cli/node_modules/@types/semver
2388 silly ADD node_modules/@bubblewrap/cli/node_modules/@types/minimist
2389 silly ADD node_modules/@bubblewrap/cli/node_modules/@types/mime-types
2390 silly ADD node_modules/@bubblewrap/cli/node_modules/@types/inquirer
2391 silly ADD node_modules/@bubblewrap/cli/node_modules/@types/color
2392 silly ADD node_modules/@bubblewrap/cli/node_modules/@types/cli-progress
2393 silly ADD node_modules/@bubblewrap/cli/node_modules/@bubblewrap/validator
2394 silly ADD node_modules/@bubblewrap/cli/node_modules/@bubblewrap/core
2395 silly ADD node_modules/@bubblewrap/cli/node_modules/@bubblewrap/core/node_modules/run-async
2396 silly ADD node_modules/@bubblewrap/cli/node_modules/@bubblewrap/core/node_modules/mute-stream
2397 silly ADD node_modules/@bubblewrap/cli/node_modules/@bubblewrap/core/node_modules/cli-width
2398 silly ADD node_modules/@bubblewrap/cli/node_modules/@bubblewrap/core/node_modules/inquirer
2399 silly ADD node_modules/@bubblewrap/cli/node_modules/@bubblewrap/core/node_modules/@types/inquirer
2400 verbose cwd /home/hikarukurosei
2401 verbose os Linux 6.6.143+
2402 verbose node v24.19.0
2403 verbose npm  v12.0.2
2404 verbose exit 0
2405 info ok
